project_id,project_name,sector,ministry,implementing_agency,contractor_name,state,original_cost_crore,revised_cost_crore,cost_overrun_pct,has_cost_overrun,start_date,planned_duration_months,actual_duration_months,planned_completion_date,expected_actual_completion_date,delay_months,is_delayed,physical_progress_pct,expenditure_pct,expenditure_crore,fund_utilization_pct,milestones_total,milestones_completed,delay_reasons,status,risk_score,risk_label
PRJ00001,Maharashtra Fertilizers Infra Development Phase-1,Fertilizers,Ministry of Chemicals & Fertilizers,NTPC,KNR Constructions,Maharashtra,2374.76,1883.85,0.0,False,2017-04-13,48,48,2021-03-23,2021-03-23,0,False,96.8,86.0,1620.77,68.2,8,8,None,On Track,2.6,Low
PRJ00002,Maharashtra Petroleum & Natural Gas Infra Development Phase-2,Petroleum & Natural Gas,Ministry of Petroleum & Natural Gas,Coal India Ltd,NCC Limited,Maharashtra,1631.15,3410.62,109.09,True,2018-07-26,72,82,2024-06-24,2025-04-20,10,True,85.7,23.5,802.33,49.2,4,3,Poor contractor mobilization,Delayed,91.5,High
PRJ00003,Maharashtra Railways Infra Development Phase-3,Railways,Ministry of Railways,NHAI,Larsen & Toubro Infra,Maharashtra,1534.56,3389.38,120.87,True,2018-01-19,24,30,2020-01-09,2020-07-07,6,True,74.6,19.9,673.42,43.9,6,4,Land acquisition delay,Delayed,100.0,High
PRJ00004,Maharashtra Postal Infrastructure Infra Development Phase-4,Postal Infrastructure,Ministry of Communications,ONGC,Larsen & Toubro Infra,Maharashtra,1534.58,4342.66,182.99,True,2021-09-15,60,111,2026-08-20,2030-10-28,51,True,41.0,10.2,442.13,28.8,6,2,Delay in tendering/equipment supply; Price escalation of raw materials,Delayed,100.0,High
PRJ00005,Maharashtra Roads & Highways Infra Development Phase-5,Roads & Highways,Ministry of Road Transport & Highways,GAIL,Larsen & Toubro Infra,Maharashtra,4109.98,2165.38,0.0,False,2021-09-28,60,87,2026-09-02,2028-11-20,27,True,51.0,11.9,257.07,6.3,8,4,Contractual issues; Change in project scope,Delayed,38.3,Medium
PRJ00006,Maharashtra Mining Infra Development Phase-6,Mining,Ministry of Mines,NTPC,Shapoorji Pallonji Infra,Maharashtra,2750.45,2590.84,0.0,False,2018-01-15,96,96,2025-12-04,2025-12-04,0,False,100.0,13.7,353.93,12.9,10,10,None,Completed,3.2,Low
PRJ00007,Maharashtra Inland Waterways Infra Development Phase-7,Inland Waterways,"Ministry of Ports, Shipping & Waterways",AAI,NCC Limited,Maharashtra,1313.84,1971.88,50.09,True,2020-11-09,84,128,2027-10-04,2031-05-16,44,True,36.4,17.9,352.43,26.8,12,4,Forest/environment clearance delay; Court cases/litigation,Delayed,78.8,High
PRJ00008,Maharashtra Urban Development Infra Development Phase-8,Urban Development,Ministry of Housing & Urban Affairs,NHPC,Larsen & Toubro Infra,Maharashtra,2435.81,1235.57,0.0,False,2018-05-27,96,115,2026-04-15,2027-11-06,19,True,68.2,60.9,751.85,30.9,10,7,Rehabilitation & resettlement issues,Delayed,22.1,Low
PRJ00009,Maharashtra Fertilizers Infra Development Phase-9,Fertilizers,Ministry of Chemicals & Fertilizers,Deendayal Port Trust,Larsen & Toubro Infra,Maharashtra,2054.03,6213.41,202.5,True,2021-01-21,48,91,2024-12-31,2028-07-13,43,True,48.8,4.7,294.84,14.4,12,6,Funding constraints,Delayed,100.0,High
PRJ00010,Maharashtra Railways Infra Development Phase-10,Railways,Ministry of Railways,IFFCO,Larsen & Toubro Infra,Maharashtra,402.36,4040.51,904.2,True,2019-07-23,48,84,2023-07-02,2026-06-16,36,True,87.9,21.2,856.15,100.0,8,7,Shortage of skilled manpower,Delayed,100.0,High
PRJ00011,Maharashtra Inland Waterways Infra Development Phase-11,Inland Waterways,"Ministry of Ports, Shipping & Waterways",SAIL,Shapoorji Pallonji Infra,Maharashtra,887.23,3350.64,277.65,True,2020-02-13,48,89,2024-01-23,2027-06-06,41,True,70.6,69.0,2313.47,100.0,10,7,Law and order problems; Monsoon/weather delays,Delayed,100.0,High
PRJ00012,Maharashtra Irrigation Infra Development Phase-12,Irrigation,Ministry of Jal Shakti,ONGC,Larsen & Toubro Infra,Maharashtra,2141.89,2121.78,0.0,False,2019-12-30,36,50,2022-12-14,2024-02-07,14,True,73.1,77.6,1647.18,76.9,4,3,Shortage of skilled manpower,Delayed,17.3,Low
PRJ00013,Maharashtra Power Infra Development Phase-13,Power,Ministry of Power,State Irrigation Dept,Gammon India,Maharashtra,3897.6,1165.16,0.0,False,2021-04-04,60,60,2026-03-09,2026-03-09,0,False,100.0,64.1,747.34,19.2,8,8,None,Completed,5.2,Low
PRJ00014,Maharashtra Fertilizers Infra Development Phase-14,Fertilizers,Ministry of Chemicals & Fertilizers,ABC Infrastructure Ltd.,PNC Infratech,Maharashtra,1542.84,3685.26,138.86,True,2019-06-19,60,83,2024-05-23,2026-04-13,23,True,78.1,85.2,3141.38,100.0,8,6,Shortage of skilled manpower,Delayed,100.0,High
PRJ00015,Maharashtra Railways Infra Development Phase-15,Railways,Ministry of Railways,IRCTC,Tata Projects,Maharashtra,1248.31,1950.98,56.29,True,2021-07-02,24,47,2023-06-22,2025-05-12,23,True,83.8,47.0,917.75,73.5,8,7,Geological surprises,Delayed,63.9,High
PRJ00016,Maharashtra Healthcare Infrastructure Infra Development Phase-16,Healthcare Infrastructure,Ministry of Health & Family Welfare,ABC Infrastructure Ltd.,Afcons Infrastructure,Maharashtra,1900.93,2725.19,43.36,True,2020-07-12,24,69,2022-07-02,2026-03-13,45,True,81.0,36.6,997.04,52.5,6,5,Price escalation of raw materials; COVID-19 related disruption,Delayed,70.4,High
PRJ00017,Maharashtra Fertilizers Infra Development Phase-17,Fertilizers,Ministry of Chemicals & Fertilizers,State Irrigation Dept,IRB Infrastructure,Maharashtra,1200.55,1481.45,23.4,True,2018-08-09,60,75,2023-07-14,2024-10-06,15,True,74.0,54.6,809.28,67.4,8,6,Shortage of skilled manpower,Delayed,32.0,Medium
PRJ00018,Maharashtra Postal Infrastructure Infra Development Phase-18,Postal Infrastructure,Ministry of Communications,NHPC,J Kumar Infraprojects,Maharashtra,1478.47,2474.76,67.39,True,2019-12-13,48,59,2023-11-22,2024-10-17,11,True,91.8,35.1,867.62,58.7,12,11,Price escalation of raw materials; Law and order problems,Delayed,60.0,High
PRJ00019,Maharashtra Petroleum & Natural Gas Infra Development Phase-19,Petroleum & Natural Gas,Ministry of Petroleum & Natural Gas,PowerGrid,Afcons Infrastructure,Maharashtra,1762.79,1540.43,0.0,False,2022-09-19,24,33,2024-09-08,2025-06-05,9,True,88.0,40.4,622.13,35.3,10,9,Forest/environment clearance delay,Delayed,11.6,Low
PRJ00020,Maharashtra Inland Waterways Infra Development Phase-20,Inland Waterways,"Ministry of Ports, Shipping & Waterways",PowerGrid,Larsen & Toubro Infra,Maharashtra,856.84,1578.52,84.23,True,2018-10-18,60,92,2023-09-22,2026-05-09,32,True,79.4,47.8,754.1,88.0,10,8,Price escalation of raw materials,Delayed,86.9,High
PRJ00021,Maharashtra Water Resources Infra Development Phase-21,Water Resources,Ministry of Jal Shakti,Deendayal Port Trust,Larsen & Toubro Infra,Maharashtra,2831.48,2456.16,0.0,False,2022-04-02,72,96,2028-03-01,2030-02-19,24,True,44.7,80.5,1976.5,69.8,12,5,Land acquisition delay; Utility shifting delay,Delayed,26.8,Medium
PRJ00022,Maharashtra Inland Waterways Infra Development Phase-22,Inland Waterways,"Ministry of Ports, Shipping & Waterways",IFFCO,Shapoorji Pallonji Infra,Maharashtra,752.25,747.2,0.0,False,2019-12-29,48,48,2023-12-08,2023-12-08,0,False,86.0,100.0,1747.15,100.0,8,7,None,On Track,6.6,Low
PRJ00023,Maharashtra Inland Waterways Infra Development Phase-23,Inland Waterways,"Ministry of Ports, Shipping & Waterways",RITES,Simplex Infrastructures,Maharashtra,688.29,773.9,12.44,True,2021-11-16,60,99,2026-10-21,2030-01-03,39,True,38.0,21.9,169.86,24.7,6,2,Land acquisition delay; Court cases/litigation,Delayed,56.4,High
PRJ00024,Maharashtra Coal Infra Development Phase-24,Coal,Ministry of Coal,HUDCO,GR Infraprojects,Maharashtra,2000.44,1328.43,0.0,False,2019-01-02,72,72,2024-12-01,2024-12-01,0,False,100.0,24.1,320.46,16.0,12,12,None,Completed,0.0,Low
PRJ00025,Maharashtra Inland Waterways Infra Development Phase-25,Inland Waterways,"Ministry of Ports, Shipping & Waterways",NMDC,Shapoorji Pallonji Infra,Maharashtra,2708.48,1870.34,0.0,False,2020-05-07,48,48,2024-04-16,2024-04-16,0,False,96.6,28.2,527.0,19.5,12,12,None,On Track,2.6,Low
PRJ00026,Maharashtra Education Infrastructure Infra Development Phase-26,Education Infrastructure,Ministry of Education,ONGC,NCC Limited,Maharashtra,1970.57,3468.57,76.02,True,2018-09-19,48,81,2022-08-29,2025-05-15,33,True,74.5,43.1,1495.54,75.9,8,6,Land acquisition delay,Delayed,84.8,High
PRJ00027,Maharashtra Education Infrastructure Infra Development Phase-27,Education Infrastructure,Ministry of Education,IRCTC,Larsen & Toubro Infra,Maharashtra,1654.51,1935.15,16.96,True,2022-06-25,96,136,2030-05-14,2033-08-26,40,True,30.8,91.4,1768.97,100.0,4,1,Court cases/litigation,Delayed,48.2,Medium
PRJ00028,Maharashtra Steel Infra Development Phase-28,Steel,Ministry of Steel,Coal India Ltd,Simplex Infrastructures,Maharashtra,1469.43,2113.63,43.84,True,2017-08-26,48,90,2021-08-05,2025-01-16,42,True,79.0,63.3,1336.94,91.0,6,5,Funding constraints,Delayed,65.0,High
PRJ00029,Maharashtra Housing Infra Development Phase-29,Housing,Ministry of Housing & Urban Affairs,RVNL,GR Infraprojects,Maharashtra,1321.72,1781.71,34.8,True,2022-12-22,36,64,2025-12-06,2028-03-25,28,True,58.7,22.6,403.41,30.5,6,4,Monsoon/weather delays,Delayed,56.3,High
PRJ00030,Maharashtra Postal Infrastructure Infra Development Phase-30,Postal Infrastructure,Ministry of Communications,GAIL,Shapoorji Pallonji Infra,Maharashtra,3194.22,2588.69,0.0,False,2019-12-22,72,120,2025-11-20,2029-10-30,48,True,48.3,24.3,630.27,19.7,12,6,Geological surprises; COVID-19 related disruption,Delayed,43.8,Medium
PRJ00031,Maharashtra Postal Infrastructure Infra Development Phase-31,Postal Infrastructure,Ministry of Communications,ABC Infrastructure Ltd.,Larsen & Toubro Infra,Maharashtra,2154.04,1227.4,0.0,False,2019-04-04,84,84,2026-02-26,2026-02-26,0,False,93.3,96.0,1177.93,54.7,8,7,None,On Track,10.0,Low
PRJ00032,Maharashtra Water Resources Infra Development Phase-32,Water Resources,Ministry of Jal Shakti,IFFCO,Larsen & Toubro Infra,Maharashtra,1390.38,1998.53,43.74,True,2021-03-10,48,59,2025-02-17,2026-01-13,11,True,85.4,38.1,761.26,54.8,10,9,Change in project scope; Monsoon/weather delays,Delayed,40.9,Medium
PRJ00033,Maharashtra Petroleum & Natural Gas Infra Development Phase-33,Petroleum & Natural Gas,Ministry of Petroleum & Natural Gas,RVNL,Dilip Buildcon Ltd,Maharashtra,1137.76,2707.96,138.01,True,2020-10-16,36,59,2023-10-01,2025-08-21,23,True,79.5,25.7,697.21,61.3,4,3,Shortage of skilled manpower,Delayed,100.0,High
PRJ00034,Maharashtra Roads & Highways Infra Development Phase-34,Roads & Highways,Ministry of Road Transport & Highways,RVNL,GMR Infrastructure,Maharashtra,2529.81,2444.76,0.0,False,2017-08-30,72,72,2023-07-30,2023-07-30,0,False,96.2,28.8,703.64,27.8,6,6,None,On Track,7.2,Low
PRJ00035,Maharashtra Ports & Shipping Infra Development Phase-35,Ports & Shipping,"Ministry of Ports, Shipping & Waterways",IRCON,Simplex Infrastructures,Maharashtra,3152.37,2154.3,0.0,False,2020-09-15,60,60,2025-08-20,2025-08-20,0,False,85.9,77.7,1674.19,53.1,4,3,None,On Track,2.4,Low
PRJ00036,Maharashtra Telecommunications Infra Development Phase-36,Telecommunications,Ministry of Communications,Coal India Ltd,Larsen & Toubro Infra,Maharashtra,2996.0,2170.02,0.0,False,2020-02-15,24,41,2022-02-04,2023-06-29,17,True,87.2,57.5,1247.27,41.6,10,9,Contractual issues,Delayed,19.1,Low
PRJ00037,Maharashtra Healthcare Infrastructure Infra Development Phase-37,Healthcare Infrastructure,Ministry of Health & Family Welfare,IWAI,Shapoorji Pallonji Infra,Maharashtra,1011.53,2858.22,182.56,True,2022-04-21,48,94,2026-03-31,2030-01-09,46,True,36.0,25.5,727.83,72.0,6,2,Poor contractor mobilization; Change in project scope,Delayed,100.0,High
PRJ00038,Maharashtra Inland Waterways Infra Development Phase-38,Inland Waterways,"Ministry of Ports, Shipping & Waterways",NTPC,GMR Infrastructure,Maharashtra,1461.67,6376.92,336.28,True,2021-11-01,48,89,2025-10-11,2029-02-22,41,True,44.4,16.8,1074.08,73.5,8,4,Poor contractor mobilization; Shortage of skilled manpower,Delayed,100.0,High
PRJ00039,Maharashtra Railways Infra Development Phase-39,Railways,Ministry of Railways,IFFCO,Larsen & Toubro Infra,Maharashtra,1305.23,1282.36,0.0,False,2018-02-08,48,48,2022-01-18,2022-01-18,0,False,90.0,28.5,365.48,28.0,4,4,None,On Track,4.4,Low
PRJ00040,Maharashtra Water Resources Infra Development Phase-40,Water Resources,Ministry of Jal Shakti,IRCTC,Afcons Infrastructure,Maharashtra,1582.92,6476.78,309.17,True,2018-03-24,72,97,2024-02-21,2026-03-12,25,True,76.4,9.7,631.04,39.9,6,5,Geological surprises,Delayed,100.0,High
PRJ00041,Maharashtra Postal Infrastructure Infra Development Phase-41,Postal Infrastructure,Ministry of Communications,State Irrigation Dept,KNR Constructions,Maharashtra,2816.63,1244.6,0.0,False,2018-07-29,96,96,2026-06-17,2026-06-17,0,False,83.2,100.0,1584.39,56.3,10,8,None,On Track,7.2,Low
PRJ00042,Maharashtra Power Infra Development Phase-42,Power,Ministry of Power,NBCC,Simplex Infrastructures,Maharashtra,3700.03,388.57,0.0,False,2022-03-10,72,100,2028-02-07,2030-05-27,28,True,43.1,72.3,281.13,7.6,6,3,COVID-19 related disruption,Delayed,31.6,Medium
PRJ00043,Maharashtra Postal Infrastructure Infra Development Phase-43,Postal Infrastructure,Ministry of Communications,NTPC,KNR Constructions,Maharashtra,2200.84,1520.72,0.0,False,2017-07-27,36,36,2020-07-11,2020-07-11,0,False,94.8,82.6,1256.09,57.1,12,11,None,On Track,1.1,Low
PRJ00044,Maharashtra Roads & Highways Infra Development Phase-44,Roads & Highways,Ministry of Road Transport & Highways,RVNL,KNR Constructions,Maharashtra,1163.66,2617.1,124.9,True,2019-08-27,96,105,2027-07-16,2028-04-11,9,True,59.6,6.4,168.32,14.5,6,4,Monsoon/weather delays; Shortage of skilled manpower,Delayed,100.0,High
PRJ00045,Maharashtra Renewable Energy Infra Development Phase-45,Renewable Energy,Ministry of New & Renewable Energy,SAIL,Simplex Infrastructures,Maharashtra,1738.73,5654.59,225.21,True,2017-08-29,96,112,2025-07-18,2026-11-10,16,True,83.6,38.2,2160.14,100.0,6,5,Land acquisition delay; Geological surprises,Delayed,100.0,High
PRJ00046,Maharashtra Coal Infra Development Phase-46,Coal,Ministry of Coal,State Irrigation Dept,Simplex Infrastructures,Maharashtra,4082.31,1164.15,0.0,False,2020-03-14,48,48,2024-02-22,2024-02-22,0,False,100.0,53.4,621.49,15.2,10,10,None,Completed,5.6,Low
PRJ00047,Maharashtra Postal Infrastructure Infra Development Phase-47,Postal Infrastructure,Ministry of Communications,IFFCO,HCC (Hindustan Construction),Maharashtra,1873.88,2848.57,52.01,True,2022-06-17,72,116,2028-05-16,2031-12-27,44,True,31.0,39.3,1119.74,59.8,6,2,Rehabilitation & resettlement issues,Delayed,80.5,High
PRJ00048,Maharashtra Renewable Energy Infra Development Phase-48,Renewable Energy,Ministry of New & Renewable Energy,IRCON,Shapoorji Pallonji Infra,Maharashtra,1471.44,833.37,0.0,False,2017-09-07,60,60,2022-08-12,2022-08-12,0,False,100.0,100.0,948.63,64.5,8,8,None,Completed,4.6,Low
PRJ00049,Maharashtra Railways Infra Development Phase-49,Railways,Ministry of Railways,IRCON,GR Infraprojects,Maharashtra,1548.9,5543.37,257.89,True,2022-05-07,60,82,2027-04-11,2029-01-30,22,True,46.2,17.5,969.26,62.6,12,6,Forest/environment clearance delay,Delayed,100.0,High
PRJ00050,Maharashtra Telecommunications Infra Development Phase-50,Telecommunications,Ministry of Communications,RVNL,Shapoorji Pallonji Infra,Maharashtra,2195.16,4083.34,86.02,True,2019-02-01,36,65,2022-01-16,2024-06-04,29,True,84.7,26.0,1062.82,48.4,4,3,Shortage of skilled manpower,Delayed,87.4,High
PRJ00051,Maharashtra Water Resources Infra Development Phase-51,Water Resources,Ministry of Jal Shakti,NTPC,Larsen & Toubro Infra,Maharashtra,1034.67,1580.51,52.75,True,2019-10-06,60,65,2024-09-09,2025-02-06,5,True,81.6,15.4,244.14,23.6,12,10,Funding constraints,Delayed,49.9,Medium
PRJ00052,Maharashtra Water Supply & Sanitation Infra Development Phase-52,Water Supply & Sanitation,Ministry of Jal Shakti,IFFCO,GMR Infrastructure,Maharashtra,1285.33,4445.07,245.83,True,2022-11-12,48,80,2026-10-22,2029-06-08,32,True,40.4,22.1,981.15,76.3,8,3,Geological surprises; Utility shifting delay,Delayed,100.0,High
PRJ00053,Maharashtra Mining Infra Development Phase-53,Mining,Ministry of Mines,Coal India Ltd,Shapoorji Pallonji Infra,Maharashtra,2971.59,1991.3,0.0,False,2019-12-24,48,48,2023-12-03,2023-12-03,0,False,98.3,39.6,789.22,26.6,10,10,None,Completed,7.8,Low
PRJ00054,Maharashtra Civil Aviation Infra Development Phase-54,Civil Aviation,Ministry of Civil Aviation,IFFCO,HCC (Hindustan Construction),Maharashtra,2159.82,4202.13,94.56,True,2020-05-13,60,106,2025-04-17,2029-01-26,46,True,47.6,14.8,623.7,28.9,10,5,Funding constraints; Land acquisition delay,Delayed,100.0,High
PRJ00055,Maharashtra Urban Development Infra Development Phase-55,Urban Development,Ministry of Housing & Urban Affairs,Deendayal Port Trust,Larsen & Toubro Infra,Maharashtra,1885.21,2144.64,13.76,True,2018-02-14,24,74,2020-02-04,2024-03-14,50,True,71.8,24.6,526.81,27.9,4,3,Delay in tendering/equipment supply,Delayed,54.9,High
PRJ00056,Maharashtra Civil Aviation Infra Development Phase-56,Civil Aviation,Ministry of Civil Aviation,AAI,Shapoorji Pallonji Infra,Maharashtra,3053.97,2199.86,0.0,False,2017-10-09,36,36,2020-09-23,2020-09-23,0,False,89.9,45.3,995.72,32.6,6,5,None,On Track,7.0,Low
PRJ00057,Maharashtra Irrigation Infra Development Phase-57,Irrigation,Ministry of Jal Shakti,RITES,Larsen & Toubro Infra,Maharashtra,1117.56,1601.05,43.26,True,2018-10-09,60,109,2023-09-13,2027-09-22,49,True,64.9,28.3,453.74,40.6,10,6,Land acquisition delay; Utility shifting delay,Delayed,76.5,High
PRJ00058,Maharashtra Postal Infrastructure Infra Development Phase-58,Postal Infrastructure,Ministry of Communications,RITES,Shapoorji Pallonji Infra,Maharashtra,1444.12,3061.21,111.98,True,2018-03-01,60,81,2023-02-03,2024-10-25,21,True,80.0,51.2,1568.58,100.0,6,5,Change in project scope; COVID-19 related disruption,Delayed,100.0,High
PRJ00059,Maharashtra Inland Waterways Infra Development Phase-59,Inland Waterways,"Ministry of Ports, Shipping & Waterways",NHPC,J Kumar Infraprojects,Maharashtra,2119.63,2299.15,8.47,True,2018-09-29,72,105,2024-08-28,2027-05-15,33,True,64.9,50.8,1166.96,55.1,8,5,Geological surprises; Court cases/litigation,Delayed,35.6,Medium
PRJ00060,Maharashtra Mining Infra Development Phase-60,Mining,Ministry of Mines,ONGC,GMR Infrastructure,Maharashtra,2077.0,2884.42,38.87,True,2019-12-18,60,105,2024-11-21,2028-08-02,45,True,54.4,35.8,1031.43,49.7,12,7,Delay in tendering/equipment supply; COVID-19 related disruption,Delayed,71.4,High
PRJ00061,Maharashtra Railways Infra Development Phase-61,Railways,Ministry of Railways,RVNL,Ashoka Buildcon,Maharashtra,639.1,692.7,8.39,True,2021-10-01,48,58,2025-09-10,2026-07-07,10,True,85.4,100.0,1531.98,100.0,8,7,Land acquisition delay,Delayed,16.7,Low
PRJ00062,Maharashtra Mining Infra Development Phase-62,Mining,Ministry of Mines,PowerGrid,Larsen & Toubro Infra,Maharashtra,1357.77,4284.54,215.56,True,2019-12-09,24,49,2021-11-28,2023-12-18,25,True,90.5,5.0,215.33,15.9,6,5,Poor contractor mobilization; Delay in tendering/equipment supply,Delayed,100.0,High
PRJ00063,Maharashtra Roads & Highways Infra Development Phase-63,Roads & Highways,Ministry of Road Transport & Highways,NTPC,Gammon India,Maharashtra,1607.6,4879.21,203.51,True,2017-11-05,36,48,2020-10-20,2021-10-15,12,True,86.2,7.3,356.99,22.2,6,5,Court cases/litigation,Delayed,100.0,High
PRJ00064,Maharashtra Healthcare Infrastructure Infra Development Phase-64,Healthcare Infrastructure,Ministry of Health & Family Welfare,NHPC,Ashoka Buildcon,Maharashtra,2254.5,2292.8,1.7,False,2018-08-30,72,72,2024-07-29,2024-07-29,0,False,91.4,52.2,1196.58,53.1,10,9,None,On Track,1.8,Low
PRJ00065,Maharashtra Civil Aviation Infra Development Phase-65,Civil Aviation,Ministry of Civil Aviation,IRCON,Shapoorji Pallonji Infra,Maharashtra,2072.77,6129.44,195.71,True,2020-06-16,60,99,2025-05-21,2028-08-03,39,True,57.4,8.9,547.23,26.4,8,5,Court cases/litigation,Delayed,100.0,High
PRJ00066,Maharashtra Renewable Energy Infra Development Phase-66,Renewable Energy,Ministry of New & Renewable Energy,IFFCO,GR Infraprojects,Maharashtra,1697.63,5357.41,215.58,True,2019-10-20,48,56,2023-09-29,2024-05-26,8,True,74.2,11.1,593.41,35.0,4,3,Poor contractor mobilization; Rehabilitation & resettlement issues,Delayed,100.0,High
PRJ00067,Maharashtra Civil Aviation Infra Development Phase-67,Civil Aviation,Ministry of Civil Aviation,Coal India Ltd,IRB Infrastructure,Maharashtra,400.15,3098.83,674.42,True,2018-10-28,72,96,2024-09-26,2026-09-16,24,True,68.2,10.3,320.7,80.1,6,4,Land acquisition delay; Funding constraints,Delayed,100.0,High
PRJ00068,Maharashtra Mining Infra Development Phase-68,Mining,Ministry of Mines,State PWD,GR Infraprojects,Maharashtra,1748.74,4476.62,155.99,True,2019-10-14,48,61,2023-09-23,2024-10-17,13,True,76.4,10.2,454.61,26.0,8,6,Change in project scope,Delayed,100.0,High
PRJ00069,Maharashtra Water Resources Infra Development Phase-69,Water Resources,Ministry of Jal Shakti,IRCON,GR Infraprojects,Maharashtra,1843.81,3844.28,108.5,True,2022-04-12,24,52,2024-04-01,2026-07-20,28,True,88.0,41.3,1588.09,86.1,6,5,COVID-19 related disruption,Delayed,100.0,High
PRJ00070,Maharashtra Irrigation Infra Development Phase-70,Irrigation,Ministry of Jal Shakti,RITES,Shapoorji Pallonji Infra,Maharashtra,6032.6,563.03,0.0,False,2019-07-22,48,48,2023-07-01,2023-07-01,0,False,100.0,100.0,1180.52,19.6,6,6,None,Completed,1.7,Low
PRJ00071,Maharashtra Roads & Highways Infra Development Phase-71,Roads & Highways,Ministry of Road Transport & Highways,IFFCO,Patel Engineering,Maharashtra,1576.18,1804.13,14.46,True,2019-03-03,36,58,2022-02-15,2023-12-07,22,True,85.1,54.8,989.28,62.8,10,9,Delay in tendering/equipment supply; Poor contractor mobilization,Delayed,32.0,Medium
PRJ00072,Maharashtra Ports & Shipping Infra Development Phase-72,Ports & Shipping,"Ministry of Ports, Shipping & Waterways",NBCC,NCC Limited,Maharashtra,2126.28,3221.41,51.5,True,2020-12-09,36,76,2023-11-24,2027-03-08,40,True,78.5,18.9,608.43,28.6,12,9,Utility shifting delay; Land acquisition delay,Delayed,72.5,High
PRJ00073,Maharashtra Inland Waterways Infra Development Phase-73,Inland Waterways,"Ministry of Ports, Shipping & Waterways",NBCC,Larsen & Toubro Infra,Maharashtra,3334.09,5057.12,51.68,True,2019-01-02,48,57,2022-12-12,2023-09-08,9,True,78.9,18.8,953.06,28.6,12,9,Forest/environment clearance delay; Monsoon/weather delays,Delayed,50.3,High
PRJ00074,Maharashtra Education Infrastructure Infra Development Phase-74,Education Infrastructure,Ministry of Education,State PWD,Larsen & Toubro Infra,Maharashtra,2727.93,792.24,0.0,False,2020-11-16,72,96,2026-10-16,2028-10-05,24,True,52.3,100.0,1665.87,61.1,8,4,Change in project scope; Geological surprises,Delayed,25.1,Medium
PRJ00075,Maharashtra Healthcare Infrastructure Infra Development Phase-75,Healthcare Infrastructure,Ministry of Health & Family Welfare,ONGC,GR Infraprojects,Maharashtra,3783.26,593.34,0.0,False,2019-11-10,60,66,2024-10-14,2025-04-12,6,True,74.8,93.7,556.16,14.7,4,3,Land acquisition delay; Delay in tendering/equipment supply,Delayed,12.1,Low
PRJ00076,Maharashtra Postal Infrastructure Infra Development Phase-76,Postal Infrastructure,Ministry of Communications,IFFCO,Shapoorji Pallonji Infra,Maharashtra,646.57,2065.87,219.51,True,2019-03-19,96,122,2027-02-05,2029-03-26,26,True,57.3,41.9,866.42,100.0,8,5,Funding constraints; Utility shifting delay,Delayed,100.0,High
PRJ00077,Maharashtra Mining Infra Development Phase-77,Mining,Ministry of Mines,Deendayal Port Trust,Larsen & Toubro Infra,Maharashtra,902.59,412.77,0.0,False,2020-07-09,60,60,2025-06-13,2025-06-13,0,False,89.4,100.0,2234.01,100.0,4,4,None,On Track,0.0,Low
PRJ00078,Maharashtra Steel Infra Development Phase-78,Steel,Ministry of Steel,HUDCO,GMR Infrastructure,Maharashtra,1229.56,2023.21,64.55,True,2020-06-20,24,43,2022-06-10,2024-01-01,19,True,70.0,65.6,1327.03,100.0,10,7,Price escalation of raw materials; Court cases/litigation,Delayed,65.8,High
PRJ00079,Maharashtra Steel Infra Development Phase-79,Steel,Ministry of Steel,NHPC,Shapoorji Pallonji Infra,Maharashtra,567.49,2654.5,367.76,True,2018-06-06,96,102,2026-04-25,2026-10-22,6,True,87.0,23.1,614.01,100.0,6,5,Price escalation of raw materials; Utility shifting delay,Delayed,100.0,High
PRJ00080,Maharashtra Power Infra Development Phase-80,Power,Ministry of Power,Deendayal Port Trust,Larsen & Toubro Infra,Maharashtra,1853.12,1128.32,0.0,False,2020-05-17,96,96,2028-04-05,2028-04-05,0,False,73.4,100.0,1266.94,68.4,10,7,None,On Track,1.9,Low
PRJ00081,Maharashtra Postal Infrastructure Infra Development Phase-81,Postal Infrastructure,Ministry of Communications,NHAI,Reliance Infrastructure,Maharashtra,952.76,2056.76,115.87,True,2020-05-29,48,57,2024-05-08,2025-02-02,9,True,76.4,13.5,277.71,29.1,8,6,Poor contractor mobilization,Delayed,96.4,High
PRJ00082,Maharashtra Healthcare Infrastructure Infra Development Phase-82,Healthcare Infrastructure,Ministry of Health & Family Welfare,Deendayal Port Trust,GR Infraprojects,Maharashtra,4054.51,3647.79,0.0,False,2020-08-12,48,65,2024-07-22,2025-12-14,17,True,72.9,23.2,845.51,20.9,10,7,COVID-19 related disruption; Utility shifting delay,Delayed,22.2,Low
PRJ00083,Maharashtra Renewable Energy Infra Development Phase-83,Renewable Energy,Ministry of New & Renewable Energy,HUDCO,Larsen & Toubro Infra,Maharashtra,1053.94,1516.03,43.84,True,2022-04-23,48,92,2026-04-02,2029-11-12,44,True,37.6,83.5,1266.15,100.0,6,2,Rehabilitation & resettlement issues,Delayed,73.9,High
PRJ00084,Maharashtra Telecommunications Infra Development Phase-84,Telecommunications,Ministry of Communications,IFFCO,Shapoorji Pallonji Infra,Maharashtra,1449.43,1258.74,0.0,False,2020-10-04,48,48,2024-09-13,2024-09-13,0,False,100.0,88.0,1107.77,76.4,4,4,None,Completed,3.3,Low
PRJ00085,Maharashtra Petroleum & Natural Gas Infra Development Phase-85,Petroleum & Natural Gas,Ministry of Petroleum & Natural Gas,IFFCO,GMR Infrastructure,Maharashtra,2818.1,2000.69,0.0,False,2020-06-25,84,84,2027-05-20,2027-05-20,0,False,91.8,62.9,1259.22,44.7,6,6,None,On Track,1.6,Low
PRJ00086,Maharashtra Renewable Energy Infra Development Phase-86,Renewable Energy,Ministry of New & Renewable Energy,PowerGrid,Sadbhav Engineering,Maharashtra,746.12,1048.74,40.56,True,2017-04-11,36,57,2020-03-26,2021-12-16,21,True,85.7,100.0,1418.65,100.0,4,3,Monsoon/weather delays,Delayed,49.3,Medium
PRJ00087,Maharashtra Education Infrastructure Infra Development Phase-87,Education Infrastructure,Ministry of Education,RVNL,KNR Constructions,Maharashtra,539.09,5879.22,990.58,True,2022-02-09,48,65,2026-01-19,2027-06-13,17,True,69.9,19.7,1158.24,100.0,10,7,Price escalation of raw materials,Delayed,100.0,High
PRJ00088,Maharashtra Housing Infra Development Phase-88,Housing,Ministry of Housing & Urban Affairs,SAIL,Larsen & Toubro Infra,Maharashtra,1986.08,2184.27,9.98,True,2019-09-27,48,53,2023-09-06,2024-02-03,5,True,73.8,52.2,1139.17,57.4,6,4,Change in project scope,Delayed,20.8,Low
PRJ00089,Maharashtra Water Supply & Sanitation Infra Development Phase-89,Water Supply & Sanitation,Ministry of Jal Shakti,Coal India Ltd,Larsen & Toubro Infra,Maharashtra,2075.58,1346.36,0.0,False,2018-12-22,84,84,2025-11-15,2025-11-15,0,False,100.0,74.5,1002.68,48.3,12,12,None,Completed,0.4,Low
PRJ00090,Maharashtra Urban Development Infra Development Phase-90,Urban Development,Ministry of Housing & Urban Affairs,IRCON,Shapoorji Pallonji Infra,Maharashtra,2771.45,2430.31,0.0,False,2019-10-18,60,79,2024-09-21,2026-04-14,19,True,88.6,17.2,419.02,15.1,4,4,Contractual issues; Price escalation of raw materials,Delayed,26.4,Medium
PRJ00091,Maharashtra Urban Development Infra Development Phase-91,Urban Development,Ministry of Housing & Urban Affairs,IFFCO,Larsen & Toubro Infra,Maharashtra,2408.23,1994.07,0.0,False,2022-12-16,48,48,2026-11-25,2026-11-25,0,False,74.0,79.6,1587.7,65.9,12,9,None,On Track,3.6,Low
PRJ00092,Maharashtra Education Infrastructure Infra Development Phase-92,Education Infrastructure,Ministry of Education,IRCTC,Larsen & Toubro Infra,Maharashtra,2120.69,1861.35,0.0,False,2021-12-18,36,36,2024-12-02,2024-12-02,0,False,98.7,46.4,863.98,40.7,12,12,None,Completed,2.4,Low
PRJ00093,Maharashtra Telecommunications Infra Development Phase-93,Telecommunications,Ministry of Communications,State PWD,Megha Engineering (MEIL),Maharashtra,1135.25,1515.77,33.52,True,2022-01-01,48,64,2025-12-11,2027-04-05,16,True,75.5,86.3,1308.48,100.0,6,5,COVID-19 related disruption; Contractual issues,Delayed,36.8,Medium
PRJ00094,Maharashtra Petroleum & Natural Gas Infra Development Phase-94,Petroleum & Natural Gas,Ministry of Petroleum & Natural Gas,NMDC,Reliance Infrastructure,Maharashtra,2042.41,1469.09,0.0,False,2020-02-10,24,29,2022-01-30,2022-06-29,5,True,86.3,100.0,1497.54,73.3,12,10,Shortage of skilled manpower; Contractual issues,Delayed,9.5,Low
PRJ00095,Maharashtra Urban Development Infra Development Phase-95,Urban Development,Ministry of Housing & Urban Affairs,RVNL,Larsen & Toubro Infra,Maharashtra,2115.9,704.46,0.0,False,2020-03-16,24,24,2022-03-06,2022-03-06,0,False,96.5,90.0,633.94,30.0,6,6,None,On Track,3.9,Low
PRJ00096,Maharashtra Coal Infra Development Phase-96,Coal,Ministry of Coal,IRCTC,J Kumar Infraprojects,Maharashtra,1107.77,4472.85,303.77,True,2020-08-02,36,74,2023-07-18,2026-08-31,38,True,66.9,15.0,669.98,60.5,12,8,Contractual issues,Delayed,100.0,High
PRJ00097,Maharashtra Civil Aviation Infra Development Phase-97,Civil Aviation,Ministry of Civil Aviation,Coal India Ltd,NCC Limited,Maharashtra,4679.87,2984.86,0.0,False,2021-04-18,36,55,2024-04-02,2025-10-24,19,True,71.6,24.4,728.01,15.6,6,4,Funding constraints,Delayed,24.0,Low
PRJ00098,Maharashtra Water Supply & Sanitation Infra Development Phase-98,Water Supply & Sanitation,Ministry of Jal Shakti,State PWD,HCC (Hindustan Construction),Maharashtra,2344.68,2571.67,9.68,True,2020-09-17,60,92,2025-08-22,2028-04-08,32,True,62.7,68.3,1755.41,74.9,12,8,Poor contractor mobilization; Land acquisition delay,Delayed,37.0,Medium
PRJ00099,Maharashtra Renewable Energy Infra Development Phase-99,Renewable Energy,Ministry of New & Renewable Energy,State PWD,GMR Infrastructure,Maharashtra,913.62,1974.65,116.13,True,2021-05-15,48,88,2025-04-24,2028-08-06,40,True,62.2,24.5,483.45,52.9,12,7,Price escalation of raw materials,Delayed,100.0,High
PRJ00100,Maharashtra Housing Infra Development Phase-100,Housing,Ministry of Housing & Urban Affairs,NHAI,Shapoorji Pallonji Infra,Maharashtra,2779.16,1114.99,0.0,False,2020-12-11,48,48,2024-11-20,2024-11-20,0,False,100.0,100.0,1924.17,69.2,8,8,None,Completed,0.9,Low
PRJ00101,Maharashtra Water Resources Infra Development Phase-101,Water Resources,Ministry of Jal Shakti,State PWD,NCC Limited,Maharashtra,3045.75,1292.62,0.0,False,2019-06-23,24,24,2021-06-12,2021-06-12,0,False,97.0,77.1,996.14,32.7,10,10,None,On Track,1.7,Low
PRJ00102,Maharashtra Petroleum & Natural Gas Infra Development Phase-102,Petroleum & Natural Gas,Ministry of Petroleum & Natural Gas,NBCC,GMR Infrastructure,Maharashtra,2265.65,764.11,0.0,False,2021-11-21,36,84,2024-11-05,2028-10-15,48,True,59.6,100.0,1038.06,45.8,10,6,Price escalation of raw materials,Delayed,45.9,Medium
PRJ00103,Maharashtra Mining Infra Development Phase-103,Mining,Ministry of Mines,IFFCO,HCC (Hindustan Construction),Maharashtra,1523.5,1398.13,0.0,False,2021-07-15,84,84,2028-06-08,2028-06-08,0,False,59.9,100.0,1460.41,95.9,6,4,None,On Track,0.0,Low
PRJ00104,Maharashtra Urban Development Infra Development Phase-104,Urban Development,Ministry of Housing & Urban Affairs,PowerGrid,Reliance Infrastructure,Maharashtra,1076.78,1011.48,0.0,False,2022-12-28,24,24,2024-12-17,2024-12-17,0,False,88.8,92.0,930.61,86.4,4,4,None,On Track,6.9,Low
PRJ00105,Maharashtra Water Resources Infra Development Phase-105,Water Resources,Ministry of Jal Shakti,IWAI,Shapoorji Pallonji Infra,Maharashtra,1694.83,5194.37,206.48,True,2017-04-22,60,103,2022-03-27,2025-10-07,43,True,90.3,30.8,1597.59,94.3,4,4,Contractual issues; Poor contractor mobilization,Delayed,100.0,High
PRJ00106,Maharashtra Urban Development Infra Development Phase-106,Urban Development,Ministry of Housing & Urban Affairs,GAIL,Shapoorji Pallonji Infra,Maharashtra,2175.23,3512.1,61.46,True,2017-07-25,84,128,2024-06-18,2028-01-29,44,True,59.9,18.0,633.4,29.1,8,5,Utility shifting delay; Change in project scope,Delayed,86.2,High
PRJ00107,Maharashtra Urban Development Infra Development Phase-107,Urban Development,Ministry of Housing & Urban Affairs,IRCTC,KNR Constructions,Maharashtra,1791.63,2240.66,25.06,True,2020-10-14,84,89,2027-09-08,2028-02-05,5,True,60.5,84.4,1890.14,100.0,10,6,Poor contractor mobilization; Contractual issues,Delayed,29.3,Medium
PRJ00108,Maharashtra Ports & Shipping Infra Development Phase-108,Ports & Shipping,"Ministry of Ports, Shipping & Waterways",BSNL,Larsen & Toubro Infra,Maharashtra,3875.39,1196.86,0.0,False,2017-03-21,84,84,2024-02-13,2024-02-13,0,False,100.0,55.6,665.04,17.2,12,12,None,Completed,2.7,Low
PRJ00109,Maharashtra Railways Infra Development Phase-109,Railways,Ministry of Railways,AAI,KNR Constructions,Maharashtra,2549.13,1047.11,0.0,False,2019-07-08,84,84,2026-06-01,2026-06-01,0,False,97.9,100.0,1930.0,75.7,4,4,None,On Track,1.3,Low
PRJ00110,Maharashtra Fertilizers Infra Development Phase-110,Fertilizers,Ministry of Chemicals & Fertilizers,IRCON,Larsen & Toubro Infra,Maharashtra,998.18,1898.15,90.16,True,2017-05-08,60,64,2022-04-12,2022-08-10,4,True,81.1,35.6,676.45,67.8,6,5,Land acquisition delay,Delayed,68.0,High
PRJ00111,Maharashtra Education Infrastructure Infra Development Phase-111,Education Infrastructure,Ministry of Education,PowerGrid,Larsen & Toubro Infra,Maharashtra,848.05,3593.91,323.79,True,2019-09-05,24,50,2021-08-25,2023-10-14,26,True,87.9,20.6,741.12,87.4,6,5,Change in project scope; Rehabilitation & resettlement issues,Delayed,100.0,High
PRJ00112,Maharashtra Renewable Energy Infra Development Phase-112,Renewable Energy,Ministry of New & Renewable Energy,State Irrigation Dept,Shapoorji Pallonji Infra,Maharashtra,2356.01,779.83,0.0,False,2019-11-16,48,48,2023-10-26,2023-10-26,0,False,100.0,57.0,444.86,18.9,8,8,None,Completed,8.0,Low
PRJ00113,Maharashtra Power Infra Development Phase-113,Power,Ministry of Power,Deendayal Port Trust,Larsen & Toubro Infra,Maharashtra,1545.14,2962.69,91.74,True,2018-04-15,36,44,2021-03-30,2021-11-25,8,True,83.7,17.9,530.85,34.4,6,5,Change in project scope; Rehabilitation & resettlement issues,Delayed,73.6,High
PRJ00114,Maharashtra Roads & Highways Infra Development Phase-114,Roads & Highways,Ministry of Road Transport & Highways,RITES,GMR Infrastructure,Maharashtra,2673.37,1394.12,0.0,False,2021-03-18,84,84,2028-02-10,2028-02-10,0,False,66.2,62.2,866.58,32.4,10,7,None,On Track,7.4,Low
PRJ00115,Maharashtra Renewable Energy Infra Development Phase-115,Renewable Energy,Ministry of New & Renewable Energy,RVNL,J Kumar Infraprojects,Maharashtra,2343.9,1561.38,0.0,False,2019-09-22,60,99,2024-08-26,2027-11-09,39,True,68.5,65.2,1018.39,43.4,4,3,Change in project scope; Price escalation of raw materials,Delayed,37.8,Medium
PRJ00116,Maharashtra Healthcare Infrastructure Infra Development Phase-116,Healthcare Infrastructure,Ministry of Health & Family Welfare,IRCON,GMR Infrastructure,Maharashtra,1699.34,2201.92,29.58,True,2020-11-23,24,37,2022-11-13,2023-12-08,13,True,90.0,69.6,1533.26,90.2,12,11,Court cases/litigation; Forest/environment clearance delay,Delayed,35.9,Medium
PRJ00117,Maharashtra Telecommunications Infra Development Phase-117,Telecommunications,Ministry of Communications,NMDC,Shapoorji Pallonji Infra,Maharashtra,1005.88,1224.04,21.69,True,2020-10-29,96,112,2028-09-17,2030-01-10,16,True,49.8,63.3,774.24,77.0,4,2,Monsoon/weather delays; Forest/environment clearance delay,Delayed,38.1,Medium
PRJ00118,Maharashtra Water Supply & Sanitation Infra Development Phase-118,Water Supply & Sanitation,Ministry of Jal Shakti,AAI,KNR Constructions,Maharashtra,585.9,1839.97,214.04,True,2022-02-27,36,54,2025-02-11,2026-08-05,18,True,67.1,22.0,405.45,69.2,6,4,Law and order problems; Court cases/litigation,Delayed,100.0,High
PRJ00119,Maharashtra Telecommunications Infra Development Phase-119,Telecommunications,Ministry of Communications,NMDC,GR Infraprojects,Maharashtra,2020.8,1156.18,0.0,False,2020-01-12,24,24,2022-01-01,2022-01-01,0,False,98.8,95.9,1109.16,54.9,12,12,None,Completed,0.0,Low
PRJ00120,Maharashtra Postal Infrastructure Infra Development Phase-120,Postal Infrastructure,Ministry of Communications,BSNL,Larsen & Toubro Infra,Maharashtra,737.08,1468.12,99.18,True,2022-03-20,84,131,2029-02-11,2032-12-22,47,True,28.1,66.7,978.59,100.0,10,3,Utility shifting delay; Poor contractor mobilization,Delayed,100.0,High
PRJ00121,Maharashtra Petroleum & Natural Gas Infra Development Phase-121,Petroleum & Natural Gas,Ministry of Petroleum & Natural Gas,RVNL,Gammon India,Maharashtra,978.53,3286.98,235.91,True,2020-02-17,60,98,2025-01-21,2028-03-06,38,True,66.0,35.9,1179.95,100.0,10,7,COVID-19 related disruption,Delayed,100.0,High
PRJ00122,Maharashtra Healthcare Infrastructure Infra Development Phase-122,Healthcare Infrastructure,Ministry of Health & Family Welfare,Deendayal Port Trust,Larsen & Toubro Infra,Maharashtra,1950.07,2270.46,16.43,True,2021-04-02,48,72,2025-03-12,2027-03-02,24,True,75.1,25.7,582.58,29.9,8,6,Monsoon/weather delays,Delayed,35.7,Medium
PRJ00123,Maharashtra Mining Infra Development Phase-123,Mining,Ministry of Mines,GAIL,Afcons Infrastructure,Maharashtra,1841.55,3280.0,78.11,True,2022-06-21,72,115,2028-05-20,2031-12-01,43,True,33.6,19.1,627.47,34.1,6,2,Delay in tendering/equipment supply; Law and order problems,Delayed,100.0,High
PRJ00124,Maharashtra Coal Infra Development Phase-124,Coal,Ministry of Coal,Deendayal Port Trust,Larsen & Toubro Infra,Maharashtra,801.05,1382.36,72.57,True,2020-02-06,48,64,2024-01-16,2025-05-10,16,True,74.1,42.2,582.73,72.7,12,9,Geological surprises,Delayed,65.5,High
PRJ00125,Maharashtra Ports & Shipping Infra Development Phase-125,Ports & Shipping,"Ministry of Ports, Shipping & Waterways",Coal India Ltd,Larsen & Toubro Infra,Maharashtra,3236.12,2975.13,0.0,False,2021-07-23,60,60,2026-06-27,2026-06-27,0,False,86.0,57.1,1698.93,52.5,10,9,None,On Track,7.6,Low
PRJ00126,Maharashtra Postal Infrastructure Infra Development Phase-126,Postal Infrastructure,Ministry of Communications,Coal India Ltd,IRB Infrastructure,Maharashtra,3188.88,636.59,0.0,False,2022-05-05,48,48,2026-04-14,2026-04-14,0,False,96.8,100.0,1900.19,59.6,10,10,None,On Track,2.1,Low
PRJ00127,Maharashtra Urban Development Infra Development Phase-127,Urban Development,Ministry of Housing & Urban Affairs,NHAI,Shapoorji Pallonji Infra,Maharashtra,2399.03,2201.34,0.0,False,2018-01-17,60,60,2022-12-22,2022-12-22,0,False,100.0,27.7,610.5,25.4,8,8,None,Completed,7.6,Low
PRJ00128,Maharashtra Petroleum & Natural Gas Infra Development Phase-128,Petroleum & Natural Gas,Ministry of Petroleum & Natural Gas,SAIL,Larsen & Toubro Infra,Maharashtra,2397.37,3087.47,28.79,True,2019-09-24,48,67,2023-09-03,2025-03-26,19,True,90.3,20.0,618.37,25.8,8,7,Monsoon/weather delays; Delay in tendering/equipment supply,Delayed,42.0,Medium
PRJ00129,Maharashtra Telecommunications Infra Development Phase-129,Telecommunications,Ministry of Communications,AAI,IRB Infrastructure,Maharashtra,2399.05,616.96,0.0,False,2021-10-09,84,122,2028-09-02,2031-10-17,38,True,35.8,100.0,1274.61,53.1,12,4,Court cases/litigation; Monsoon/weather delays,Delayed,39.1,Medium
PRJ00130,Maharashtra Urban Development Infra Development Phase-130,Urban Development,Ministry of Housing & Urban Affairs,NBCC,GMR Infrastructure,Maharashtra,3031.16,1392.95,0.0,False,2020-06-09,60,60,2025-05-14,2025-05-14,0,False,89.7,100.0,2017.07,66.5,8,7,None,On Track,5.3,Low
PRJ00131,Maharashtra Petroleum & Natural Gas Infra Development Phase-131,Petroleum & Natural Gas,Ministry of Petroleum & Natural Gas,NTPC,Shapoorji Pallonji Infra,Maharashtra,2584.9,2200.42,0.0,False,2019-02-28,72,72,2025-01-27,2025-01-27,0,False,85.1,100.0,2259.31,87.4,8,7,None,On Track,0.2,Low
PRJ00132,Maharashtra Inland Waterways Infra Development Phase-132,Inland Waterways,"Ministry of Ports, Shipping & Waterways",NHPC,Megha Engineering (MEIL),Maharashtra,1061.98,3744.24,252.57,True,2019-01-29,48,62,2023-01-08,2024-03-03,14,True,88.9,15.8,592.88,55.8,6,5,Monsoon/weather delays,Delayed,100.0,High
PRJ00133,Maharashtra Coal Infra Development Phase-133,Coal,Ministry of Coal,IWAI,Reliance Infrastructure,Maharashtra,1531.93,1468.0,0.0,False,2022-11-19,48,48,2026-10-29,2026-10-29,0,False,75.2,47.1,691.27,45.1,12,9,None,On Track,11.2,Low
PRJ00134,Maharashtra Steel Infra Development Phase-134,Steel,Ministry of Steel,NTPC,NCC Limited,Maharashtra,5674.68,2909.05,0.0,False,2019-03-07,36,77,2022-02-19,2025-07-03,41,True,80.3,36.1,1049.44,18.5,8,6,Court cases/litigation,Delayed,34.8,Medium
PRJ00135,Maharashtra Power Infra Development Phase-135,Power,Ministry of Power,RITES,Dilip Buildcon Ltd,Maharashtra,421.25,4634.73,1000.23,True,2017-02-27,24,65,2019-02-17,2022-07-01,41,True,74.2,23.3,1079.23,100.0,12,9,Delay in tendering/equipment supply,Delayed,100.0,High
PRJ00136,Maharashtra Railways Infra Development Phase-136,Railways,Ministry of Railways,IRCON,Shapoorji Pallonji Infra,Maharashtra,1311.66,2985.7,127.63,True,2020-04-11,72,104,2026-03-11,2028-10-26,32,True,60.2,26.6,792.75,60.4,6,4,Change in project scope; Poor contractor mobilization,Delayed,100.0,High
PRJ00137,Maharashtra Roads & Highways Infra Development Phase-137,Roads & Highways,Ministry of Road Transport & Highways,IWAI,Larsen & Toubro Infra,Maharashtra,3245.7,1882.83,0.0,False,2020-03-10,60,60,2025-02-12,2025-02-12,0,False,99.0,27.6,519.18,16.0,10,10,None,Completed,9.1,Low
PRJ00138,Maharashtra Housing Infra Development Phase-138,Housing,Ministry of Housing & Urban Affairs,State Irrigation Dept,HCC (Hindustan Construction),Maharashtra,1107.01,2661.38,140.41,True,2020-10-27,36,58,2023-10-12,2025-08-02,22,True,82.5,32.6,867.42,78.4,6,5,Delay in tendering/equipment supply,Delayed,100.0,High
PRJ00139,Maharashtra Housing Infra Development Phase-139,Housing,Ministry of Housing & Urban Affairs,NTPC,Larsen & Toubro Infra,Maharashtra,2624.51,1440.56,0.0,False,2017-09-25,24,24,2019-09-15,2019-09-15,0,False,100.0,100.0,2257.97,86.0,10,10,None,Completed,3.5,Low
PRJ00140,Maharashtra Housing Infra Development Phase-140,Housing,Ministry of Housing & Urban Affairs,RVNL,GMR Infrastructure,Maharashtra,1827.51,2253.14,23.29,True,2017-08-08,48,87,2021-07-18,2024-09-30,39,True,73.1,28.1,633.26,34.7,6,4,Rehabilitation & resettlement issues,Delayed,55.9,High
PRJ00141,Maharashtra Ports & Shipping Infra Development Phase-141,Ports & Shipping,"Ministry of Ports, Shipping & Waterways",Coal India Ltd,IRB Infrastructure,Maharashtra,1158.35,1940.38,67.51,True,2018-05-01,36,67,2021-04-15,2023-11-01,31,True,88.4,52.2,1012.2,87.4,12,11,Shortage of skilled manpower; Price escalation of raw materials,Delayed,69.3,High
PRJ00142,Maharashtra Telecommunications Infra Development Phase-142,Telecommunications,Ministry of Communications,SAIL,KNR Constructions,Maharashtra,358.81,2610.89,627.65,True,2022-01-20,72,102,2027-12-20,2030-06-07,30,True,43.6,100.0,3083.19,100.0,10,4,Poor contractor mobilization; Contractual issues,Delayed,100.0,High
PRJ00143,Maharashtra Healthcare Infrastructure Infra Development Phase-143,Healthcare Infrastructure,Ministry of Health & Family Welfare,Deendayal Port Trust,Patel Engineering,Maharashtra,1988.21,1642.64,0.0,False,2017-09-04,60,60,2022-08-09,2022-08-09,0,False,100.0,38.2,627.53,31.6,12,12,None,Completed,4.3,Low
PRJ00144,Maharashtra Inland Waterways Infra Development Phase-144,Inland Waterways,"Ministry of Ports, Shipping & Waterways",ONGC,J Kumar Infraprojects,Maharashtra,1046.84,2696.84,157.62,True,2019-05-15,36,82,2022-04-29,2026-02-07,46,True,70.6,48.5,1308.75,100.0,8,6,Law and order problems,Delayed,100.0,High
PRJ00145,Maharashtra Petroleum & Natural Gas Infra Development Phase-145,Petroleum & Natural Gas,Ministry of Petroleum & Natural Gas,GAIL,Tata Projects,Maharashtra,1655.46,1632.66,0.0,False,2017-11-04,36,36,2020-10-19,2020-10-19,0,False,92.5,100.0,2311.16,100.0,6,6,None,On Track,3.1,Low
PRJ00146,Maharashtra Roads & Highways Infra Development Phase-146,Roads & Highways,Ministry of Road Transport & Highways,State PWD,Reliance Infrastructure,Maharashtra,2385.7,3492.97,46.41,True,2022-01-20,36,60,2025-01-04,2026-12-25,24,True,69.3,35.7,1245.61,52.2,12,8,Rehabilitation & resettlement issues; Land acquisition delay,Delayed,57.3,High
PRJ00147,Maharashtra Petroleum & Natural Gas Infra Development Phase-147,Petroleum & Natural Gas,Ministry of Petroleum & Natural Gas,RITES,Afcons Infrastructure,Maharashtra,2896.12,1738.74,0.0,False,2020-03-04,36,78,2023-02-17,2026-07-31,42,True,87.8,93.9,1632.57,56.4,10,9,Shortage of skilled manpower,Delayed,35.5,Medium
PRJ00148,Maharashtra Coal Infra Development Phase-148,Coal,Ministry of Coal,NMDC,Larsen & Toubro Infra,Maharashtra,1308.98,425.73,0.0,False,2019-03-22,24,71,2021-03-11,2025-01-19,47,True,73.4,100.0,1408.69,100.0,10,7,Shortage of skilled manpower,Delayed,40.2,Medium
PRJ00149,Maharashtra Fertilizers Infra Development Phase-149,Fertilizers,Ministry of Chemicals & Fertilizers,PowerGrid,IRB Infrastructure,Maharashtra,1156.94,1071.01,0.0,False,2019-12-25,60,60,2024-11-28,2024-11-28,0,False,86.7,100.0,1189.71,100.0,6,5,None,On Track,2.2,Low
PRJ00150,Maharashtra Ports & Shipping Infra Development Phase-150,Ports & Shipping,"Ministry of Ports, Shipping & Waterways",IRCON,Larsen & Toubro Infra,Maharashtra,727.95,2161.97,196.99,True,2018-11-11,36,67,2021-10-26,2024-05-13,31,True,89.7,86.3,1865.81,100.0,8,7,COVID-19 related disruption; Forest/environment clearance delay,Delayed,100.0,High
PRJ00151,Maharashtra Urban Development Infra Development Phase-151,Urban Development,Ministry of Housing & Urban Affairs,ABC Infrastructure Ltd.,J Kumar Infraprojects,Maharashtra,2975.36,5169.09,73.73,True,2020-05-30,48,82,2024-05-09,2027-02-23,34,True,70.4,24.9,1285.55,43.2,10,7,Monsoon/weather delays; Shortage of skilled manpower,Delayed,82.9,High
PRJ00152,Maharashtra Ports & Shipping Infra Development Phase-152,Ports & Shipping,"Ministry of Ports, Shipping & Waterways",Deendayal Port Trust,Larsen & Toubro Infra,Maharashtra,5232.39,3417.75,0.0,False,2017-06-13,84,91,2024-05-07,2024-12-03,7,True,77.9,23.3,797.71,15.2,10,8,Delay in tendering/equipment supply; Land acquisition delay,Delayed,12.4,Low
PRJ00153,Maharashtra Ports & Shipping Infra Development Phase-153,Ports & Shipping,"Ministry of Ports, Shipping & Waterways",Coal India Ltd,NCC Limited,Maharashtra,3154.71,353.07,0.0,False,2017-03-26,24,59,2019-03-16,2022-01-29,35,True,86.6,100.0,967.19,30.7,8,7,Law and order problems,Delayed,31.8,Medium
PRJ00154,Maharashtra Housing Infra Development Phase-154,Housing,Ministry of Housing & Urban Affairs,HUDCO,Sadbhav Engineering,Maharashtra,3543.77,727.57,0.0,False,2021-12-17,24,24,2023-12-07,2023-12-07,0,False,91.5,100.0,1100.53,31.1,8,7,None,On Track,6.9,Low
PRJ00155,Maharashtra Power Infra Development Phase-155,Power,Ministry of Power,IWAI,IRB Infrastructure,Maharashtra,1113.08,4011.85,260.43,True,2021-11-21,96,117,2029-10-10,2031-07-02,21,True,33.4,17.2,688.69,61.9,10,3,Monsoon/weather delays,Delayed,100.0,High
PRJ00156,Maharashtra Irrigation Infra Development Phase-156,Irrigation,Ministry of Jal Shakti,State PWD,Shapoorji Pallonji Infra,Maharashtra,2305.6,3077.76,33.49,True,2020-09-27,48,72,2024-09-06,2026-08-27,24,True,79.4,32.3,992.94,43.1,8,6,Law and order problems,Delayed,49.9,Medium
PRJ00157,Maharashtra Mining Infra Development Phase-157,Mining,Ministry of Mines,State PWD,Shapoorji Pallonji Infra,Maharashtra,2760.94,6701.04,142.71,True,2022-07-23,36,43,2025-07-07,2026-02-02,7,True,80.4,13.6,910.67,33.0,8,6,Forest/environment clearance delay; Shortage of skilled manpower,Delayed,100.0,High
PRJ00158,Maharashtra Ports & Shipping Infra Development Phase-158,Ports & Shipping,"Ministry of Ports, Shipping & Waterways",IRCTC,GMR Infrastructure,Maharashtra,68.87,1591.04,2210.21,True,2019-10-31,96,133,2027-09-19,2030-10-03,37,True,47.1,80.7,1283.31,100.0,8,4,Price escalation of raw materials,Delayed,100.0,High
PRJ00159,Maharashtra Telecommunications Infra Development Phase-159,Telecommunications,Ministry of Communications,NHAI,GMR Infrastructure,Maharashtra,879.34,1207.07,37.27,True,2022-03-08,72,92,2028-02-05,2029-09-27,20,True,45.9,100.0,2652.03,100.0,10,5,Geological surprises,Delayed,50.2,High
PRJ00160,Maharashtra Telecommunications Infra Development Phase-160,Telecommunications,Ministry of Communications,AAI,Afcons Infrastructure,Maharashtra,4212.07,2232.83,0.0,False,2022-08-04,36,36,2025-07-19,2025-07-19,0,False,90.4,46.0,1027.45,24.4,10,9,None,On Track,4.0,Low
PRJ00161,Maharashtra Railways Infra Development Phase-161,Railways,Ministry of Railways,ONGC,Larsen & Toubro Infra,Maharashtra,631.0,1571.45,149.04,True,2019-12-30,72,114,2025-11-28,2029-05-11,42,True,55.9,100.0,2045.31,100.0,12,7,Rehabilitation & resettlement issues,Delayed,100.0,High
PRJ00162,Maharashtra Urban Development Infra Development Phase-162,Urban Development,Ministry of Housing & Urban Affairs,ABC Infrastructure Ltd.,HCC (Hindustan Construction),Maharashtra,3852.99,3803.99,0.0,False,2022-06-09,48,83,2026-05-19,2029-04-03,35,True,42.7,33.1,1257.38,32.6,4,2,Shortage of skilled manpower,Delayed,34.9,Medium
PRJ00163,Maharashtra Power Infra Development Phase-163,Power,Ministry of Power,RITES,Larsen & Toubro Infra,Maharashtra,627.88,1537.2,144.82,True,2017-02-26,48,97,2021-02-05,2025-02-14,49,True,88.9,64.4,990.32,100.0,12,11,Funding constraints; Change in project scope,Delayed,100.0,High
PRJ00164,Maharashtra Inland Waterways Infra Development Phase-164,Inland Waterways,"Ministry of Ports, Shipping & Waterways",State Irrigation Dept,Larsen & Toubro Infra,Maharashtra,908.86,1803.58,98.44,True,2018-04-27,84,127,2025-03-21,2028-10-01,43,True,71.9,36.9,664.62,73.1,6,4,Rehabilitation & resettlement issues; Delay in tendering/equipment supply,Delayed,100.0,High
PRJ00165,Maharashtra Coal Infra Development Phase-165,Coal,Ministry of Coal,State PWD,NCC Limited,Maharashtra,2329.36,1095.4,0.0,False,2022-05-31,24,30,2024-05-20,2024-11-16,6,True,92.7,90.8,994.7,42.7,10,9,COVID-19 related disruption,Delayed,8.3,Low
PRJ00166,Maharashtra Postal Infrastructure Infra Development Phase-166,Postal Infrastructure,Ministry of Communications,PowerGrid,Larsen & Toubro Infra,Maharashtra,1854.5,3289.76,77.39,True,2021-04-21,60,88,2026-03-26,2028-07-13,28,True,54.7,29.2,959.31,51.7,6,3,Funding constraints,Delayed,94.7,High
PRJ00167,Maharashtra Coal Infra Development Phase-167,Coal,Ministry of Coal,State PWD,Larsen & Toubro Infra,Maharashtra,1390.17,1143.54,0.0,False,2020-10-24,48,63,2024-10-03,2025-12-27,15,True,83.1,48.7,557.37,40.1,12,10,Land acquisition delay; Contractual issues,Delayed,19.5,Low
PRJ00168,Maharashtra Steel Infra Development Phase-168,Steel,Ministry of Steel,IWAI,GMR Infrastructure,Maharashtra,4122.94,2725.96,0.0,False,2022-06-29,60,60,2027-06-03,2027-06-03,0,False,72.3,22.6,615.51,14.9,6,4,None,On Track,7.3,Low
PRJ00169,Maharashtra Urban Development Infra Development Phase-169,Urban Development,Ministry of Housing & Urban Affairs,NHPC,Ashoka Buildcon,Maharashtra,741.88,5656.15,662.41,True,2022-06-07,48,93,2026-05-17,2030-01-26,45,True,40.6,19.6,1105.89,100.0,8,3,Price escalation of raw materials; Shortage of skilled manpower,Delayed,100.0,High
PRJ00170,Maharashtra Mining Infra Development Phase-170,Mining,Ministry of Mines,ONGC,GR Infraprojects,Maharashtra,1617.29,552.35,0.0,False,2019-09-06,48,48,2023-08-16,2023-08-16,0,False,89.2,100.0,2034.03,100.0,12,11,None,On Track,1.9,Low
PRJ00171,Maharashtra Water Resources Infra Development Phase-171,Water Resources,Ministry of Jal Shakti,Coal India Ltd,Afcons Infrastructure,Maharashtra,2497.78,4755.22,90.38,True,2021-08-10,60,71,2026-07-15,2027-06-10,11,True,73.5,17.9,850.09,34.0,4,3,Monsoon/weather delays; Court cases/litigation,Delayed,75.7,High
PRJ00172,Maharashtra Water Resources Infra Development Phase-172,Water Resources,Ministry of Jal Shakti,SAIL,Afcons Infrastructure,Maharashtra,2101.17,2525.62,20.2,True,2018-09-16,60,82,2023-08-21,2025-06-11,22,True,92.1,12.3,309.44,14.7,10,9,Contractual issues,Delayed,37.7,Medium
PRJ00173,Maharashtra Telecommunications Infra Development Phase-173,Telecommunications,Ministry of Communications,IWAI,HCC (Hindustan Construction),Maharashtra,1182.16,976.95,0.0,False,2020-09-21,48,48,2024-08-31,2024-08-31,0,False,95.4,15.2,148.23,12.5,4,4,None,On Track,1.2,Low
PRJ00174,Maharashtra Urban Development Infra Development Phase-174,Urban Development,Ministry of Housing & Urban Affairs,NTPC,Simplex Infrastructures,Maharashtra,1210.02,2284.2,88.77,True,2022-11-25,48,78,2026-11-04,2029-04-22,30,True,45.6,19.2,439.03,36.3,10,5,Contractual issues,Delayed,96.6,High
PRJ00175,Maharashtra Water Supply & Sanitation Infra Development Phase-175,Water Supply & Sanitation,Ministry of Jal Shakti,NMDC,Larsen & Toubro Infra,Maharashtra,2871.84,3235.58,12.67,True,2018-09-25,24,47,2020-09-14,2022-08-05,23,True,92.3,41.0,1327.46,46.2,4,4,Delay in tendering/equipment supply; Law and order problems,Delayed,29.4,Medium
PRJ00176,Maharashtra Education Infrastructure Infra Development Phase-176,Education Infrastructure,Ministry of Education,ABC Infrastructure Ltd.,Larsen & Toubro Infra,Maharashtra,2947.43,1260.94,0.0,False,2021-06-17,72,72,2027-05-17,2027-05-17,0,False,79.8,28.3,356.78,12.1,4,3,None,On Track,7.1,Low
PRJ00177,Maharashtra Mining Infra Development Phase-177,Mining,Ministry of Mines,IFFCO,Dilip Buildcon Ltd,Maharashtra,2133.34,2816.28,32.01,True,2022-12-26,48,62,2026-12-05,2028-01-29,14,True,59.3,51.4,1447.45,67.8,10,6,Monsoon/weather delays; Poor contractor mobilization,Delayed,36.5,Medium
PRJ00178,Maharashtra Postal Infrastructure Infra Development Phase-178,Postal Infrastructure,Ministry of Communications,IRCON,Larsen & Toubro Infra,Maharashtra,1019.19,4975.23,388.16,True,2017-10-08,72,87,2023-09-07,2024-11-30,15,True,78.4,25.9,1286.58,100.0,6,5,Shortage of skilled manpower; Court cases/litigation,Delayed,100.0,High
PRJ00179,Maharashtra Ports & Shipping Infra Development Phase-179,Ports & Shipping,"Ministry of Ports, Shipping & Waterways",State PWD,Larsen & Toubro Infra,Maharashtra,1234.77,1535.94,24.39,True,2018-02-08,60,89,2023-01-13,2025-06-01,29,True,72.5,54.2,832.57,67.4,4,3,Law and order problems; Court cases/litigation,Delayed,42.5,Medium
PRJ00180,Maharashtra Steel Infra Development Phase-180,Steel,Ministry of Steel,NHAI,Shapoorji Pallonji Infra,Maharashtra,1754.79,1086.34,0.0,False,2017-07-08,48,48,2021-06-17,2021-06-17,0,False,100.0,51.6,560.65,31.9,8,8,None,Completed,2.2,Low
PRJ00181,Maharashtra Railways Infra Development Phase-181,Railways,Ministry of Railways,RITES,GR Infraprojects,Maharashtra,1908.23,1977.29,3.62,True,2021-01-08,48,56,2024-12-18,2025-08-15,8,True,90.2,38.5,760.81,39.9,8,7,Contractual issues; Change in project scope,Delayed,12.0,Low
PRJ00182,Maharashtra Telecommunications Infra Development Phase-182,Telecommunications,Ministry of Communications,State PWD,Larsen & Toubro Infra,Maharashtra,2441.95,2211.51,0.0,False,2019-01-08,60,98,2023-12-13,2027-01-26,38,True,78.3,49.3,1090.16,44.6,6,5,Funding constraints,Delayed,35.8,Medium
PRJ00183,Uttar Pradesh Education Infrastructure Infra Development Phase-1,Education Infrastructure,Ministry of Education,SAIL,J Kumar Infraprojects,Uttar Pradesh,1405.59,818.79,0.0,False,2019-09-14,24,24,2021-09-03,2021-09-03,0,False,89.5,45.1,369.11,26.3,10,9,None,On Track,9.7,Low
PRJ00184,Uttar Pradesh Healthcare Infrastructure Infra Development Phase-2,Healthcare Infrastructure,Ministry of Health & Family Welfare,PowerGrid,Dilip Buildcon Ltd,Uttar Pradesh,2465.44,661.49,0.0,False,2019-08-10,48,48,2023-07-20,2023-07-20,0,False,94.9,100.0,2148.24,87.1,10,9,None,On Track,0.3,Low
PRJ00185,Uttar Pradesh Fertilizers Infra Development Phase-3,Fertilizers,Ministry of Chemicals & Fertilizers,NBCC,Larsen & Toubro Infra,Uttar Pradesh,3818.79,2337.65,0.0,False,2022-02-26,36,36,2025-02-10,2025-02-10,0,False,91.7,57.4,1342.41,35.2,8,7,None,On Track,8.0,Low
PRJ00186,Uttar Pradesh Rural Infrastructure Infra Development Phase-4,Rural Infrastructure,Ministry of Rural Development,NHAI,Megha Engineering (MEIL),Uttar Pradesh,3193.12,2371.87,0.0,False,2022-03-21,60,92,2027-02-23,2029-10-10,32,True,49.7,33.8,801.16,25.1,8,4,Funding constraints,Delayed,31.4,Medium
PRJ00187,Uttar Pradesh Urban Development Infra Development Phase-5,Urban Development,Ministry of Housing & Urban Affairs,AAI,Larsen & Toubro Infra,Uttar Pradesh,3219.34,5104.1,58.54,True,2020-05-10,48,71,2024-04-19,2026-03-10,23,True,85.0,22.1,1130.34,35.1,10,8,COVID-19 related disruption; Poor contractor mobilization,Delayed,69.0,High
PRJ00188,Uttar Pradesh Steel Infra Development Phase-6,Steel,Ministry of Steel,ONGC,Larsen & Toubro Infra,Uttar Pradesh,710.52,1607.99,126.31,True,2021-04-25,24,30,2023-04-15,2023-10-12,6,True,79.3,82.6,1328.93,100.0,10,8,Shortage of skilled manpower,Delayed,99.7,High
PRJ00189,Uttar Pradesh Water Resources Infra Development Phase-7,Water Resources,Ministry of Jal Shakti,IWAI,GMR Infrastructure,Uttar Pradesh,2747.42,2391.53,0.0,False,2021-01-10,48,48,2024-12-20,2024-12-20,0,False,99.6,18.3,437.2,15.9,12,12,None,Completed,0.0,Low
PRJ00190,Uttar Pradesh Steel Infra Development Phase-8,Steel,Ministry of Steel,ABC Infrastructure Ltd.,Larsen & Toubro Infra,Uttar Pradesh,2665.93,1873.52,0.0,False,2020-04-24,36,64,2023-04-09,2025-07-27,28,True,73.9,45.0,843.62,31.6,4,3,Delay in tendering/equipment supply; Land acquisition delay,Delayed,28.7,Medium
PRJ00191,Uttar Pradesh Healthcare Infrastructure Infra Development Phase-9,Healthcare Infrastructure,Ministry of Health & Family Welfare,IFFCO,PNC Infratech,Uttar Pradesh,2138.01,890.79,0.0,False,2017-07-20,60,60,2022-06-24,2022-06-24,0,False,90.1,100.0,931.69,43.6,12,11,None,On Track,9.1,Low
PRJ00192,Uttar Pradesh Housing Infra Development Phase-10,Housing,Ministry of Housing & Urban Affairs,RITES,KNR Constructions,Uttar Pradesh,2641.47,2357.28,0.0,False,2019-08-01,48,55,2023-07-11,2024-02-06,7,True,93.4,11.8,277.11,10.5,12,11,Shortage of skilled manpower; Utility shifting delay,Delayed,13.1,Low
PRJ00193,Uttar Pradesh Renewable Energy Infra Development Phase-11,Renewable Energy,Ministry of New & Renewable Energy,Deendayal Port Trust,GMR Infrastructure,Uttar Pradesh,503.69,3616.95,618.09,True,2019-10-24,84,97,2026-09-17,2027-10-12,13,True,64.6,41.3,1495.53,100.0,6,4,Forest/environment clearance delay,Delayed,100.0,High
PRJ00194,Uttar Pradesh Steel Infra Development Phase-12,Steel,Ministry of Steel,State Irrigation Dept,KNR Constructions,Uttar Pradesh,278.62,2925.18,949.88,True,2017-05-17,96,116,2025-04-05,2026-11-26,20,True,76.8,21.2,620.42,100.0,12,9,Contractual issues; Forest/environment clearance delay,Delayed,100.0,High
PRJ00195,Uttar Pradesh Steel Infra Development Phase-13,Steel,Ministry of Steel,IRCTC,IRB Infrastructure,Uttar Pradesh,2113.6,1251.64,0.0,False,2021-08-29,48,48,2025-08-08,2025-08-08,0,False,87.1,51.5,644.16,30.5,6,5,None,On Track,7.0,Low
PRJ00196,Uttar Pradesh Renewable Energy Infra Development Phase-14,Renewable Energy,Ministry of New & Renewable Energy,PowerGrid,Tata Projects,Uttar Pradesh,1747.63,7601.7,334.97,True,2021-02-07,48,78,2025-01-17,2027-07-06,30,True,56.4,11.6,883.06,50.5,12,7,Law and order problems; Contractual issues,Delayed,100.0,High
PRJ00197,Uttar Pradesh Housing Infra Development Phase-15,Housing,Ministry of Housing & Urban Affairs,RITES,GR Infraprojects,Uttar Pradesh,1581.43,1707.85,7.99,True,2020-10-19,60,104,2025-09-23,2029-05-05,44,True,48.5,70.8,1208.47,76.4,4,2,Funding constraints; Monsoon/weather delays,Delayed,45.8,Medium
PRJ00198,Uttar Pradesh Petroleum & Natural Gas Infra Development Phase-16,Petroleum & Natural Gas,Ministry of Petroleum & Natural Gas,IFFCO,Larsen & Toubro Infra,Uttar Pradesh,2328.16,3893.98,67.26,True,2021-06-16,72,107,2027-05-16,2030-03-31,35,True,50.6,29.7,1157.16,49.7,12,6,Funding constraints; Price escalation of raw materials,Delayed,84.1,High
PRJ00199,Uttar Pradesh Water Resources Infra Development Phase-17,Water Resources,Ministry of Jal Shakti,NHAI,Larsen & Toubro Infra,Uttar Pradesh,2044.26,1634.57,0.0,False,2019-12-20,48,94,2023-11-29,2027-09-09,46,True,62.0,58.6,957.09,46.8,12,7,COVID-19 related disruption,Delayed,43.2,Medium
PRJ00200,Uttar Pradesh Irrigation Infra Development Phase-18,Irrigation,Ministry of Jal Shakti,IFFCO,IRB Infrastructure,Uttar Pradesh,2193.4,3840.25,75.08,True,2019-12-10,60,74,2024-11-13,2026-01-07,14,True,84.9,29.5,1131.5,51.6,12,10,Court cases/litigation; Forest/environment clearance delay,Delayed,65.8,High
PRJ00201,Uttar Pradesh Rural Infrastructure Infra Development Phase-19,Rural Infrastructure,Ministry of Rural Development,Coal India Ltd,Shapoorji Pallonji Infra,Uttar Pradesh,2996.55,1781.1,0.0,False,2022-04-16,48,48,2026-03-26,2026-03-26,0,False,94.6,32.5,578.36,19.3,4,4,None,On Track,0.0,Low
PRJ00202,Uttar Pradesh Education Infrastructure Infra Development Phase-20,Education Infrastructure,Ministry of Education,NHPC,HCC (Hindustan Construction),Uttar Pradesh,1291.88,1861.03,44.06,True,2020-09-05,48,89,2024-08-15,2027-12-28,41,True,67.5,54.9,1021.82,79.1,12,8,Funding constraints,Delayed,67.5,High
PRJ00203,Uttar Pradesh Fertilizers Infra Development Phase-21,Fertilizers,Ministry of Chemicals & Fertilizers,State Irrigation Dept,IRB Infrastructure,Uttar Pradesh,2221.96,3540.23,59.33,True,2020-05-22,48,97,2024-05-01,2028-05-10,49,True,58.3,36.1,1278.15,57.5,10,6,Contractual issues,Delayed,86.9,High
PRJ00204,Uttar Pradesh Railways Infra Development Phase-22,Railways,Ministry of Railways,IRCON,GMR Infrastructure,Uttar Pradesh,1189.23,5547.97,366.52,True,2020-05-31,36,67,2023-05-16,2025-12-01,31,True,92.9,11.5,636.42,53.5,10,9,Change in project scope,Delayed,100.0,High
PRJ00205,Uttar Pradesh Petroleum & Natural Gas Infra Development Phase-23,Petroleum & Natural Gas,Ministry of Petroleum & Natural Gas,NHPC,Reliance Infrastructure,Uttar Pradesh,423.11,1739.36,311.09,True,2018-07-10,24,48,2020-06-29,2022-06-19,24,True,80.3,54.3,944.79,100.0,10,8,Court cases/litigation; Utility shifting delay,Delayed,100.0,High
PRJ00206,Uttar Pradesh Postal Infrastructure Infra Development Phase-24,Postal Infrastructure,Ministry of Communications,State PWD,Tata Projects,Uttar Pradesh,1507.15,1557.28,3.33,True,2018-09-25,48,94,2022-09-04,2026-06-15,46,True,90.9,83.1,1294.68,85.9,10,9,Monsoon/weather delays,Delayed,41.7,Medium
PRJ00207,Uttar Pradesh Education Infrastructure Infra Development Phase-25,Education Infrastructure,Ministry of Education,State PWD,Larsen & Toubro Infra,Uttar Pradesh,3254.38,1232.12,0.0,False,2020-02-20,72,72,2026-01-19,2026-01-19,0,False,96.1,71.6,882.04,27.1,4,4,None,On Track,1.6,Low
PRJ00208,Uttar Pradesh Irrigation Infra Development Phase-26,Irrigation,Ministry of Jal Shakti,ONGC,Afcons Infrastructure,Uttar Pradesh,1015.44,1105.61,8.88,True,2021-12-22,84,102,2028-11-15,2030-05-09,18,True,39.3,34.9,386.22,38.0,10,4,Court cases/litigation,Delayed,31.8,Medium
PRJ00209,Uttar Pradesh Inland Waterways Infra Development Phase-27,Inland Waterways,"Ministry of Ports, Shipping & Waterways",IFFCO,Dilip Buildcon Ltd,Uttar Pradesh,2336.88,1289.18,0.0,False,2021-02-13,24,24,2023-02-03,2023-02-03,0,False,100.0,100.0,1968.78,84.2,12,12,None,Completed,0.9,Low
PRJ00210,Uttar Pradesh Fertilizers Infra Development Phase-28,Fertilizers,Ministry of Chemicals & Fertilizers,AAI,HCC (Hindustan Construction),Uttar Pradesh,3012.84,1430.14,0.0,False,2017-09-06,84,84,2024-07-31,2024-07-31,0,False,100.0,100.0,1771.84,58.8,10,10,None,Completed,0.0,Low
PRJ00211,Uttar Pradesh Coal Infra Development Phase-29,Coal,Ministry of Coal,ONGC,Tata Projects,Uttar Pradesh,2763.13,3282.35,18.79,True,2018-05-16,48,55,2022-04-25,2022-11-21,7,True,77.2,28.2,925.91,33.5,10,8,Geological surprises,Delayed,21.5,Low
PRJ00212,Uttar Pradesh Fertilizers Infra Development Phase-30,Fertilizers,Ministry of Chemicals & Fertilizers,NMDC,GMR Infrastructure,Uttar Pradesh,1186.25,2731.96,130.3,True,2017-03-29,48,72,2021-03-08,2023-02-26,24,True,88.6,78.1,2132.51,100.0,4,4,Shortage of skilled manpower; Funding constraints,Delayed,100.0,High
PRJ00213,Uttar Pradesh Healthcare Infrastructure Infra Development Phase-31,Healthcare Infrastructure,Ministry of Health & Family Welfare,ONGC,Larsen & Toubro Infra,Uttar Pradesh,1116.92,3047.04,172.81,True,2017-10-09,72,120,2023-09-08,2027-08-18,48,True,66.8,43.6,1327.89,100.0,12,8,Geological surprises,Delayed,100.0,High
PRJ00214,Uttar Pradesh Petroleum & Natural Gas Infra Development Phase-32,Petroleum & Natural Gas,Ministry of Petroleum & Natural Gas,IRCTC,Afcons Infrastructure,Uttar Pradesh,1857.76,3016.93,62.4,True,2018-08-28,84,120,2025-07-22,2028-07-06,36,True,60.1,27.1,816.36,43.9,12,7,Delay in tendering/equipment supply,Delayed,75.6,High
PRJ00215,Uttar Pradesh Civil Aviation Infra Development Phase-33,Civil Aviation,Ministry of Civil Aviation,PowerGrid,Gammon India,Uttar Pradesh,2128.67,3871.96,81.9,True,2019-10-24,24,72,2021-10-13,2025-09-22,48,True,82.6,15.2,587.11,27.6,6,5,Land acquisition delay,Delayed,100.0,High
PRJ00216,Uttar Pradesh Civil Aviation Infra Development Phase-34,Civil Aviation,Ministry of Civil Aviation,NHAI,KNR Constructions,Uttar Pradesh,2629.42,1214.43,0.0,False,2021-01-07,72,72,2026-12-07,2026-12-07,0,False,91.7,36.1,438.89,16.7,6,6,None,On Track,3.2,Low
PRJ00217,Uttar Pradesh Healthcare Infrastructure Infra Development Phase-35,Healthcare Infrastructure,Ministry of Health & Family Welfare,IRCTC,Afcons Infrastructure,Uttar Pradesh,2645.61,2298.15,0.0,False,2017-03-06,60,100,2022-02-08,2025-05-23,40,True,80.3,36.8,844.68,31.9,6,5,Forest/environment clearance delay; Funding constraints,Delayed,33.6,Medium
PRJ00218,Uttar Pradesh Water Supply & Sanitation Infra Development Phase-36,Water Supply & Sanitation,Ministry of Jal Shakti,HUDCO,Afcons Infrastructure,Uttar Pradesh,6749.05,595.73,0.0,False,2018-04-11,48,48,2022-03-21,2022-03-21,0,False,100.0,86.6,515.92,7.6,4,4,None,Completed,9.1,Low
PRJ00219,Uttar Pradesh Housing Infra Development Phase-37,Housing,Ministry of Housing & Urban Affairs,State Irrigation Dept,GMR Infrastructure,Uttar Pradesh,4000.88,599.97,0.0,False,2021-01-22,72,72,2026-12-22,2026-12-22,0,False,86.4,91.0,545.99,13.6,12,10,None,On Track,3.9,Low
PRJ00220,Uttar Pradesh Healthcare Infrastructure Infra Development Phase-38,Healthcare Infrastructure,Ministry of Health & Family Welfare,NTPC,IRB Infrastructure,Uttar Pradesh,1453.05,2159.36,48.61,True,2022-01-26,84,97,2028-12-20,2030-01-14,13,True,45.0,52.6,1136.14,78.2,12,5,Forest/environment clearance delay,Delayed,48.3,Medium
PRJ00221,Uttar Pradesh Rural Infrastructure Infra Development Phase-39,Rural Infrastructure,Ministry of Rural Development,HUDCO,GR Infraprojects,Uttar Pradesh,5311.15,1861.6,0.0,False,2020-05-20,36,50,2023-05-05,2024-06-28,14,True,76.1,19.1,355.15,6.7,10,8,Forest/environment clearance delay,Delayed,17.7,Low
PRJ00222,Uttar Pradesh Housing Infra Development Phase-40,Housing,Ministry of Housing & Urban Affairs,SAIL,Larsen & Toubro Infra,Uttar Pradesh,838.75,2061.75,145.81,True,2021-10-13,36,67,2024-09-27,2027-04-15,31,True,68.4,13.7,283.01,33.7,4,3,COVID-19 related disruption; Forest/environment clearance delay,Delayed,100.0,High
PRJ00223,Uttar Pradesh Ports & Shipping Infra Development Phase-41,Ports & Shipping,"Ministry of Ports, Shipping & Waterways",IRCTC,Patel Engineering,Uttar Pradesh,906.03,2876.06,217.44,True,2018-08-31,48,84,2022-08-10,2025-07-25,36,True,80.7,34.3,987.92,100.0,4,3,Delay in tendering/equipment supply,Delayed,100.0,High
PRJ00224,Uttar Pradesh Education Infrastructure Infra Development Phase-42,Education Infrastructure,Ministry of Education,NMDC,Dilip Buildcon Ltd,Uttar Pradesh,2835.21,4416.27,55.77,True,2020-08-24,36,73,2023-08-09,2026-08-23,37,True,75.0,29.6,1305.81,46.1,10,8,COVID-19 related disruption; Delay in tendering/equipment supply,Delayed,73.7,High
PRJ00225,Uttar Pradesh Education Infrastructure Infra Development Phase-43,Education Infrastructure,Ministry of Education,State PWD,Simplex Infrastructures,Uttar Pradesh,1546.47,2027.92,31.13,True,2018-02-11,60,111,2023-01-16,2027-03-26,51,True,83.5,58.2,1180.63,76.3,4,3,Poor contractor mobilization,Delayed,64.8,High
PRJ00226,Uttar Pradesh Urban Development Infra Development Phase-44,Urban Development,Ministry of Housing & Urban Affairs,Coal India Ltd,Sadbhav Engineering,Uttar Pradesh,4010.34,1830.6,0.0,False,2021-08-22,48,48,2025-08-01,2025-08-01,0,False,97.8,15.8,289.14,7.2,8,8,None,On Track,10.4,Low
PRJ00227,Uttar Pradesh Urban Development Infra Development Phase-45,Urban Development,Ministry of Housing & Urban Affairs,SAIL,Larsen & Toubro Infra,Uttar Pradesh,2585.83,1265.82,0.0,False,2021-08-31,72,72,2027-07-31,2027-07-31,0,False,80.9,45.9,581.09,22.5,4,3,None,On Track,10.7,Low
PRJ00228,Uttar Pradesh Mining Infra Development Phase-46,Mining,Ministry of Mines,State PWD,KNR Constructions,Uttar Pradesh,1702.4,3310.32,94.45,True,2020-07-04,48,80,2024-06-13,2027-01-29,32,True,74.9,19.0,629.12,37.0,8,6,Contractual issues; Utility shifting delay,Delayed,98.0,High
PRJ00229,Uttar Pradesh Housing Infra Development Phase-47,Housing,Ministry of Housing & Urban Affairs,RVNL,Dilip Buildcon Ltd,Uttar Pradesh,1619.78,1339.41,0.0,False,2018-01-09,36,67,2020-12-24,2023-07-12,31,True,87.4,22.6,303.31,18.7,4,3,Poor contractor mobilization,Delayed,30.4,Medium
PRJ00230,Uttar Pradesh Inland Waterways Infra Development Phase-48,Inland Waterways,"Ministry of Ports, Shipping & Waterways",AAI,Simplex Infrastructures,Uttar Pradesh,1583.13,1698.26,7.27,True,2018-06-17,36,83,2021-06-01,2025-04-11,47,True,78.3,55.8,948.19,59.9,12,9,Utility shifting delay,Delayed,51.0,High
PRJ00231,Uttar Pradesh Rural Infrastructure Infra Development Phase-49,Rural Infrastructure,Ministry of Rural Development,NTPC,HCC (Hindustan Construction),Uttar Pradesh,350.75,2915.01,731.08,True,2021-08-10,48,70,2025-07-20,2027-05-11,22,True,73.1,36.2,1056.68,100.0,8,6,Forest/environment clearance delay; Contractual issues,Delayed,100.0,High
PRJ00232,Uttar Pradesh Education Infrastructure Infra Development Phase-50,Education Infrastructure,Ministry of Education,RITES,Larsen & Toubro Infra,Uttar Pradesh,992.68,2123.47,113.91,True,2020-12-11,48,91,2024-11-20,2028-06-02,43,True,49.9,38.9,825.82,83.2,4,2,Contractual issues,Delayed,100.0,High
PRJ00233,Uttar Pradesh Rural Infrastructure Infra Development Phase-51,Rural Infrastructure,Ministry of Rural Development,BSNL,Shapoorji Pallonji Infra,Uttar Pradesh,1169.51,2052.91,75.54,True,2019-07-08,36,47,2022-06-22,2023-05-18,11,True,91.9,14.6,299.55,25.6,4,4,Court cases/litigation; Forest/environment clearance delay,Delayed,67.4,High
PRJ00234,Uttar Pradesh Coal Infra Development Phase-52,Coal,Ministry of Coal,IWAI,Megha Engineering (MEIL),Uttar Pradesh,3311.11,1138.8,0.0,False,2019-07-16,24,24,2021-07-05,2021-07-05,0,False,86.9,100.0,2577.25,77.8,10,9,None,On Track,0.0,Low
PRJ00235,Uttar Pradesh Postal Infrastructure Infra Development Phase-53,Postal Infrastructure,Ministry of Communications,Deendayal Port Trust,Shapoorji Pallonji Infra,Uttar Pradesh,1247.4,2468.42,97.89,True,2017-04-18,72,90,2023-03-18,2024-09-08,18,True,75.8,22.0,542.43,43.5,12,9,Land acquisition delay; Funding constraints,Delayed,86.3,High
PRJ00236,Uttar Pradesh Coal Infra Development Phase-54,Coal,Ministry of Coal,ABC Infrastructure Ltd.,IRB Infrastructure,Uttar Pradesh,2270.45,6126.37,169.83,True,2020-06-19,60,67,2025-05-24,2025-12-20,7,True,81.6,25.9,1588.32,70.0,8,7,Land acquisition delay; Funding constraints,Delayed,100.0,High
PRJ00237,Uttar Pradesh Civil Aviation Infra Development Phase-55,Civil Aviation,Ministry of Civil Aviation,IWAI,IRB Infrastructure,Uttar Pradesh,1623.77,808.98,0.0,False,2021-06-30,60,60,2026-06-04,2026-06-04,0,False,82.2,100.0,1986.27,100.0,4,3,None,On Track,5.7,Low
PRJ00238,Uttar Pradesh Civil Aviation Infra Development Phase-56,Civil Aviation,Ministry of Civil Aviation,NMDC,Afcons Infrastructure,Uttar Pradesh,998.72,939.89,0.0,False,2017-05-06,24,24,2019-04-26,2019-04-26,0,False,100.0,76.3,717.33,71.8,4,4,None,Completed,0.0,Low
PRJ00239,Uttar Pradesh Telecommunications Infra Development Phase-57,Telecommunications,Ministry of Communications,ONGC,GMR Infrastructure,Uttar Pradesh,2133.01,3156.64,47.99,True,2021-03-21,24,35,2023-03-11,2024-02-04,11,True,80.7,37.5,1182.33,55.4,10,8,Utility shifting delay; Funding constraints,Delayed,50.7,High
PRJ00240,Uttar Pradesh Irrigation Infra Development Phase-58,Irrigation,Ministry of Jal Shakti,RITES,Shapoorji Pallonji Infra,Uttar Pradesh,1796.75,2331.72,29.77,True,2020-08-21,60,80,2025-07-26,2027-03-18,20,True,60.1,15.5,360.76,20.1,12,7,Forest/environment clearance delay,Delayed,54.3,High
PRJ00241,Uttar Pradesh Civil Aviation Infra Development Phase-59,Civil Aviation,Ministry of Civil Aviation,GAIL,Larsen & Toubro Infra,Uttar Pradesh,3297.29,4240.76,28.61,True,2017-07-23,60,70,2022-06-27,2023-04-23,10,True,86.6,17.4,736.26,22.3,4,3,COVID-19 related disruption; Utility shifting delay,Delayed,31.7,Medium
PRJ00242,Uttar Pradesh Water Supply & Sanitation Infra Development Phase-60,Water Supply & Sanitation,Ministry of Jal Shakti,BSNL,Larsen & Toubro Infra,Uttar Pradesh,1408.37,1239.51,0.0,False,2021-12-16,36,36,2024-11-30,2024-11-30,0,False,95.8,97.3,1205.77,85.6,10,10,None,On Track,0.0,Low
PRJ00243,Uttar Pradesh Coal Infra Development Phase-61,Coal,Ministry of Coal,ONGC,NCC Limited,Uttar Pradesh,1183.26,3339.65,182.24,True,2022-09-30,72,97,2028-08-29,2030-09-18,25,True,39.1,28.0,935.88,79.1,4,2,Poor contractor mobilization; Forest/environment clearance delay,Delayed,100.0,High
PRJ00244,Uttar Pradesh Steel Infra Development Phase-62,Steel,Ministry of Steel,IFFCO,Dilip Buildcon Ltd,Uttar Pradesh,2908.4,2468.7,0.0,False,2022-06-17,48,48,2026-05-27,2026-05-27,0,False,86.1,56.5,1394.8,48.0,12,10,None,On Track,0.0,Low
PRJ00245,Uttar Pradesh Rural Infrastructure Infra Development Phase-63,Rural Infrastructure,Ministry of Rural Development,RITES,GR Infraprojects,Uttar Pradesh,1622.75,1062.17,0.0,False,2017-07-06,72,72,2023-06-05,2023-06-05,0,False,100.0,64.3,682.86,42.1,6,6,None,Completed,4.0,Low
PRJ00246,Uttar Pradesh Water Resources Infra Development Phase-64,Water Resources,Ministry of Jal Shakti,Deendayal Port Trust,GR Infraprojects,Uttar Pradesh,3047.45,1342.91,0.0,False,2017-08-13,36,36,2020-07-28,2020-07-28,0,False,96.3,100.0,1588.2,52.1,4,4,None,On Track,7.2,Low
PRJ00247,Uttar Pradesh Renewable Energy Infra Development Phase-65,Renewable Energy,Ministry of New & Renewable Energy,RITES,Megha Engineering (MEIL),Uttar Pradesh,1278.09,2043.21,59.86,True,2019-05-16,48,89,2023-04-25,2026-09-06,41,True,78.4,23.8,486.05,38.0,6,5,Rehabilitation & resettlement issues; Law and order problems,Delayed,82.2,High
PRJ00248,Uttar Pradesh Inland Waterways Infra Development Phase-66,Inland Waterways,"Ministry of Ports, Shipping & Waterways",NHAI,Larsen & Toubro Infra,Uttar Pradesh,1983.36,1135.61,0.0,False,2022-07-31,48,48,2026-07-10,2026-07-10,0,False,89.9,100.0,1191.46,60.1,10,9,None,On Track,5.7,Low
PRJ00249,Uttar Pradesh Power Infra Development Phase-67,Power,Ministry of Power,PowerGrid,Shapoorji Pallonji Infra,Uttar Pradesh,1215.42,3764.36,209.72,True,2021-04-07,60,70,2026-03-12,2027-01-06,10,True,66.4,17.0,640.08,52.7,12,8,Court cases/litigation,Delayed,100.0,High
PRJ00250,Uttar Pradesh Ports & Shipping Infra Development Phase-68,Ports & Shipping,"Ministry of Ports, Shipping & Waterways",SAIL,NCC Limited,Uttar Pradesh,1039.53,3068.3,195.16,True,2017-06-23,72,81,2023-05-23,2024-02-17,9,True,89.7,8.7,267.0,25.7,10,9,COVID-19 related disruption,Delayed,100.0,High
PRJ00251,Uttar Pradesh Ports & Shipping Infra Development Phase-69,Ports & Shipping,"Ministry of Ports, Shipping & Waterways",IRCTC,NCC Limited,Uttar Pradesh,300.81,1477.27,391.1,True,2021-10-25,60,96,2026-09-29,2029-09-13,36,True,45.4,93.4,1380.37,100.0,12,5,Poor contractor mobilization; Contractual issues,Delayed,100.0,High
PRJ00252,Uttar Pradesh Inland Waterways Infra Development Phase-70,Inland Waterways,"Ministry of Ports, Shipping & Waterways",SAIL,Larsen & Toubro Infra,Uttar Pradesh,4090.7,1832.65,0.0,False,2017-03-27,60,60,2022-03-01,2022-03-01,0,False,100.0,31.2,572.22,14.0,8,8,None,Completed,0.0,Low
PRJ00253,Uttar Pradesh Power Infra Development Phase-71,Power,Ministry of Power,Deendayal Port Trust,Gammon India,Uttar Pradesh,1323.89,3435.84,159.53,True,2022-02-28,48,80,2026-02-07,2028-09-24,32,True,50.3,13.4,460.28,34.8,8,4,Poor contractor mobilization,Delayed,100.0,High
PRJ00254,Uttar Pradesh Inland Waterways Infra Development Phase-72,Inland Waterways,"Ministry of Ports, Shipping & Waterways",Coal India Ltd,IRB Infrastructure,Uttar Pradesh,2448.64,1943.93,0.0,False,2021-11-20,72,72,2027-10-20,2027-10-20,0,False,80.5,93.1,1808.93,73.9,12,10,None,On Track,4.6,Low
PRJ00255,Uttar Pradesh Water Resources Infra Development Phase-73,Water Resources,Ministry of Jal Shakti,HUDCO,Tata Projects,Uttar Pradesh,1636.38,5607.97,242.71,True,2017-11-19,84,118,2024-10-13,2027-07-30,34,True,77.7,26.4,1479.2,90.4,10,8,Utility shifting delay; Change in project scope,Delayed,100.0,High
PRJ00256,Uttar Pradesh Mining Infra Development Phase-74,Mining,Ministry of Mines,GAIL,Shapoorji Pallonji Infra,Uttar Pradesh,3465.68,2742.87,0.0,False,2017-11-09,48,48,2021-10-19,2021-10-19,0,False,100.0,16.3,446.49,12.9,12,12,None,Completed,0.8,Low
PRJ00257,Uttar Pradesh Fertilizers Infra Development Phase-75,Fertilizers,Ministry of Chemicals & Fertilizers,NTPC,Reliance Infrastructure,Uttar Pradesh,490.04,1171.43,139.05,True,2022-12-14,48,81,2026-11-23,2029-08-09,33,True,38.6,34.2,400.68,81.8,12,5,Court cases/litigation,Delayed,100.0,High
PRJ00258,Uttar Pradesh Irrigation Infra Development Phase-76,Irrigation,Ministry of Jal Shakti,NMDC,Larsen & Toubro Infra,Uttar Pradesh,2057.23,977.52,0.0,False,2018-08-28,72,72,2024-07-27,2024-07-27,0,False,100.0,70.7,691.38,33.6,6,6,None,Completed,5.4,Low
PRJ00259,Uttar Pradesh Inland Waterways Infra Development Phase-77,Inland Waterways,"Ministry of Ports, Shipping & Waterways",PowerGrid,Larsen & Toubro Infra,Uttar Pradesh,2799.54,3639.97,30.02,True,2019-11-15,72,118,2025-10-14,2029-07-25,46,True,46.1,11.6,421.43,15.1,6,3,Contractual issues,Delayed,66.9,High
PRJ00260,Uttar Pradesh Fertilizers Infra Development Phase-78,Fertilizers,Ministry of Chemicals & Fertilizers,RVNL,Shapoorji Pallonji Infra,Uttar Pradesh,1883.04,1528.17,0.0,False,2018-12-27,48,80,2022-12-06,2025-07-23,32,True,88.9,100.0,2032.6,100.0,10,9,COVID-19 related disruption; Utility shifting delay,Delayed,27.5,Medium
PRJ00261,Uttar Pradesh Healthcare Infrastructure Infra Development Phase-79,Healthcare Infrastructure,Ministry of Health & Family Welfare,NMDC,Afcons Infrastructure,Uttar Pradesh,1108.09,2202.34,98.75,True,2020-08-16,60,106,2025-07-21,2029-05-01,46,True,54.6,11.5,253.96,22.9,8,4,COVID-19 related disruption,Delayed,100.0,High
PRJ00262,Uttar Pradesh Ports & Shipping Infra Development Phase-80,Ports & Shipping,"Ministry of Ports, Shipping & Waterways",BSNL,Shapoorji Pallonji Infra,Uttar Pradesh,507.38,151.91,0.0,False,2021-12-17,48,48,2025-11-26,2025-11-26,0,False,100.0,100.0,2378.98,100.0,8,8,None,Completed,0.6,Low
PRJ00263,Uttar Pradesh Coal Infra Development Phase-81,Coal,Ministry of Coal,IWAI,Afcons Infrastructure,Uttar Pradesh,1189.4,2045.1,71.94,True,2017-08-19,48,55,2021-07-29,2022-02-24,7,True,91.5,57.0,1165.09,98.0,8,7,Rehabilitation & resettlement issues,Delayed,59.7,High
PRJ00264,Uttar Pradesh Urban Development Infra Development Phase-82,Urban Development,Ministry of Housing & Urban Affairs,State Irrigation Dept,Afcons Infrastructure,Uttar Pradesh,392.62,734.58,87.1,True,2017-06-04,84,105,2024-04-28,2026-01-18,21,True,79.1,100.0,1292.11,100.0,4,3,Rehabilitation & resettlement issues; Forest/environment clearance delay,Delayed,80.3,High
PRJ00265,Uttar Pradesh Fertilizers Infra Development Phase-83,Fertilizers,Ministry of Chemicals & Fertilizers,RVNL,Simplex Infrastructures,Uttar Pradesh,2760.69,727.08,0.0,False,2022-09-08,36,36,2025-08-23,2025-08-23,0,False,100.0,100.0,990.77,35.9,10,10,None,Completed,3.7,Low
PRJ00266,Uttar Pradesh Urban Development Infra Development Phase-84,Urban Development,Ministry of Housing & Urban Affairs,IWAI,J Kumar Infraprojects,Uttar Pradesh,2393.47,3973.44,66.01,True,2017-06-18,24,49,2019-06-08,2021-06-27,25,True,73.9,7.2,286.83,12.0,10,7,Utility shifting delay,Delayed,72.4,High
PRJ00267,Uttar Pradesh Education Infrastructure Infra Development Phase-85,Education Infrastructure,Ministry of Education,BSNL,KNR Constructions,Uttar Pradesh,2930.16,1652.7,0.0,False,2022-08-16,60,75,2027-07-21,2028-10-13,15,True,41.8,88.2,1457.87,49.8,6,3,COVID-19 related disruption,Delayed,17.3,Low
PRJ00268,Uttar Pradesh Inland Waterways Infra Development Phase-86,Inland Waterways,"Ministry of Ports, Shipping & Waterways",IRCTC,PNC Infratech,Uttar Pradesh,956.31,1598.62,67.17,True,2017-12-12,24,75,2019-12-02,2024-02-09,51,True,70.6,59.3,948.62,99.2,12,8,Forest/environment clearance delay,Delayed,97.0,High
PRJ00269,Uttar Pradesh Petroleum & Natural Gas Infra Development Phase-87,Petroleum & Natural Gas,Ministry of Petroleum & Natural Gas,ABC Infrastructure Ltd.,Larsen & Toubro Infra,Uttar Pradesh,851.08,5911.89,594.63,True,2021-11-29,48,91,2025-11-08,2029-05-21,43,True,52.3,8.2,484.57,56.9,10,5,Court cases/litigation,Delayed,100.0,High
PRJ00270,Uttar Pradesh Irrigation Infra Development Phase-88,Irrigation,Ministry of Jal Shakti,RITES,Afcons Infrastructure,Uttar Pradesh,2470.63,3481.85,40.93,True,2021-05-06,48,64,2025-04-15,2026-08-08,16,True,78.9,48.6,1691.41,68.5,10,8,Forest/environment clearance delay; Price escalation of raw materials,Delayed,46.9,Medium
PRJ00271,Uttar Pradesh Fertilizers Infra Development Phase-89,Fertilizers,Ministry of Chemicals & Fertilizers,NMDC,Tata Projects,Uttar Pradesh,2417.24,4730.43,95.7,True,2020-10-02,60,89,2025-09-06,2028-01-24,29,True,66.5,34.2,1619.15,67.0,4,3,Change in project scope; Delay in tendering/equipment supply,Delayed,94.7,High
PRJ00272,Uttar Pradesh Rural Infrastructure Infra Development Phase-90,Rural Infrastructure,Ministry of Rural Development,SAIL,Dilip Buildcon Ltd,Uttar Pradesh,451.47,4050.63,797.21,True,2020-03-09,24,53,2022-02-27,2024-07-16,29,True,72.1,41.9,1696.1,100.0,8,6,Utility shifting delay,Delayed,100.0,High
PRJ00273,Uttar Pradesh Ports & Shipping Infra Development Phase-91,Ports & Shipping,"Ministry of Ports, Shipping & Waterways",IWAI,GR Infraprojects,Uttar Pradesh,1149.9,3203.34,178.58,True,2018-08-03,84,103,2025-06-27,2027-01-18,19,True,79.0,48.7,1561.05,100.0,8,6,Price escalation of raw materials; Funding constraints,Delayed,100.0,High
PRJ00274,Uttar Pradesh Education Infrastructure Infra Development Phase-92,Education Infrastructure,Ministry of Education,ABC Infrastructure Ltd.,J Kumar Infraprojects,Uttar Pradesh,4214.74,4612.99,9.45,True,2017-12-14,60,90,2022-11-18,2025-05-06,30,True,88.4,14.2,656.61,15.6,8,7,Utility shifting delay; Poor contractor mobilization,Delayed,42.9,Medium
PRJ00275,Uttar Pradesh Civil Aviation Infra Development Phase-93,Civil Aviation,Ministry of Civil Aviation,IFFCO,Shapoorji Pallonji Infra,Uttar Pradesh,2830.27,1219.41,0.0,False,2022-11-27,72,72,2028-10-26,2028-10-26,0,False,48.5,100.0,1272.04,44.9,4,2,None,On Track,11.0,Low
PRJ00276,Uttar Pradesh Fertilizers Infra Development Phase-94,Fertilizers,Ministry of Chemicals & Fertilizers,IFFCO,J Kumar Infraprojects,Uttar Pradesh,1549.8,1118.8,0.0,False,2021-10-01,48,48,2025-09-10,2025-09-10,0,False,86.6,100.0,1671.35,100.0,12,10,None,On Track,5.0,Low
PRJ00277,Uttar Pradesh Irrigation Infra Development Phase-95,Irrigation,Ministry of Jal Shakti,NHAI,Shapoorji Pallonji Infra,Uttar Pradesh,773.14,729.56,0.0,False,2021-01-25,24,24,2023-01-15,2023-01-15,0,False,100.0,100.0,1571.85,100.0,8,8,None,Completed,0.0,Low
PRJ00278,Uttar Pradesh Power Infra Development Phase-96,Power,Ministry of Power,ONGC,Larsen & Toubro Infra,Uttar Pradesh,941.48,540.71,0.0,False,2020-10-31,36,59,2023-10-16,2025-09-05,23,True,71.4,23.1,124.67,13.2,10,7,Shortage of skilled manpower,Delayed,23.9,Low
PRJ00279,Uttar Pradesh Civil Aviation Infra Development Phase-97,Civil Aviation,Ministry of Civil Aviation,PowerGrid,PNC Infratech,Uttar Pradesh,1379.42,2175.23,57.69,True,2017-11-13,24,42,2019-11-03,2021-04-26,18,True,73.7,40.8,887.55,64.3,8,6,Forest/environment clearance delay,Delayed,59.2,High
PRJ00280,Uttar Pradesh Rural Infrastructure Infra Development Phase-98,Rural Infrastructure,Ministry of Rural Development,IRCTC,Shapoorji Pallonji Infra,Uttar Pradesh,654.96,661.02,0.93,False,2018-06-21,72,72,2024-05-20,2024-05-20,0,False,92.5,87.8,580.09,88.6,12,11,None,On Track,3.9,Low
PRJ00281,Uttar Pradesh Water Resources Infra Development Phase-99,Water Resources,Ministry of Jal Shakti,PowerGrid,Larsen & Toubro Infra,Uttar Pradesh,3529.63,918.89,0.0,False,2018-10-27,36,75,2021-10-11,2024-12-24,39,True,86.8,100.0,2017.95,57.2,6,5,COVID-19 related disruption,Delayed,32.8,Medium
PRJ00282,Uttar Pradesh Railways Infra Development Phase-100,Railways,Ministry of Railways,State PWD,Shapoorji Pallonji Infra,Uttar Pradesh,3354.16,1765.69,0.0,False,2021-02-01,72,98,2027-01-01,2029-02-19,26,True,46.5,50.7,895.63,26.7,6,3,Rehabilitation & resettlement issues; Price escalation of raw materials,Delayed,31.7,Medium
PRJ00283,Uttar Pradesh Urban Development Infra Development Phase-101,Urban Development,Ministry of Housing & Urban Affairs,Coal India Ltd,Tata Projects,Uttar Pradesh,792.85,198.76,0.0,False,2022-12-28,60,60,2027-12-02,2027-12-02,0,False,58.8,100.0,1213.18,100.0,6,4,None,On Track,9.5,Low
PRJ00284,Uttar Pradesh Steel Infra Development Phase-102,Steel,Ministry of Steel,BSNL,Shapoorji Pallonji Infra,Uttar Pradesh,4839.45,1929.7,0.0,False,2019-03-06,48,74,2023-02-13,2025-04-03,26,True,72.1,54.1,1043.9,21.6,8,6,COVID-19 related disruption; Price escalation of raw materials,Delayed,26.8,Medium
PRJ00285,Uttar Pradesh Steel Infra Development Phase-103,Steel,Ministry of Steel,SAIL,Afcons Infrastructure,Uttar Pradesh,1350.05,2042.77,51.31,True,2022-08-22,48,93,2026-08-01,2030-04-12,45,True,36.4,93.1,1901.2,100.0,12,4,Law and order problems; Poor contractor mobilization,Delayed,76.2,High
PRJ00286,Uttar Pradesh Renewable Energy Infra Development Phase-104,Renewable Energy,Ministry of New & Renewable Energy,Deendayal Port Trust,Shapoorji Pallonji Infra,Uttar Pradesh,1823.45,5696.99,212.43,True,2018-07-21,48,63,2022-06-30,2023-09-23,15,True,89.4,42.1,2397.19,100.0,8,7,Monsoon/weather delays,Delayed,100.0,High
PRJ00287,Uttar Pradesh Irrigation Infra Development Phase-105,Irrigation,Ministry of Jal Shakti,NHPC,Reliance Infrastructure,Uttar Pradesh,1337.67,2304.23,72.26,True,2018-02-25,48,90,2022-02-04,2025-07-18,42,True,84.1,41.3,952.44,71.2,12,10,Rehabilitation & resettlement issues,Delayed,86.1,High
PRJ00288,Uttar Pradesh Ports & Shipping Infra Development Phase-106,Ports & Shipping,"Ministry of Ports, Shipping & Waterways",GAIL,Afcons Infrastructure,Uttar Pradesh,848.7,2177.49,156.57,True,2020-01-23,60,75,2024-12-27,2026-03-22,15,True,82.1,49.4,1075.22,100.0,10,8,Poor contractor mobilization,Delayed,100.0,High
PRJ00289,Uttar Pradesh Ports & Shipping Infra Development Phase-107,Ports & Shipping,"Ministry of Ports, Shipping & Waterways",Coal India Ltd,Tata Projects,Uttar Pradesh,1443.68,4612.07,219.47,True,2022-01-22,48,86,2026-01-01,2029-02-14,38,True,53.4,42.6,1963.42,100.0,8,4,Poor contractor mobilization,Delayed,100.0,High
PRJ00290,Uttar Pradesh Railways Infra Development Phase-108,Railways,Ministry of Railways,SAIL,Shapoorji Pallonji Infra,Uttar Pradesh,458.33,1743.53,280.41,True,2022-08-19,48,91,2026-07-29,2030-02-08,43,True,36.2,24.5,427.61,93.3,8,3,Price escalation of raw materials,Delayed,100.0,High
PRJ00291,Uttar Pradesh Ports & Shipping Infra Development Phase-109,Ports & Shipping,"Ministry of Ports, Shipping & Waterways",AAI,PNC Infratech,Uttar Pradesh,1450.2,2271.84,56.66,True,2019-07-09,36,58,2022-06-23,2024-04-13,22,True,88.4,20.4,464.25,32.0,4,4,Change in project scope; Poor contractor mobilization,Delayed,62.9,High
PRJ00292,Uttar Pradesh Fertilizers Infra Development Phase-110,Fertilizers,Ministry of Chemicals & Fertilizers,IRCTC,Shapoorji Pallonji Infra,Uttar Pradesh,1715.32,3499.52,104.02,True,2018-08-22,96,107,2026-07-11,2027-06-06,11,True,68.7,17.3,606.71,35.4,6,4,Rehabilitation & resettlement issues,Delayed,89.4,High
PRJ00293,Uttar Pradesh Housing Infra Development Phase-111,Housing,Ministry of Housing & Urban Affairs,ABC Infrastructure Ltd.,KNR Constructions,Uttar Pradesh,2084.25,1236.45,0.0,False,2018-07-23,36,36,2021-07-07,2021-07-07,0,False,89.6,100.0,1441.92,69.2,10,9,None,On Track,0.3,Low
PRJ00294,Uttar Pradesh Urban Development Infra Development Phase-112,Urban Development,Ministry of Housing & Urban Affairs,Deendayal Port Trust,Larsen & Toubro Infra,Uttar Pradesh,585.96,3513.49,499.61,True,2017-01-22,72,97,2022-12-22,2025-01-10,25,True,85.1,27.6,969.79,100.0,4,3,Delay in tendering/equipment supply,Delayed,100.0,High
PRJ00295,Uttar Pradesh Renewable Energy Infra Development Phase-113,Renewable Energy,Ministry of New & Renewable Energy,PowerGrid,GMR Infrastructure,Uttar Pradesh,614.34,768.59,25.11,True,2022-12-02,60,69,2027-11-06,2028-08-02,9,True,46.6,79.5,610.85,99.4,10,5,Rehabilitation & resettlement issues,Delayed,30.3,Medium
PRJ00296,Uttar Pradesh Petroleum & Natural Gas Infra Development Phase-114,Petroleum & Natural Gas,Ministry of Petroleum & Natural Gas,RITES,Larsen & Toubro Infra,Uttar Pradesh,2029.05,2973.66,46.55,True,2018-05-15,60,94,2023-04-19,2026-02-02,34,True,84.3,61.8,1837.84,90.6,4,3,Poor contractor mobilization,Delayed,65.9,High
PRJ00297,Uttar Pradesh Fertilizers Infra Development Phase-115,Fertilizers,Ministry of Chemicals & Fertilizers,Deendayal Port Trust,Shapoorji Pallonji Infra,Uttar Pradesh,794.85,2984.48,275.48,True,2022-02-16,96,140,2030-01-05,2033-08-17,44,True,27.3,10.3,306.33,38.5,4,1,Monsoon/weather delays,Delayed,100.0,High
PRJ00298,Uttar Pradesh Education Infrastructure Infra Development Phase-116,Education Infrastructure,Ministry of Education,NHPC,GR Infraprojects,Uttar Pradesh,1584.18,1572.04,0.0,False,2017-03-09,72,72,2023-02-06,2023-02-06,0,False,100.0,37.6,591.5,37.3,12,12,None,Completed,9.9,Low
PRJ00299,Uttar Pradesh Healthcare Infrastructure Infra Development Phase-117,Healthcare Infrastructure,Ministry of Health & Family Welfare,Coal India Ltd,Larsen & Toubro Infra,Uttar Pradesh,3554.64,1809.51,0.0,False,2018-08-12,48,87,2022-07-22,2025-10-04,39,True,81.5,46.7,845.9,23.8,8,7,Land acquisition delay; Rehabilitation & resettlement issues,Delayed,32.8,Medium
PRJ00300,Uttar Pradesh Irrigation Infra Development Phase-118,Irrigation,Ministry of Jal Shakti,Coal India Ltd,Afcons Infrastructure,Uttar Pradesh,743.93,4883.16,556.4,True,2021-09-03,84,132,2028-07-28,2032-07-07,48,True,39.5,49.0,2390.91,100.0,6,2,Court cases/litigation,Delayed,100.0,High
PRJ00301,Uttar Pradesh Ports & Shipping Infra Development Phase-119,Ports & Shipping,"Ministry of Ports, Shipping & Waterways",HUDCO,GR Infraprojects,Uttar Pradesh,1014.62,1893.68,86.64,True,2022-09-10,84,134,2029-08-04,2033-09-12,50,True,30.0,31.9,603.28,59.5,12,4,Price escalation of raw materials,Delayed,100.0,High
PRJ00302,Uttar Pradesh Housing Infra Development Phase-120,Housing,Ministry of Housing & Urban Affairs,IRCON,NCC Limited,Uttar Pradesh,3110.99,2765.47,0.0,False,2021-05-04,36,36,2024-04-18,2024-04-18,0,False,95.7,46.0,1272.77,40.9,8,8,None,On Track,0.0,Low
PRJ00303,Uttar Pradesh Coal Infra Development Phase-121,Coal,Ministry of Coal,NHAI,GR Infraprojects,Uttar Pradesh,449.09,2088.76,365.11,True,2021-01-02,96,131,2028-11-21,2031-10-07,35,True,38.7,40.4,844.87,100.0,4,2,Shortage of skilled manpower; Court cases/litigation,Delayed,100.0,High
PRJ00304,Uttar Pradesh Rural Infrastructure Infra Development Phase-122,Rural Infrastructure,Ministry of Rural Development,NMDC,KNR Constructions,Uttar Pradesh,1598.31,1309.31,0.0,False,2018-03-01,72,92,2024-01-29,2025-09-20,20,True,82.8,30.9,404.86,25.3,12,10,Contractual issues; Land acquisition delay,Delayed,26.8,Medium
PRJ00305,Uttar Pradesh Irrigation Infra Development Phase-123,Irrigation,Ministry of Jal Shakti,NHPC,GR Infraprojects,Uttar Pradesh,2161.87,1369.85,0.0,False,2020-10-18,84,84,2027-09-12,2027-09-12,0,False,77.1,91.9,1258.72,58.2,6,5,None,On Track,0.0,Low
PRJ00306,Uttar Pradesh Rural Infrastructure Infra Development Phase-124,Rural Infrastructure,Ministry of Rural Development,State Irrigation Dept,Tata Projects,Uttar Pradesh,3013.36,2551.73,0.0,False,2022-05-15,36,73,2025-04-29,2028-05-13,37,True,48.8,30.2,771.88,25.6,6,3,Funding constraints,Delayed,44.1,Medium
PRJ00307,Uttar Pradesh Urban Development Infra Development Phase-125,Urban Development,Ministry of Housing & Urban Affairs,IRCON,Shapoorji Pallonji Infra,Uttar Pradesh,1363.03,4329.21,217.62,True,2020-04-16,48,96,2024-03-26,2028-03-05,48,True,55.0,15.2,660.16,48.4,6,3,Geological surprises,Delayed,100.0,High
PRJ00308,Bihar Railways Infra Development Phase-1,Railways,Ministry of Railways,IRCTC,HCC (Hindustan Construction),Bihar,2449.39,2191.59,0.0,False,2020-06-24,48,48,2024-06-03,2024-06-03,0,False,95.5,20.1,441.3,18.0,12,11,None,On Track,9.0,Low
PRJ00309,Bihar Water Resources Infra Development Phase-2,Water Resources,Ministry of Jal Shakti,NHPC,HCC (Hindustan Construction),Bihar,3113.97,1693.15,0.0,False,2022-04-24,72,101,2028-03-23,2030-08-10,29,True,43.8,58.9,997.3,32.0,8,4,Geological surprises,Delayed,33.5,Medium
PRJ00310,Bihar Steel Infra Development Phase-3,Steel,Ministry of Steel,AAI,KNR Constructions,Bihar,1166.46,2718.23,133.03,True,2017-07-15,48,89,2021-06-24,2024-11-05,41,True,80.1,53.7,1460.87,100.0,8,6,Change in project scope; Price escalation of raw materials,Delayed,100.0,High
PRJ00311,Bihar Irrigation Infra Development Phase-4,Irrigation,Ministry of Jal Shakti,State PWD,Larsen & Toubro Infra,Bihar,1936.52,937.88,0.0,False,2021-06-27,60,60,2026-06-01,2026-06-01,0,False,85.3,100.0,1307.1,67.5,10,9,None,On Track,3.1,Low
PRJ00312,Bihar Water Resources Infra Development Phase-5,Water Resources,Ministry of Jal Shakti,IRCTC,Larsen & Toubro Infra,Bihar,1199.21,332.05,0.0,False,2019-02-05,84,84,2025-12-30,2025-12-30,0,False,100.0,100.0,1256.54,100.0,10,10,None,Completed,4.1,Low
PRJ00313,Bihar Housing Infra Development Phase-6,Housing,Ministry of Housing & Urban Affairs,AAI,Afcons Infrastructure,Bihar,2439.36,4167.37,70.84,True,2022-10-28,48,81,2026-10-07,2029-06-23,33,True,48.1,42.7,1779.75,73.0,8,4,Poor contractor mobilization,Delayed,79.7,High
PRJ00314,Bihar Ports & Shipping Infra Development Phase-7,Ports & Shipping,"Ministry of Ports, Shipping & Waterways",State PWD,Shapoorji Pallonji Infra,Bihar,1711.07,4662.25,172.48,True,2019-01-10,36,60,2021-12-25,2023-12-15,24,True,81.8,13.1,611.5,35.7,12,10,Utility shifting delay; Forest/environment clearance delay,Delayed,100.0,High
PRJ00315,Bihar Ports & Shipping Infra Development Phase-8,Ports & Shipping,"Ministry of Ports, Shipping & Waterways",IRCTC,Larsen & Toubro Infra,Bihar,3615.94,1542.43,0.0,False,2020-04-25,60,105,2025-03-30,2028-12-09,45,True,56.3,14.3,220.72,6.1,8,5,Poor contractor mobilization; Funding constraints,Delayed,48.9,Medium
PRJ00316,Bihar Urban Development Infra Development Phase-9,Urban Development,Ministry of Housing & Urban Affairs,AAI,Larsen & Toubro Infra,Bihar,1735.74,1191.67,0.0,False,2022-01-06,60,60,2026-12-11,2026-12-11,0,False,89.0,57.2,681.58,39.3,4,4,None,On Track,0.0,Low
PRJ00317,Bihar Irrigation Infra Development Phase-10,Irrigation,Ministry of Jal Shakti,Deendayal Port Trust,GMR Infrastructure,Bihar,2144.14,1820.49,0.0,False,2021-11-17,36,36,2024-11-01,2024-11-01,0,False,92.9,38.8,706.71,33.0,8,7,None,On Track,4.1,Low
PRJ00318,Bihar Fertilizers Infra Development Phase-11,Fertilizers,Ministry of Chemicals & Fertilizers,IRCON,Ashoka Buildcon,Bihar,1796.4,952.37,0.0,False,2017-11-04,24,24,2019-10-25,2019-10-25,0,False,89.6,100.0,2894.17,100.0,10,9,None,On Track,0.0,Low
PRJ00319,Bihar Irrigation Infra Development Phase-12,Irrigation,Ministry of Jal Shakti,HUDCO,Ashoka Buildcon,Bihar,703.06,2569.68,265.5,True,2018-10-18,36,45,2021-10-02,2022-06-29,9,True,70.6,21.0,539.09,76.7,4,3,COVID-19 related disruption,Delayed,100.0,High
PRJ00320,Bihar Railways Infra Development Phase-13,Railways,Ministry of Railways,PowerGrid,GR Infraprojects,Bihar,3001.85,1651.98,0.0,False,2017-10-03,84,122,2024-08-27,2027-10-11,38,True,60.6,95.1,1570.4,52.3,6,4,Court cases/litigation; Geological surprises,Delayed,33.2,Medium
PRJ00321,Bihar Healthcare Infrastructure Infra Development Phase-14,Healthcare Infrastructure,Ministry of Health & Family Welfare,IRCON,Larsen & Toubro Infra,Bihar,1943.57,1509.93,0.0,False,2018-09-21,60,106,2023-08-26,2027-06-06,46,True,73.2,100.0,2584.12,100.0,10,7,Court cases/litigation; Shortage of skilled manpower,Delayed,38.0,Medium
PRJ00322,Bihar Ports & Shipping Infra Development Phase-15,Ports & Shipping,"Ministry of Ports, Shipping & Waterways",IWAI,Shapoorji Pallonji Infra,Bihar,2177.63,1422.33,0.0,False,2018-07-18,60,60,2023-06-22,2023-06-22,0,False,100.0,100.0,2265.97,100.0,12,12,None,Completed,0.0,Low
PRJ00323,Bihar Irrigation Infra Development Phase-16,Irrigation,Ministry of Jal Shakti,SAIL,Shapoorji Pallonji Infra,Bihar,2775.96,1962.52,0.0,False,2020-07-11,36,79,2023-06-26,2027-01-06,43,True,67.2,41.4,811.98,29.3,8,5,Change in project scope,Delayed,38.8,Medium
PRJ00324,Bihar Roads & Highways Infra Development Phase-17,Roads & Highways,Ministry of Road Transport & Highways,GAIL,Shapoorji Pallonji Infra,Bihar,2843.11,1668.34,0.0,False,2022-08-07,60,60,2027-07-12,2027-07-12,0,False,70.8,79.0,1318.51,46.4,12,8,None,On Track,5.5,Low
PRJ00325,Bihar Water Resources Infra Development Phase-18,Water Resources,Ministry of Jal Shakti,NHPC,Larsen & Toubro Infra,Bihar,751.65,1993.01,165.15,True,2018-04-28,36,69,2021-04-12,2023-12-28,33,True,87.9,47.6,947.87,100.0,8,7,COVID-19 related disruption; Change in project scope,Delayed,100.0,High
PRJ00326,Bihar Education Infrastructure Infra Development Phase-19,Education Infrastructure,Ministry of Education,RITES,GMR Infrastructure,Bihar,644.17,1341.86,108.31,True,2022-07-05,24,36,2024-06-24,2025-06-19,12,True,85.1,35.8,480.57,74.6,6,5,Contractual issues,Delayed,91.6,High
PRJ00327,Bihar Ports & Shipping Infra Development Phase-20,Ports & Shipping,"Ministry of Ports, Shipping & Waterways",State Irrigation Dept,Shapoorji Pallonji Infra,Bihar,921.75,3667.77,297.91,True,2018-12-09,36,56,2021-11-23,2023-07-16,20,True,70.5,46.9,1718.72,100.0,10,7,Utility shifting delay,Delayed,100.0,High
PRJ00328,Bihar Rural Infrastructure Infra Development Phase-21,Rural Infrastructure,Ministry of Rural Development,AAI,Larsen & Toubro Infra,Bihar,659.23,2569.73,289.81,True,2017-09-23,84,92,2024-08-17,2025-04-14,8,True,84.1,45.2,1161.35,100.0,12,10,Rehabilitation & resettlement issues; Poor contractor mobilization,Delayed,100.0,High
PRJ00329,Bihar Power Infra Development Phase-22,Power,Ministry of Power,ABC Infrastructure Ltd.,Sadbhav Engineering,Bihar,1181.37,2001.91,69.46,True,2018-12-15,96,109,2026-11-03,2027-11-28,13,True,61.3,22.0,440.2,37.3,8,5,Change in project scope,Delayed,70.6,High
PRJ00330,Bihar Renewable Energy Infra Development Phase-23,Renewable Energy,Ministry of New & Renewable Energy,PowerGrid,Larsen & Toubro Infra,Bihar,713.05,1040.82,45.97,True,2019-08-28,60,109,2024-08-01,2028-08-10,49,True,52.6,62.2,647.46,90.8,10,5,Court cases/litigation,Delayed,75.7,High
PRJ00331,Bihar Postal Infrastructure Infra Development Phase-24,Postal Infrastructure,Ministry of Communications,IWAI,Shapoorji Pallonji Infra,Bihar,747.47,3538.54,373.4,True,2021-02-20,84,96,2028-01-15,2029-01-09,12,True,57.7,21.1,745.91,99.8,10,6,Funding constraints,Delayed,100.0,High
PRJ00332,Bihar Ports & Shipping Infra Development Phase-25,Ports & Shipping,"Ministry of Ports, Shipping & Waterways",RITES,Shapoorji Pallonji Infra,Bihar,1907.07,1386.64,0.0,False,2021-06-19,48,91,2025-05-29,2028-12-09,43,True,57.7,100.0,1604.14,84.1,10,6,Poor contractor mobilization; Monsoon/weather delays,Delayed,38.4,Medium
PRJ00333,Bihar Healthcare Infrastructure Infra Development Phase-26,Healthcare Infrastructure,Ministry of Health & Family Welfare,RVNL,Shapoorji Pallonji Infra,Bihar,466.28,2186.96,369.02,True,2018-05-29,84,118,2025-04-22,2028-02-06,34,True,70.6,16.5,360.99,77.4,8,6,COVID-19 related disruption,Delayed,100.0,High
PRJ00334,Bihar Urban Development Infra Development Phase-27,Urban Development,Ministry of Housing & Urban Affairs,IFFCO,Megha Engineering (MEIL),Bihar,1606.78,1425.39,0.0,False,2022-10-21,48,53,2026-09-30,2027-02-27,5,True,74.5,25.3,359.94,22.4,8,6,Law and order problems,Delayed,17.2,Low
PRJ00335,Bihar Civil Aviation Infra Development Phase-28,Civil Aviation,Ministry of Civil Aviation,State PWD,IRB Infrastructure,Bihar,2547.13,3054.07,19.9,True,2022-08-22,48,86,2026-08-01,2029-09-14,38,True,41.2,30.7,936.4,36.8,4,2,Contractual issues,Delayed,49.9,Medium
PRJ00336,Bihar Steel Infra Development Phase-29,Steel,Ministry of Steel,GAIL,KNR Constructions,Bihar,2535.48,440.87,0.0,False,2018-10-26,60,82,2023-09-30,2025-07-21,22,True,83.1,95.5,421.04,16.6,8,7,Court cases/litigation,Delayed,24.0,Low
PRJ00337,Bihar Telecommunications Infra Development Phase-30,Telecommunications,Ministry of Communications,RITES,Shapoorji Pallonji Infra,Bihar,2217.18,1406.41,0.0,False,2017-11-20,72,94,2023-10-20,2025-08-10,22,True,93.9,52.2,733.8,33.1,8,8,Delay in tendering/equipment supply,Delayed,21.4,Low
PRJ00338,Bihar Civil Aviation Infra Development Phase-31,Civil Aviation,Ministry of Civil Aviation,NMDC,Shapoorji Pallonji Infra,Bihar,2382.93,3091.04,29.72,True,2020-05-25,48,76,2024-05-04,2026-08-22,28,True,86.8,19.3,597.23,25.1,12,10,Law and order problems,Delayed,50.5,High
PRJ00339,Bihar Healthcare Infrastructure Infra Development Phase-32,Healthcare Infrastructure,Ministry of Health & Family Welfare,IWAI,Larsen & Toubro Infra,Bihar,2302.67,1250.25,0.0,False,2018-09-24,60,60,2023-08-29,2023-08-29,0,False,98.6,12.7,159.08,6.9,6,6,None,Completed,2.9,Low
PRJ00340,Bihar Rural Infrastructure Infra Development Phase-33,Rural Infrastructure,Ministry of Rural Development,Deendayal Port Trust,Sadbhav Engineering,Bihar,734.56,465.51,0.0,False,2020-10-14,72,72,2026-09-13,2026-09-13,0,False,84.8,100.0,522.62,71.1,12,10,None,On Track,2.7,Low
PRJ00341,Bihar Railways Infra Development Phase-34,Railways,Ministry of Railways,NHAI,Larsen & Toubro Infra,Bihar,1347.18,1342.99,0.0,False,2017-11-29,60,97,2022-11-03,2025-11-17,37,True,71.6,53.5,718.99,53.4,4,3,Geological surprises; Price escalation of raw materials,Delayed,36.5,Medium
PRJ00342,Bihar Healthcare Infrastructure Infra Development Phase-35,Healthcare Infrastructure,Ministry of Health & Family Welfare,State PWD,Larsen & Toubro Infra,Bihar,2251.24,2436.51,8.23,True,2017-05-05,24,53,2019-04-25,2021-09-11,29,True,72.1,57.7,1405.63,62.4,10,7,Rehabilitation & resettlement issues; Shortage of skilled manpower,Delayed,30.6,Medium
PRJ00343,Bihar Petroleum & Natural Gas Infra Development Phase-36,Petroleum & Natural Gas,Ministry of Petroleum & Natural Gas,IFFCO,PNC Infratech,Bihar,1154.51,912.43,0.0,False,2021-07-22,72,72,2027-06-21,2027-06-21,0,False,83.0,100.0,2287.78,100.0,8,7,None,On Track,4.1,Low
PRJ00344,Bihar Urban Development Infra Development Phase-37,Urban Development,Ministry of Housing & Urban Affairs,RVNL,HCC (Hindustan Construction),Bihar,1162.02,1882.88,62.04,True,2017-09-03,96,128,2025-07-23,2028-03-09,32,True,72.2,26.0,488.66,42.1,6,4,Poor contractor mobilization; Shortage of skilled manpower,Delayed,71.9,High
PRJ00345,Bihar Urban Development Infra Development Phase-38,Urban Development,Ministry of Housing & Urban Affairs,ONGC,Simplex Infrastructures,Bihar,1832.03,1885.6,2.92,True,2020-10-25,36,66,2023-10-10,2026-03-28,30,True,94.0,48.3,911.64,49.8,12,11,Utility shifting delay,Delayed,30.8,Medium
PRJ00346,Bihar Mining Infra Development Phase-39,Mining,Ministry of Mines,AAI,Larsen & Toubro Infra,Bihar,3925.94,5118.12,30.37,True,2021-06-22,24,50,2023-06-12,2025-07-31,26,True,74.2,21.6,1106.54,28.2,6,4,Change in project scope; Law and order problems,Delayed,49.9,Medium
PRJ00347,Bihar Petroleum & Natural Gas Infra Development Phase-40,Petroleum & Natural Gas,Ministry of Petroleum & Natural Gas,State Irrigation Dept,Larsen & Toubro Infra,Bihar,2488.31,1170.13,0.0,False,2018-05-17,60,60,2023-04-21,2023-04-21,0,False,100.0,100.0,2767.8,100.0,8,8,None,Completed,3.7,Low
PRJ00348,Bihar Urban Development Infra Development Phase-41,Urban Development,Ministry of Housing & Urban Affairs,Coal India Ltd,Afcons Infrastructure,Bihar,476.78,4820.81,911.12,True,2018-08-01,72,107,2024-06-30,2027-05-16,35,True,81.4,12.0,577.95,100.0,4,3,Rehabilitation & resettlement issues,Delayed,100.0,High
PRJ00349,Bihar Water Resources Infra Development Phase-42,Water Resources,Ministry of Jal Shakti,Deendayal Port Trust,Afcons Infrastructure,Bihar,1720.28,1174.99,0.0,False,2021-09-09,60,60,2026-08-14,2026-08-14,0,False,81.9,40.0,469.67,27.3,6,5,None,On Track,8.1,Low
PRJ00350,Bihar Power Infra Development Phase-43,Power,Ministry of Power,IRCTC,Shapoorji Pallonji Infra,Bihar,799.78,2842.01,255.35,True,2020-07-04,36,57,2023-06-19,2025-03-10,21,True,80.2,23.0,652.88,81.6,6,5,Monsoon/weather delays,Delayed,100.0,High
PRJ00351,Bihar Telecommunications Infra Development Phase-44,Telecommunications,Ministry of Communications,State Irrigation Dept,GR Infraprojects,Bihar,2583.93,1705.19,0.0,False,2022-08-05,36,86,2025-07-20,2029-08-28,50,True,47.4,27.4,467.24,18.1,8,4,Land acquisition delay; Forest/environment clearance delay,Delayed,49.7,Medium
PRJ00352,Bihar Water Resources Infra Development Phase-45,Water Resources,Ministry of Jal Shakti,HUDCO,Larsen & Toubro Infra,Bihar,3160.33,1549.6,0.0,False,2022-02-16,96,96,2030-01-05,2030-01-05,0,False,57.4,78.2,1211.29,38.3,6,3,None,On Track,10.3,Low
PRJ00353,Bihar Renewable Energy Infra Development Phase-46,Renewable Energy,Ministry of New & Renewable Energy,IWAI,Larsen & Toubro Infra,Bihar,4286.96,745.34,0.0,False,2020-12-16,36,36,2023-12-01,2023-12-01,0,False,89.3,100.0,1431.64,33.4,4,4,None,On Track,3.7,Low
PRJ00354,Bihar Railways Infra Development Phase-47,Railways,Ministry of Railways,RITES,Larsen & Toubro Infra,Bihar,2527.34,2831.21,12.02,True,2022-07-21,48,82,2026-06-30,2029-04-15,34,True,40.1,33.8,956.85,37.9,12,5,Rehabilitation & resettlement issues; Delay in tendering/equipment supply,Delayed,43.8,Medium
PRJ00355,Bihar Roads & Highways Infra Development Phase-48,Roads & Highways,Ministry of Road Transport & Highways,NTPC,Shapoorji Pallonji Infra,Bihar,2098.42,3609.19,72.0,True,2021-11-01,48,88,2025-10-11,2029-01-23,40,True,52.9,25.4,918.32,43.8,6,3,Court cases/litigation; Price escalation of raw materials,Delayed,90.3,High
PRJ00356,Bihar Water Resources Infra Development Phase-49,Water Resources,Ministry of Jal Shakti,AAI,GR Infraprojects,Bihar,2145.28,2777.08,29.45,True,2017-07-05,48,72,2021-06-14,2023-06-04,24,True,80.3,62.6,1739.03,81.1,10,8,Geological surprises,Delayed,43.9,Medium
PRJ00357,Bihar Irrigation Infra Development Phase-50,Irrigation,Ministry of Jal Shakti,NHPC,Larsen & Toubro Infra,Bihar,787.85,1323.65,68.01,True,2020-03-28,36,41,2023-03-13,2023-08-10,5,True,93.3,54.6,723.16,91.8,4,4,COVID-19 related disruption; Price escalation of raw materials,Delayed,54.4,High
PRJ00358,Bihar Postal Infrastructure Infra Development Phase-51,Postal Infrastructure,Ministry of Communications,NBCC,KNR Constructions,Bihar,1503.98,1648.65,9.62,True,2018-05-02,60,80,2023-04-06,2024-11-26,20,True,94.0,78.6,1296.29,86.2,6,6,Price escalation of raw materials,Delayed,24.8,Low
PRJ00359,Bihar Irrigation Infra Development Phase-52,Irrigation,Ministry of Jal Shakti,IRCTC,Shapoorji Pallonji Infra,Bihar,1747.2,1842.11,5.43,True,2021-02-06,24,67,2023-01-27,2026-08-09,43,True,76.7,38.8,715.15,40.9,6,5,Price escalation of raw materials,Delayed,41.1,Medium
PRJ00360,Bihar Telecommunications Infra Development Phase-53,Telecommunications,Ministry of Communications,IRCON,Reliance Infrastructure,Bihar,1020.49,2972.63,191.29,True,2017-07-05,36,82,2020-06-19,2024-03-30,46,True,92.9,12.4,368.44,36.1,4,4,Utility shifting delay,Delayed,100.0,High
PRJ00361,Bihar Housing Infra Development Phase-54,Housing,Ministry of Housing & Urban Affairs,HUDCO,Larsen & Toubro Infra,Bihar,2047.94,3878.26,89.37,True,2022-02-15,36,85,2025-01-30,2029-02-08,49,True,54.3,40.9,1587.51,77.5,6,3,Utility shifting delay,Delayed,100.0,High
PRJ00362,Bihar Education Infrastructure Infra Development Phase-55,Education Infrastructure,Ministry of Education,IRCTC,IRB Infrastructure,Bihar,4618.84,1756.38,0.0,False,2018-10-28,36,36,2021-10-12,2021-10-12,0,False,92.7,56.5,991.88,21.5,10,9,None,On Track,5.2,Low
PRJ00363,Bihar Education Infrastructure Infra Development Phase-56,Education Infrastructure,Ministry of Education,RITES,IRB Infrastructure,Bihar,426.45,517.3,21.3,True,2020-10-09,60,105,2025-09-13,2029-05-25,45,True,46.2,100.0,1505.2,100.0,12,6,Rehabilitation & resettlement issues; Shortage of skilled manpower,Delayed,56.0,High
PRJ00364,Bihar Roads & Highways Infra Development Phase-57,Roads & Highways,Ministry of Road Transport & Highways,AAI,Larsen & Toubro Infra,Bihar,2236.9,512.22,0.0,False,2020-09-18,96,122,2028-08-07,2030-09-26,26,True,49.0,100.0,1059.75,47.4,4,2,Rehabilitation & resettlement issues; Price escalation of raw materials,Delayed,32.0,Medium
PRJ00365,Bihar Fertilizers Infra Development Phase-58,Fertilizers,Ministry of Chemicals & Fertilizers,NHAI,Larsen & Toubro Infra,Bihar,1533.44,1241.67,0.0,False,2022-04-28,48,48,2026-04-07,2026-04-07,0,False,100.0,91.5,1136.71,74.1,8,8,None,Completed,0.0,Low
PRJ00366,Bihar Fertilizers Infra Development Phase-59,Fertilizers,Ministry of Chemicals & Fertilizers,IWAI,Tata Projects,Bihar,2079.63,3526.93,69.59,True,2019-07-22,72,93,2025-06-20,2027-03-12,21,True,80.3,13.5,476.58,22.9,4,3,Law and order problems; Delay in tendering/equipment supply,Delayed,72.9,High
PRJ00367,Bihar Fertilizers Infra Development Phase-60,Fertilizers,Ministry of Chemicals & Fertilizers,Deendayal Port Trust,Afcons Infrastructure,Bihar,1727.13,2872.67,66.33,True,2021-04-07,96,139,2029-02-24,2032-09-06,43,True,33.6,39.0,1119.41,64.8,6,2,Forest/environment clearance delay,Delayed,90.4,High
PRJ00368,Bihar Healthcare Infrastructure Infra Development Phase-61,Healthcare Infrastructure,Ministry of Health & Family Welfare,ABC Infrastructure Ltd.,NCC Limited,Bihar,1319.88,3067.96,132.44,True,2018-03-27,84,130,2025-02-18,2028-11-29,46,True,57.5,56.4,1729.45,100.0,6,3,COVID-19 related disruption,Delayed,100.0,High
PRJ00369,Bihar Mining Infra Development Phase-62,Mining,Ministry of Mines,State PWD,Shapoorji Pallonji Infra,Bihar,573.73,1297.01,126.07,True,2018-09-13,84,93,2025-08-07,2026-05-04,9,True,77.5,60.2,780.49,100.0,10,8,Poor contractor mobilization,Delayed,98.3,High
PRJ00370,Bihar Telecommunications Infra Development Phase-63,Telecommunications,Ministry of Communications,Deendayal Port Trust,Tata Projects,Bihar,2324.89,1566.49,0.0,False,2022-04-16,24,24,2024-04-05,2024-04-05,0,False,91.0,35.7,559.2,24.1,4,4,None,On Track,4.5,Low
PRJ00371,Bihar Civil Aviation Infra Development Phase-64,Civil Aviation,Ministry of Civil Aviation,HUDCO,Shapoorji Pallonji Infra,Bihar,2055.13,3466.77,68.69,True,2019-04-30,48,81,2023-04-09,2025-12-24,33,True,81.0,38.2,1324.01,64.4,12,10,Monsoon/weather delays; Delay in tendering/equipment supply,Delayed,73.1,High
PRJ00372,Bihar Water Resources Infra Development Phase-65,Water Resources,Ministry of Jal Shakti,IRCTC,J Kumar Infraprojects,Bihar,2059.56,4945.93,140.14,True,2018-12-11,72,116,2024-11-09,2028-06-21,44,True,64.0,6.8,335.49,16.3,10,6,Court cases/litigation; Utility shifting delay,Delayed,100.0,High
PRJ00373,Bihar Rural Infrastructure Infra Development Phase-66,Rural Infrastructure,Ministry of Rural Development,NMDC,Dilip Buildcon Ltd,Bihar,3011.81,3507.49,16.46,True,2019-12-19,96,137,2027-11-07,2031-03-21,41,True,43.6,52.9,1856.51,61.6,12,5,Geological surprises; Change in project scope,Delayed,55.8,High
PRJ00374,Bihar Coal Infra Development Phase-67,Coal,Ministry of Coal,NHPC,Larsen & Toubro Infra,Bihar,1141.69,3508.67,207.32,True,2020-05-07,72,97,2026-04-06,2028-04-25,25,True,65.1,20.2,709.37,62.1,6,4,Rehabilitation & resettlement issues; Court cases/litigation,Delayed,100.0,High
PRJ00375,Bihar Renewable Energy Infra Development Phase-68,Renewable Energy,Ministry of New & Renewable Energy,ABC Infrastructure Ltd.,Larsen & Toubro Infra,Bihar,1531.25,1258.61,0.0,False,2022-06-26,72,96,2028-05-25,2030-05-15,24,True,39.9,100.0,1298.69,84.8,8,3,Court cases/litigation; Delay in tendering/equipment supply,Delayed,24.5,Low
PRJ00376,Bihar Coal Infra Development Phase-69,Coal,Ministry of Coal,RITES,Larsen & Toubro Infra,Bihar,900.76,2994.4,232.43,True,2018-05-15,84,114,2025-04-08,2027-09-25,30,True,74.4,33.3,996.85,100.0,12,9,Price escalation of raw materials; Poor contractor mobilization,Delayed,100.0,High
PRJ00377,Bihar Irrigation Infra Development Phase-70,Irrigation,Ministry of Jal Shakti,PowerGrid,Afcons Infrastructure,Bihar,1113.03,819.77,0.0,False,2020-04-04,36,75,2023-03-20,2026-06-02,39,True,90.8,100.0,1592.09,100.0,4,4,Funding constraints; Law and order problems,Delayed,25.9,Medium
PRJ00378,Bihar Urban Development Infra Development Phase-71,Urban Development,Ministry of Housing & Urban Affairs,NMDC,Ashoka Buildcon,Bihar,632.51,3796.53,500.23,True,2019-11-17,72,98,2025-10-16,2027-12-05,26,True,74.8,43.2,1640.14,100.0,10,7,Geological surprises,Delayed,100.0,High
PRJ00379,Bihar Postal Infrastructure Infra Development Phase-72,Postal Infrastructure,Ministry of Communications,NBCC,Simplex Infrastructures,Bihar,940.84,2541.97,170.18,True,2020-01-18,84,101,2026-12-12,2028-05-05,17,True,62.5,36.7,933.62,99.2,6,4,Shortage of skilled manpower,Delayed,100.0,High
PRJ00380,Bihar Petroleum & Natural Gas Infra Development Phase-73,Petroleum & Natural Gas,Ministry of Petroleum & Natural Gas,IRCON,Larsen & Toubro Infra,Bihar,1948.84,1749.66,0.0,False,2022-12-16,60,80,2027-11-20,2029-07-12,20,True,41.4,15.4,269.25,13.8,6,2,Forest/environment clearance delay,Delayed,31.3,Medium
PRJ00381,Bihar Inland Waterways Infra Development Phase-74,Inland Waterways,"Ministry of Ports, Shipping & Waterways",State PWD,KNR Constructions,Bihar,4377.8,384.7,0.0,False,2020-09-14,36,36,2023-08-30,2023-08-30,0,False,87.2,100.0,2051.35,46.9,10,9,None,On Track,6.6,Low
PRJ00382,Bihar Inland Waterways Infra Development Phase-75,Inland Waterways,"Ministry of Ports, Shipping & Waterways",IFFCO,Shapoorji Pallonji Infra,Bihar,717.27,1715.07,139.11,True,2018-07-18,48,74,2022-06-27,2024-08-15,26,True,93.8,18.3,313.99,43.8,4,4,Poor contractor mobilization,Delayed,100.0,High
PRJ00383,Bihar Fertilizers Infra Development Phase-76,Fertilizers,Ministry of Chemicals & Fertilizers,BSNL,Megha Engineering (MEIL),Bihar,1310.61,2067.07,57.72,True,2022-05-10,60,99,2027-04-14,2030-06-27,39,True,35.7,53.4,1103.15,84.2,6,2,Utility shifting delay; Contractual issues,Delayed,78.0,High
PRJ00384,Bihar Fertilizers Infra Development Phase-77,Fertilizers,Ministry of Chemicals & Fertilizers,IRCON,Shapoorji Pallonji Infra,Bihar,3945.2,2194.82,0.0,False,2018-01-02,84,120,2024-11-26,2027-11-11,36,True,69.2,79.6,1747.06,44.3,12,8,Forest/environment clearance delay,Delayed,33.5,Medium
PRJ00385,Bihar Power Infra Development Phase-78,Power,Ministry of Power,State PWD,Afcons Infrastructure,Bihar,2136.63,1765.04,0.0,False,2018-12-22,72,72,2024-11-20,2024-11-20,0,False,100.0,64.2,1133.36,53.0,4,4,None,Completed,9.4,Low
PRJ00386,Bihar Water Resources Infra Development Phase-79,Water Resources,Ministry of Jal Shakti,BSNL,Afcons Infrastructure,Bihar,1872.36,1470.5,0.0,False,2019-02-03,48,48,2023-01-13,2023-01-13,0,False,100.0,38.0,558.19,29.8,8,8,None,Completed,4.9,Low
PRJ00387,Bihar Railways Infra Development Phase-80,Railways,Ministry of Railways,NHAI,Tata Projects,Bihar,864.12,1165.63,34.89,True,2020-05-07,60,95,2025-04-11,2028-02-25,35,True,70.4,81.1,945.74,100.0,12,8,Utility shifting delay,Delayed,56.3,High
PRJ00388,Bihar Steel Infra Development Phase-81,Steel,Ministry of Steel,State Irrigation Dept,GR Infraprojects,Bihar,1394.62,4943.49,254.47,True,2022-11-18,72,105,2028-10-17,2031-07-04,33,True,35.3,11.9,587.99,42.2,10,4,COVID-19 related disruption,Delayed,100.0,High
PRJ00389,Bihar Coal Infra Development Phase-82,Coal,Ministry of Coal,ONGC,Larsen & Toubro Infra,Bihar,1056.57,5729.96,442.32,True,2018-04-07,36,81,2021-03-22,2024-12-01,45,True,84.1,10.0,575.61,54.5,8,7,COVID-19 related disruption,Delayed,100.0,High
PRJ00390,Bihar Fertilizers Infra Development Phase-83,Fertilizers,Ministry of Chemicals & Fertilizers,NBCC,Sadbhav Engineering,Bihar,2024.89,2358.1,16.46,True,2019-02-02,60,95,2024-01-07,2026-11-22,35,True,72.5,41.3,974.33,48.1,4,3,Rehabilitation & resettlement issues; Monsoon/weather delays,Delayed,42.7,Medium
PRJ00391,Bihar Rural Infrastructure Infra Development Phase-84,Rural Infrastructure,Ministry of Rural Development,ONGC,Afcons Infrastructure,Bihar,2052.88,1229.64,0.0,False,2018-12-20,72,111,2024-11-18,2028-02-01,39,True,66.2,7.9,96.67,4.7,12,8,Poor contractor mobilization; Delay in tendering/equipment supply,Delayed,40.6,Medium
PRJ00392,Bihar Mining Infra Development Phase-85,Mining,Ministry of Mines,RVNL,Shapoorji Pallonji Infra,Bihar,1183.95,1002.56,0.0,False,2021-06-30,36,36,2024-06-14,2024-06-14,0,False,86.8,72.4,726.18,61.3,4,3,None,On Track,9.0,Low
PRJ00393,Bihar Power Infra Development Phase-86,Power,Ministry of Power,PowerGrid,IRB Infrastructure,Bihar,1330.97,1757.18,32.02,True,2022-05-10,48,89,2026-04-19,2029-08-31,41,True,40.0,52.4,920.62,69.2,8,3,Land acquisition delay,Delayed,64.8,High
PRJ00394,Bihar Coal Infra Development Phase-87,Coal,Ministry of Coal,SAIL,GMR Infrastructure,Bihar,3017.46,5606.44,85.8,True,2019-08-23,36,72,2022-08-07,2025-07-22,36,True,72.2,15.8,887.06,29.4,10,7,Utility shifting delay; Contractual issues,Delayed,91.9,High
PRJ00395,Bihar Healthcare Infrastructure Infra Development Phase-88,Healthcare Infrastructure,Ministry of Health & Family Welfare,IWAI,Shapoorji Pallonji Infra,Bihar,3214.81,2426.1,0.0,False,2017-02-16,84,135,2024-01-11,2028-03-20,51,True,69.5,20.8,504.75,15.7,8,6,Shortage of skilled manpower; Land acquisition delay,Delayed,46.1,Medium
PRJ00396,Bihar Rural Infrastructure Infra Development Phase-89,Rural Infrastructure,Ministry of Rural Development,NTPC,Dilip Buildcon Ltd,Bihar,1255.99,4008.92,219.18,True,2022-03-22,36,57,2025-03-06,2026-11-26,21,True,79.2,28.2,1128.84,89.9,8,6,Price escalation of raw materials,Delayed,100.0,High
PRJ00397,Bihar Rural Infrastructure Infra Development Phase-90,Rural Infrastructure,Ministry of Rural Development,HUDCO,Larsen & Toubro Infra,Bihar,1278.99,3966.48,210.13,True,2020-06-27,36,76,2023-06-12,2026-09-24,40,True,78.4,21.6,856.87,67.0,4,3,Court cases/litigation; Rehabilitation & resettlement issues,Delayed,100.0,High
PRJ00398,Bihar Petroleum & Natural Gas Infra Development Phase-91,Petroleum & Natural Gas,Ministry of Petroleum & Natural Gas,Coal India Ltd,Larsen & Toubro Infra,Bihar,687.56,3050.12,343.62,True,2018-07-02,84,116,2025-05-26,2028-01-11,32,True,63.8,78.7,2399.95,100.0,10,6,COVID-19 related disruption,Delayed,100.0,High
PRJ00399,Bihar Education Infrastructure Infra Development Phase-92,Education Infrastructure,Ministry of Education,AAI,Larsen & Toubro Infra,Bihar,1327.98,948.57,0.0,False,2021-08-31,36,36,2024-08-15,2024-08-15,0,False,90.7,100.0,1159.86,87.3,12,11,None,On Track,2.6,Low
PRJ00400,Bihar Housing Infra Development Phase-93,Housing,Ministry of Housing & Urban Affairs,NHPC,IRB Infrastructure,Bihar,1611.07,3975.0,146.73,True,2019-06-14,84,112,2026-05-08,2028-08-25,28,True,64.5,15.1,599.82,37.2,6,4,COVID-19 related disruption,Delayed,100.0,High
PRJ00401,Bihar Telecommunications Infra Development Phase-94,Telecommunications,Ministry of Communications,ABC Infrastructure Ltd.,Tata Projects,Bihar,498.26,869.25,74.46,True,2021-01-21,36,72,2024-01-06,2026-12-21,36,True,81.4,100.0,1307.95,100.0,4,3,Forest/environment clearance delay,Delayed,78.7,High
PRJ00402,Bihar Postal Infrastructure Infra Development Phase-95,Postal Infrastructure,Ministry of Communications,HUDCO,GMR Infrastructure,Bihar,1968.43,1263.8,0.0,False,2019-04-09,72,72,2025-03-08,2025-03-08,0,False,93.5,19.2,242.45,12.3,12,11,None,On Track,9.1,Low
PRJ00403,Bihar Postal Infrastructure Infra Development Phase-96,Postal Infrastructure,Ministry of Communications,PowerGrid,Shapoorji Pallonji Infra,Bihar,1359.64,2486.47,82.88,True,2018-11-05,72,82,2024-10-04,2025-07-31,10,True,78.5,35.5,883.4,65.0,8,6,Change in project scope; Utility shifting delay,Delayed,70.4,High
PRJ00404,Bihar Renewable Energy Infra Development Phase-97,Renewable Energy,Ministry of New & Renewable Energy,ABC Infrastructure Ltd.,GMR Infrastructure,Bihar,3347.26,1647.72,0.0,False,2022-06-26,24,24,2024-06-15,2024-06-15,0,False,96.1,60.3,993.03,29.7,4,4,None,On Track,7.5,Low
PRJ00405,Bihar Telecommunications Infra Development Phase-98,Telecommunications,Ministry of Communications,State Irrigation Dept,Afcons Infrastructure,Bihar,3442.74,2471.52,0.0,False,2017-08-16,60,60,2022-07-21,2022-07-21,0,False,100.0,36.0,889.44,25.8,10,10,None,Completed,0.0,Low
PRJ00406,Bihar Civil Aviation Infra Development Phase-99,Civil Aviation,Ministry of Civil Aviation,HUDCO,Larsen & Toubro Infra,Bihar,4440.7,832.71,0.0,False,2021-08-29,36,36,2024-08-13,2024-08-13,0,False,97.1,58.3,485.09,10.9,10,10,None,On Track,4.2,Low
PRJ00407,Bihar Healthcare Infrastructure Infra Development Phase-100,Healthcare Infrastructure,Ministry of Health & Family Welfare,IRCON,Larsen & Toubro Infra,Bihar,1965.5,1265.93,0.0,False,2022-03-09,48,48,2026-02-16,2026-02-16,0,False,100.0,69.1,874.18,44.5,8,8,None,Completed,1.9,Low
PRJ00408,Bihar Roads & Highways Infra Development Phase-101,Roads & Highways,Ministry of Road Transport & Highways,SAIL,HCC (Hindustan Construction),Bihar,1322.5,2977.79,125.16,True,2019-11-09,36,65,2022-10-24,2025-03-12,29,True,83.1,12.7,379.11,28.7,4,3,Funding constraints,Delayed,100.0,High
PRJ00409,Bihar Railways Infra Development Phase-102,Railways,Ministry of Railways,State PWD,Afcons Infrastructure,Bihar,1880.37,8027.61,326.92,True,2020-11-12,36,67,2023-10-28,2026-05-15,31,True,79.0,25.8,2073.12,100.0,4,3,Funding constraints,Delayed,100.0,High
PRJ00410,Bihar Housing Infra Development Phase-103,Housing,Ministry of Housing & Urban Affairs,IRCON,Larsen & Toubro Infra,Bihar,1380.66,4494.02,225.5,True,2020-03-21,24,50,2022-03-11,2024-04-29,26,True,76.1,19.5,878.54,63.6,10,8,Contractual issues,Delayed,100.0,High
PRJ00411,Bihar Fertilizers Infra Development Phase-104,Fertilizers,Ministry of Chemicals & Fertilizers,NMDC,GMR Infrastructure,Bihar,3028.34,646.55,0.0,False,2021-09-18,36,36,2024-09-02,2024-09-02,0,False,100.0,100.0,1104.43,36.5,8,8,None,Completed,4.6,Low
PRJ00412,Bihar Water Resources Infra Development Phase-105,Water Resources,Ministry of Jal Shakti,State Irrigation Dept,IRB Infrastructure,Bihar,2326.76,1753.4,0.0,False,2021-03-27,72,72,2027-02-24,2027-02-24,0,False,84.2,17.2,300.98,12.9,10,8,None,On Track,11.1,Low
PRJ00413,Bihar Ports & Shipping Infra Development Phase-106,Ports & Shipping,"Ministry of Ports, Shipping & Waterways",IFFCO,Larsen & Toubro Infra,Bihar,1177.51,1397.53,18.69,True,2018-06-29,84,109,2025-05-23,2027-06-12,25,True,63.0,40.7,568.51,48.3,8,5,Law and order problems,Delayed,36.0,Medium
PRJ00414,Bihar Postal Infrastructure Infra Development Phase-107,Postal Infrastructure,Ministry of Communications,SAIL,Reliance Infrastructure,Bihar,2349.79,2055.73,0.0,False,2022-12-07,60,60,2027-11-11,2027-11-11,0,False,60.4,57.2,1175.35,50.0,6,4,None,On Track,13.8,Low
PRJ00415,Bihar Petroleum & Natural Gas Infra Development Phase-108,Petroleum & Natural Gas,Ministry of Petroleum & Natural Gas,NHAI,Larsen & Toubro Infra,Bihar,418.28,2468.69,490.2,True,2017-04-04,72,112,2023-03-04,2026-06-16,40,True,87.4,59.3,1464.17,100.0,8,7,Poor contractor mobilization; Delay in tendering/equipment supply,Delayed,100.0,High
PRJ00416,Bihar Water Resources Infra Development Phase-109,Water Resources,Ministry of Jal Shakti,Coal India Ltd,Reliance Infrastructure,Bihar,3571.9,1454.24,0.0,False,2019-10-11,36,36,2022-09-25,2022-09-25,0,False,89.1,30.8,447.79,12.5,10,9,None,On Track,6.8,Low
PRJ00417,Bihar Irrigation Infra Development Phase-110,Irrigation,Ministry of Jal Shakti,PowerGrid,KNR Constructions,Bihar,1011.3,3686.53,264.53,True,2020-02-04,36,56,2023-01-19,2024-09-10,20,True,83.0,29.9,1101.55,100.0,6,5,Forest/environment clearance delay,Delayed,100.0,High
PRJ00418,Bihar Rural Infrastructure Infra Development Phase-111,Rural Infrastructure,Ministry of Rural Development,State PWD,IRB Infrastructure,Bihar,3309.38,4056.02,22.56,True,2017-03-06,72,113,2023-02-03,2026-06-17,41,True,89.4,16.2,658.64,19.9,6,5,Funding constraints,Delayed,50.9,High
PRJ00419,Bihar Inland Waterways Infra Development Phase-112,Inland Waterways,"Ministry of Ports, Shipping & Waterways",Deendayal Port Trust,PNC Infratech,Bihar,1176.65,3929.53,233.96,True,2017-05-18,60,75,2022-04-22,2023-07-16,15,True,74.8,5.8,228.29,19.4,10,7,Shortage of skilled manpower,Delayed,100.0,High
PRJ00420,Andhra Pradesh Railways Infra Development Phase-1,Railways,Ministry of Railways,SAIL,Larsen & Toubro Infra,Andhra Pradesh,1779.71,2335.37,31.22,True,2021-12-03,24,29,2023-11-23,2024-04-21,5,True,94.0,100.0,2647.26,100.0,6,6,Forest/environment clearance delay,Delayed,23.6,Low
PRJ00421,Andhra Pradesh Civil Aviation Infra Development Phase-2,Civil Aviation,Ministry of Civil Aviation,HUDCO,GR Infraprojects,Andhra Pradesh,929.94,3139.37,237.59,True,2020-03-30,48,64,2024-03-09,2025-07-02,16,True,92.7,35.1,1101.72,100.0,6,6,Utility shifting delay; Change in project scope,Delayed,100.0,High
PRJ00422,Andhra Pradesh Steel Infra Development Phase-3,Steel,Ministry of Steel,PowerGrid,HCC (Hindustan Construction),Andhra Pradesh,2384.71,1927.98,0.0,False,2022-11-06,36,36,2025-10-21,2025-10-21,0,False,97.1,23.2,447.35,18.8,6,6,None,On Track,6.7,Low
PRJ00423,Andhra Pradesh Water Supply & Sanitation Infra Development Phase-4,Water Supply & Sanitation,Ministry of Jal Shakti,RITES,Larsen & Toubro Infra,Andhra Pradesh,2337.19,3377.23,44.5,True,2020-02-02,60,106,2025-01-06,2028-10-17,46,True,55.9,24.4,823.24,35.2,4,2,Poor contractor mobilization,Delayed,76.4,High
PRJ00424,Andhra Pradesh Postal Infrastructure Infra Development Phase-5,Postal Infrastructure,Ministry of Communications,BSNL,Larsen & Toubro Infra,Andhra Pradesh,2341.94,1356.42,0.0,False,2017-07-12,60,60,2022-06-16,2022-06-16,0,False,85.9,100.0,1606.7,68.6,8,7,None,On Track,8.4,Low
PRJ00425,Andhra Pradesh Fertilizers Infra Development Phase-6,Fertilizers,Ministry of Chemicals & Fertilizers,IFFCO,KNR Constructions,Andhra Pradesh,956.44,1407.29,47.14,True,2021-04-11,72,81,2027-03-11,2027-12-06,9,True,67.2,21.7,305.38,31.9,12,8,Poor contractor mobilization; Geological surprises,Delayed,50.9,High
PRJ00426,Andhra Pradesh Civil Aviation Infra Development Phase-7,Civil Aviation,Ministry of Civil Aviation,RITES,Shapoorji Pallonji Infra,Andhra Pradesh,859.87,1643.4,91.12,True,2021-03-22,60,102,2026-02-24,2029-08-07,42,True,55.7,100.0,1752.47,100.0,6,3,Shortage of skilled manpower; Poor contractor mobilization,Delayed,100.0,High
PRJ00427,Andhra Pradesh Petroleum & Natural Gas Infra Development Phase-8,Petroleum & Natural Gas,Ministry of Petroleum & Natural Gas,RITES,Larsen & Toubro Infra,Andhra Pradesh,1944.52,3717.07,91.16,True,2018-08-15,60,109,2023-07-20,2027-07-29,49,True,73.4,19.1,708.44,36.4,10,7,Poor contractor mobilization,Delayed,100.0,High
PRJ00428,Andhra Pradesh Water Supply & Sanitation Infra Development Phase-9,Water Supply & Sanitation,Ministry of Jal Shakti,NHPC,Shapoorji Pallonji Infra,Andhra Pradesh,1194.78,933.79,0.0,False,2022-12-11,36,36,2025-11-25,2025-11-25,0,False,100.0,100.0,1082.26,90.6,6,6,None,Completed,0.0,Low
PRJ00429,Andhra Pradesh Water Resources Infra Development Phase-10,Water Resources,Ministry of Jal Shakti,Coal India Ltd,Megha Engineering (MEIL),Andhra Pradesh,853.79,1926.96,125.69,True,2019-11-11,36,79,2022-10-26,2026-05-08,43,True,90.2,41.2,794.16,93.0,6,5,Funding constraints; COVID-19 related disruption,Delayed,100.0,High
PRJ00430,Andhra Pradesh Urban Development Infra Development Phase-11,Urban Development,Ministry of Housing & Urban Affairs,AAI,Larsen & Toubro Infra,Andhra Pradesh,1197.06,2250.83,88.03,True,2018-01-14,24,67,2020-01-04,2023-07-17,43,True,85.8,17.1,383.94,32.1,12,10,Forest/environment clearance delay,Delayed,98.2,High
PRJ00431,Andhra Pradesh Coal Infra Development Phase-12,Coal,Ministry of Coal,SAIL,Afcons Infrastructure,Andhra Pradesh,576.95,1441.47,149.84,True,2017-06-11,48,93,2021-05-21,2025-01-30,45,True,88.8,100.0,1698.25,100.0,4,4,Geological surprises,Delayed,100.0,High
PRJ00432,Andhra Pradesh Housing Infra Development Phase-13,Housing,Ministry of Housing & Urban Affairs,ONGC,Simplex Infrastructures,Andhra Pradesh,2707.38,728.77,0.0,False,2020-09-25,36,36,2023-09-10,2023-09-10,0,False,94.6,94.0,684.75,25.3,8,8,None,On Track,5.0,Low
PRJ00433,Andhra Pradesh Roads & Highways Infra Development Phase-14,Roads & Highways,Ministry of Road Transport & Highways,ONGC,Larsen & Toubro Infra,Andhra Pradesh,2403.92,2431.54,1.15,False,2019-02-18,48,48,2023-01-28,2023-01-28,0,False,86.7,13.9,338.26,14.1,4,3,None,On Track,14.4,Low
PRJ00434,Andhra Pradesh Housing Infra Development Phase-15,Housing,Ministry of Housing & Urban Affairs,Coal India Ltd,IRB Infrastructure,Andhra Pradesh,1856.7,481.07,0.0,False,2019-04-18,24,24,2021-04-07,2021-04-07,0,False,86.3,100.0,1084.96,58.4,10,9,None,On Track,8.0,Low
PRJ00435,Andhra Pradesh Petroleum & Natural Gas Infra Development Phase-16,Petroleum & Natural Gas,Ministry of Petroleum & Natural Gas,NHPC,Dilip Buildcon Ltd,Andhra Pradesh,220.05,3815.11,1633.75,True,2020-08-10,24,53,2022-07-31,2024-12-17,29,True,79.0,16.2,616.77,100.0,8,6,COVID-19 related disruption; Delay in tendering/equipment supply,Delayed,100.0,High
PRJ00436,Andhra Pradesh Fertilizers Infra Development Phase-17,Fertilizers,Ministry of Chemicals & Fertilizers,AAI,Afcons Infrastructure,Andhra Pradesh,1363.3,2185.94,60.34,True,2020-06-17,60,69,2025-05-22,2026-02-16,9,True,90.0,12.3,268.14,19.7,8,7,Monsoon/weather delays; Shortage of skilled manpower,Delayed,55.4,High
PRJ00437,Andhra Pradesh Inland Waterways Infra Development Phase-18,Inland Waterways,"Ministry of Ports, Shipping & Waterways",BSNL,Afcons Infrastructure,Andhra Pradesh,2031.99,2982.21,46.76,True,2020-08-04,60,90,2025-07-09,2027-12-26,30,True,67.3,36.2,1079.96,53.1,6,4,Utility shifting delay; Geological surprises,Delayed,60.4,High
PRJ00438,Andhra Pradesh Railways Infra Development Phase-19,Railways,Ministry of Railways,IWAI,Larsen & Toubro Infra,Andhra Pradesh,561.86,1824.96,224.81,True,2019-06-26,36,53,2022-06-10,2023-11-02,17,True,78.4,19.0,346.64,61.7,6,5,Delay in tendering/equipment supply,Delayed,100.0,High
PRJ00439,Andhra Pradesh Postal Infrastructure Infra Development Phase-20,Postal Infrastructure,Ministry of Communications,IWAI,PNC Infratech,Andhra Pradesh,997.7,3101.86,210.9,True,2021-09-07,48,86,2025-08-17,2028-09-30,38,True,55.5,38.0,1179.98,100.0,8,4,Geological surprises,Delayed,100.0,High
PRJ00440,Andhra Pradesh Mining Infra Development Phase-21,Mining,Ministry of Mines,Coal India Ltd,Larsen & Toubro Infra,Andhra Pradesh,1309.84,1934.68,47.7,True,2021-04-05,84,108,2028-02-28,2030-02-17,24,True,45.6,92.1,1782.7,100.0,12,5,Monsoon/weather delays,Delayed,62.9,High
PRJ00441,Andhra Pradesh Postal Infrastructure Infra Development Phase-22,Postal Infrastructure,Ministry of Communications,NMDC,NCC Limited,Andhra Pradesh,2699.6,2183.81,0.0,False,2020-10-14,36,41,2023-09-29,2024-02-26,5,True,91.3,51.7,1130.05,41.9,8,7,Monsoon/weather delays; Shortage of skilled manpower,Delayed,7.6,Low
PRJ00442,Andhra Pradesh Power Infra Development Phase-23,Power,Ministry of Power,AAI,Larsen & Toubro Infra,Andhra Pradesh,1853.11,1665.94,0.0,False,2018-11-25,72,72,2024-10-24,2024-10-24,0,False,100.0,35.0,583.1,31.5,6,6,None,Completed,0.6,Low
PRJ00443,Andhra Pradesh Postal Infrastructure Infra Development Phase-24,Postal Infrastructure,Ministry of Communications,BSNL,Dilip Buildcon Ltd,Andhra Pradesh,1230.61,3532.67,187.07,True,2019-01-24,48,60,2023-01-03,2023-12-29,12,True,74.4,8.5,299.99,24.4,12,9,Forest/environment clearance delay,Delayed,100.0,High
PRJ00444,Andhra Pradesh Ports & Shipping Infra Development Phase-25,Ports & Shipping,"Ministry of Ports, Shipping & Waterways",IFFCO,Dilip Buildcon Ltd,Andhra Pradesh,743.47,2199.43,195.83,True,2017-07-18,72,102,2023-06-17,2025-12-03,30,True,70.1,74.7,1642.31,100.0,4,3,Contractual issues; Poor contractor mobilization,Delayed,100.0,High
PRJ00445,Andhra Pradesh Fertilizers Infra Development Phase-26,Fertilizers,Ministry of Chemicals & Fertilizers,Coal India Ltd,Shapoorji Pallonji Infra,Andhra Pradesh,3381.73,1036.26,0.0,False,2017-10-06,36,36,2020-09-20,2020-09-20,0,False,85.6,100.0,1255.53,37.1,6,5,None,On Track,1.5,Low
PRJ00446,Andhra Pradesh Roads & Highways Infra Development Phase-27,Roads & Highways,Ministry of Road Transport & Highways,ONGC,GMR Infrastructure,Andhra Pradesh,554.7,3709.35,568.71,True,2022-09-03,96,145,2030-07-23,2034-08-01,49,True,27.4,20.0,743.59,100.0,10,3,Forest/environment clearance delay; Rehabilitation & resettlement issues,Delayed,100.0,High
PRJ00447,Andhra Pradesh Fertilizers Infra Development Phase-28,Fertilizers,Ministry of Chemicals & Fertilizers,IFFCO,KNR Constructions,Andhra Pradesh,3277.91,4654.84,42.01,True,2022-06-03,24,58,2024-05-23,2027-03-09,34,True,60.9,18.1,841.24,25.7,10,6,Land acquisition delay,Delayed,64.4,High
PRJ00448,Andhra Pradesh Postal Infrastructure Infra Development Phase-29,Postal Infrastructure,Ministry of Communications,NHPC,Shapoorji Pallonji Infra,Andhra Pradesh,1553.74,1551.59,0.0,False,2021-08-12,24,24,2023-08-02,2023-08-02,0,False,100.0,76.5,1186.51,76.4,4,4,None,Completed,1.9,Low
PRJ00449,Andhra Pradesh Roads & Highways Infra Development Phase-30,Roads & Highways,Ministry of Road Transport & Highways,HUDCO,Larsen & Toubro Infra,Andhra Pradesh,1305.73,3370.82,158.16,True,2020-01-31,36,53,2023-01-15,2024-06-08,17,True,88.6,17.0,573.84,43.9,12,11,Land acquisition delay; Delay in tendering/equipment supply,Delayed,100.0,High
PRJ00450,Andhra Pradesh Rural Infrastructure Infra Development Phase-31,Rural Infrastructure,Ministry of Rural Development,State PWD,GR Infraprojects,Andhra Pradesh,3161.09,1225.0,0.0,False,2019-01-05,36,66,2021-12-20,2024-06-07,30,True,93.7,100.0,1693.72,53.6,4,4,Contractual issues,Delayed,25.6,Medium
PRJ00451,Andhra Pradesh Petroleum & Natural Gas Infra Development Phase-32,Petroleum & Natural Gas,Ministry of Petroleum & Natural Gas,ONGC,Shapoorji Pallonji Infra,Andhra Pradesh,1283.61,2703.77,110.64,True,2022-11-27,72,111,2028-10-26,2032-01-09,39,True,26.4,33.7,912.2,71.1,8,2,Delay in tendering/equipment supply; Price escalation of raw materials,Delayed,100.0,High
PRJ00452,Andhra Pradesh Water Resources Infra Development Phase-33,Water Resources,Ministry of Jal Shakti,RVNL,Shapoorji Pallonji Infra,Andhra Pradesh,3488.58,4643.47,33.1,True,2021-03-09,36,78,2024-02-22,2027-08-05,42,True,70.9,9.4,438.27,12.6,10,7,Shortage of skilled manpower; Court cases/litigation,Delayed,66.8,High
PRJ00453,Andhra Pradesh Petroleum & Natural Gas Infra Development Phase-34,Petroleum & Natural Gas,Ministry of Petroleum & Natural Gas,RITES,Larsen & Toubro Infra,Andhra Pradesh,2132.52,4876.13,128.66,True,2017-11-27,72,105,2023-10-27,2026-07-13,33,True,71.3,21.5,1049.63,49.2,4,3,Price escalation of raw materials,Delayed,100.0,High
PRJ00454,Andhra Pradesh Water Resources Infra Development Phase-35,Water Resources,Ministry of Jal Shakti,SAIL,Megha Engineering (MEIL),Andhra Pradesh,4262.83,2215.29,0.0,False,2022-05-04,36,36,2025-04-18,2025-04-18,0,False,100.0,100.0,2497.42,58.6,4,4,None,Completed,5.3,Low
PRJ00455,Andhra Pradesh Fertilizers Infra Development Phase-36,Fertilizers,Ministry of Chemicals & Fertilizers,NHAI,GMR Infrastructure,Andhra Pradesh,1480.29,2341.59,58.18,True,2018-12-03,48,53,2022-11-12,2023-04-11,5,True,87.5,26.5,620.95,41.9,4,4,Poor contractor mobilization; Utility shifting delay,Delayed,42.3,Medium
PRJ00456,Andhra Pradesh Mining Infra Development Phase-37,Mining,Ministry of Mines,IWAI,PNC Infratech,Andhra Pradesh,967.84,1482.73,53.2,True,2018-01-26,84,107,2024-12-20,2026-11-10,23,True,76.7,53.7,796.95,82.3,12,9,Shortage of skilled manpower,Delayed,62.3,High
PRJ00457,Andhra Pradesh Renewable Energy Infra Development Phase-38,Renewable Energy,Ministry of New & Renewable Energy,ABC Infrastructure Ltd.,Larsen & Toubro Infra,Andhra Pradesh,3437.29,1288.71,0.0,False,2022-05-02,60,60,2027-04-06,2027-04-06,0,False,82.7,74.4,959.05,27.9,8,7,None,On Track,1.9,Low
PRJ00458,Andhra Pradesh Railways Infra Development Phase-39,Railways,Ministry of Railways,RVNL,KNR Constructions,Andhra Pradesh,681.3,1492.09,119.01,True,2020-02-23,36,52,2023-02-07,2024-06-01,16,True,75.3,100.0,2178.0,100.0,12,9,Law and order problems,Delayed,98.9,High
PRJ00459,Andhra Pradesh Mining Infra Development Phase-40,Mining,Ministry of Mines,NHAI,GR Infraprojects,Andhra Pradesh,1421.17,1022.52,0.0,False,2019-04-29,24,24,2021-04-18,2021-04-18,0,False,100.0,100.0,1871.25,100.0,12,12,None,Completed,0.0,Low
PRJ00460,Andhra Pradesh Civil Aviation Infra Development Phase-41,Civil Aviation,Ministry of Civil Aviation,ABC Infrastructure Ltd.,Larsen & Toubro Infra,Andhra Pradesh,2172.85,2261.97,4.1,True,2021-06-20,36,59,2024-06-04,2026-04-25,23,True,81.4,75.2,1700.58,78.3,4,3,Law and order problems; Rehabilitation & resettlement issues,Delayed,26.7,Medium
PRJ00461,Andhra Pradesh Petroleum & Natural Gas Infra Development Phase-42,Petroleum & Natural Gas,Ministry of Petroleum & Natural Gas,IWAI,Afcons Infrastructure,Andhra Pradesh,1906.27,1733.57,0.0,False,2021-05-13,72,95,2027-04-12,2029-03-02,23,True,52.4,84.0,1455.57,76.4,12,6,Price escalation of raw materials; Monsoon/weather delays,Delayed,25.4,Medium
PRJ00462,Andhra Pradesh Civil Aviation Infra Development Phase-43,Civil Aviation,Ministry of Civil Aviation,ABC Infrastructure Ltd.,Reliance Infrastructure,Andhra Pradesh,3068.73,1612.53,0.0,False,2017-11-18,72,107,2023-10-18,2026-09-02,35,True,84.8,44.4,715.82,23.3,12,10,Forest/environment clearance delay; Monsoon/weather delays,Delayed,30.1,Medium
PRJ00463,Andhra Pradesh Water Supply & Sanitation Infra Development Phase-44,Water Supply & Sanitation,Ministry of Jal Shakti,Coal India Ltd,Larsen & Toubro Infra,Andhra Pradesh,3288.58,3586.25,9.05,True,2017-11-08,48,91,2021-10-18,2025-04-30,43,True,88.0,10.7,382.13,11.6,8,7,Utility shifting delay; Land acquisition delay,Delayed,45.6,Medium
PRJ00464,Andhra Pradesh Fertilizers Infra Development Phase-45,Fertilizers,Ministry of Chemicals & Fertilizers,NBCC,Shapoorji Pallonji Infra,Andhra Pradesh,1767.28,910.68,0.0,False,2022-01-20,72,80,2027-12-20,2028-08-16,8,True,48.4,100.0,963.71,54.5,10,5,Court cases/litigation,Delayed,13.3,Low
PRJ00465,Andhra Pradesh Postal Infrastructure Infra Development Phase-46,Postal Infrastructure,Ministry of Communications,SAIL,Dilip Buildcon Ltd,Andhra Pradesh,1113.49,1254.98,12.71,True,2021-11-04,72,93,2027-10-04,2029-06-25,21,True,52.9,35.2,441.96,39.7,6,3,Funding constraints; Price escalation of raw materials,Delayed,32.2,Medium
PRJ00466,Andhra Pradesh Education Infrastructure Infra Development Phase-47,Education Infrastructure,Ministry of Education,RITES,Afcons Infrastructure,Andhra Pradesh,980.81,1384.23,41.13,True,2019-10-07,36,57,2022-09-21,2024-06-12,21,True,81.3,64.1,887.52,90.5,4,3,Delay in tendering/equipment supply,Delayed,49.5,Medium
PRJ00467,Andhra Pradesh Civil Aviation Infra Development Phase-48,Civil Aviation,Ministry of Civil Aviation,SAIL,Reliance Infrastructure,Andhra Pradesh,892.74,3505.7,292.69,True,2018-09-24,60,96,2023-08-29,2026-08-13,36,True,86.2,35.0,1228.27,100.0,10,9,Court cases/litigation; Forest/environment clearance delay,Delayed,100.0,High
PRJ00468,Andhra Pradesh Ports & Shipping Infra Development Phase-49,Ports & Shipping,"Ministry of Ports, Shipping & Waterways",NHAI,PNC Infratech,Andhra Pradesh,1505.53,1852.07,23.02,True,2020-06-16,48,71,2024-05-26,2026-04-16,23,True,84.0,86.1,1594.8,100.0,10,8,Delay in tendering/equipment supply; Forest/environment clearance delay,Delayed,38.6,Medium
PRJ00469,Andhra Pradesh Civil Aviation Infra Development Phase-50,Civil Aviation,Ministry of Civil Aviation,RVNL,HCC (Hindustan Construction),Andhra Pradesh,817.94,2921.88,257.22,True,2019-02-07,48,69,2023-01-17,2024-10-08,21,True,82.3,58.9,1720.43,100.0,10,8,Poor contractor mobilization; Forest/environment clearance delay,Delayed,100.0,High
PRJ00470,Andhra Pradesh Roads & Highways Infra Development Phase-51,Roads & Highways,Ministry of Road Transport & Highways,RVNL,Shapoorji Pallonji Infra,Andhra Pradesh,1077.6,2222.27,106.22,True,2020-12-20,48,68,2024-11-29,2026-07-22,20,True,87.8,71.9,1597.33,100.0,12,11,Utility shifting delay,Delayed,91.5,High
PRJ00471,Andhra Pradesh Water Resources Infra Development Phase-52,Water Resources,Ministry of Jal Shakti,NHAI,Ashoka Buildcon,Andhra Pradesh,2110.19,2050.81,0.0,False,2020-04-10,60,60,2025-03-15,2025-03-15,0,False,98.9,21.0,430.88,20.4,10,10,None,Completed,4.6,Low
PRJ00472,Andhra Pradesh Water Resources Infra Development Phase-53,Water Resources,Ministry of Jal Shakti,RVNL,Larsen & Toubro Infra,Andhra Pradesh,1949.17,2514.14,28.99,True,2019-09-22,48,67,2023-09-01,2025-03-24,19,True,87.2,23.2,583.78,30.0,12,10,Price escalation of raw materials,Delayed,39.6,Medium
PRJ00473,Andhra Pradesh Power Infra Development Phase-54,Power,Ministry of Power,PowerGrid,Simplex Infrastructures,Andhra Pradesh,2186.25,2461.44,12.59,True,2020-01-07,36,51,2022-12-22,2024-03-16,15,True,77.5,42.2,1037.66,47.5,8,6,Monsoon/weather delays; Funding constraints,Delayed,22.8,Low
PRJ00474,Andhra Pradesh Ports & Shipping Infra Development Phase-55,Ports & Shipping,"Ministry of Ports, Shipping & Waterways",GAIL,Shapoorji Pallonji Infra,Andhra Pradesh,2660.93,564.79,0.0,False,2021-11-16,36,36,2024-10-31,2024-10-31,0,False,91.9,100.0,1595.34,60.0,8,7,None,On Track,7.5,Low
PRJ00475,Andhra Pradesh Water Supply & Sanitation Infra Development Phase-56,Water Supply & Sanitation,Ministry of Jal Shakti,RITES,IRB Infrastructure,Andhra Pradesh,1307.42,3316.19,153.64,True,2022-06-07,24,65,2024-05-27,2027-10-09,41,True,57.5,8.1,270.04,20.7,4,2,Delay in tendering/equipment supply; Change in project scope,Delayed,100.0,High
PRJ00476,Andhra Pradesh Fertilizers Infra Development Phase-57,Fertilizers,Ministry of Chemicals & Fertilizers,BSNL,GMR Infrastructure,Andhra Pradesh,2892.13,5448.7,88.4,True,2019-03-12,36,73,2022-02-24,2025-03-10,37,True,84.6,19.2,1044.13,36.1,10,8,Contractual issues,Delayed,99.3,High
PRJ00477,Andhra Pradesh Steel Infra Development Phase-58,Steel,Ministry of Steel,NHAI,Afcons Infrastructure,Andhra Pradesh,1266.11,1318.37,4.13,True,2021-06-09,72,82,2027-05-09,2028-03-04,10,True,56.3,48.8,643.64,50.8,8,5,Utility shifting delay; Shortage of skilled manpower,Delayed,15.7,Low
PRJ00478,Andhra Pradesh Mining Infra Development Phase-59,Mining,Ministry of Mines,State PWD,Ashoka Buildcon,Andhra Pradesh,2171.21,3023.83,39.27,True,2018-07-12,36,56,2021-06-26,2023-02-16,20,True,83.0,44.3,1338.1,61.6,8,7,Geological surprises; Shortage of skilled manpower,Delayed,49.8,Medium
PRJ00479,Andhra Pradesh Mining Infra Development Phase-60,Mining,Ministry of Mines,GAIL,Larsen & Toubro Infra,Andhra Pradesh,875.73,1265.9,44.55,True,2021-06-20,36,63,2024-06-04,2026-08-23,27,True,86.5,72.7,920.05,100.0,8,7,Monsoon/weather delays; Rehabilitation & resettlement issues,Delayed,53.1,High
PRJ00480,Andhra Pradesh Petroleum & Natural Gas Infra Development Phase-61,Petroleum & Natural Gas,Ministry of Petroleum & Natural Gas,IRCTC,Sadbhav Engineering,Andhra Pradesh,2880.31,1084.77,0.0,False,2021-03-21,48,77,2025-02-28,2027-07-18,29,True,65.5,62.6,678.8,23.6,8,5,Court cases/litigation; Forest/environment clearance delay,Delayed,31.9,Medium
PRJ00481,Andhra Pradesh Healthcare Infrastructure Infra Development Phase-62,Healthcare Infrastructure,Ministry of Health & Family Welfare,ONGC,Afcons Infrastructure,Andhra Pradesh,4864.04,2296.13,0.0,False,2019-01-07,24,24,2020-12-27,2020-12-27,0,False,98.2,38.5,883.7,18.2,12,12,None,Completed,3.4,Low
PRJ00482,Andhra Pradesh Roads & Highways Infra Development Phase-63,Roads & Highways,Ministry of Road Transport & Highways,State Irrigation Dept,Shapoorji Pallonji Infra,Andhra Pradesh,1423.29,1215.31,0.0,False,2019-05-09,72,72,2025-04-07,2025-04-07,0,False,100.0,100.0,1344.6,94.5,10,10,None,Completed,0.0,Low
PRJ00483,Andhra Pradesh Steel Infra Development Phase-64,Steel,Ministry of Steel,ABC Infrastructure Ltd.,IRB Infrastructure,Andhra Pradesh,830.49,1897.05,128.43,True,2017-10-11,36,54,2020-09-25,2022-03-19,18,True,77.1,72.2,1369.66,100.0,10,8,Contractual issues; Utility shifting delay,Delayed,100.0,High
PRJ00484,Andhra Pradesh Steel Infra Development Phase-65,Steel,Ministry of Steel,Coal India Ltd,GMR Infrastructure,Andhra Pradesh,2132.38,4196.06,96.78,True,2019-11-01,24,29,2021-10-21,2022-03-20,5,True,85.5,21.7,909.35,42.6,6,5,Price escalation of raw materials; Forest/environment clearance delay,Delayed,74.9,High
PRJ00485,Andhra Pradesh Urban Development Infra Development Phase-66,Urban Development,Ministry of Housing & Urban Affairs,Deendayal Port Trust,KNR Constructions,Andhra Pradesh,2054.52,3479.6,69.36,True,2022-05-17,60,101,2027-04-21,2030-09-02,41,True,40.1,17.5,608.8,29.6,12,5,Poor contractor mobilization; Delay in tendering/equipment supply,Delayed,91.1,High
PRJ00486,Andhra Pradesh Railways Infra Development Phase-67,Railways,Ministry of Railways,AAI,Shapoorji Pallonji Infra,Andhra Pradesh,1853.5,2536.75,36.86,True,2017-12-15,36,68,2020-11-29,2023-07-17,32,True,73.0,53.3,1351.11,72.9,4,3,Court cases/litigation,Delayed,59.1,High
PRJ00487,Andhra Pradesh Power Infra Development Phase-68,Power,Ministry of Power,NMDC,NCC Limited,Andhra Pradesh,1346.39,1438.37,6.83,True,2017-07-01,24,41,2019-06-21,2020-11-12,17,True,82.2,38.5,554.2,41.2,12,10,Utility shifting delay; Price escalation of raw materials,Delayed,24.6,Low
PRJ00488,Andhra Pradesh Water Supply & Sanitation Infra Development Phase-69,Water Supply & Sanitation,Ministry of Jal Shakti,NTPC,GR Infraprojects,Andhra Pradesh,518.76,3210.44,518.87,True,2017-02-13,48,90,2021-01-23,2024-07-06,42,True,71.6,6.7,216.03,41.6,4,3,Shortage of skilled manpower; Delay in tendering/equipment supply,Delayed,100.0,High
PRJ00489,Andhra Pradesh Telecommunications Infra Development Phase-70,Telecommunications,Ministry of Communications,NHPC,Larsen & Toubro Infra,Andhra Pradesh,1565.65,2190.88,39.93,True,2019-06-25,24,48,2021-06-14,2023-06-04,24,True,88.6,70.9,1554.33,99.3,10,9,Price escalation of raw materials; Shortage of skilled manpower,Delayed,49.9,Medium
PRJ00490,Andhra Pradesh Rural Infrastructure Infra Development Phase-71,Rural Infrastructure,Ministry of Rural Development,IWAI,Larsen & Toubro Infra,Andhra Pradesh,2146.82,1795.59,0.0,False,2022-08-12,60,60,2027-07-17,2027-07-17,0,False,63.8,14.8,265.24,12.4,6,4,None,On Track,9.3,Low
PRJ00491,Andhra Pradesh Irrigation Infra Development Phase-72,Irrigation,Ministry of Jal Shakti,NHAI,Afcons Infrastructure,Andhra Pradesh,1162.54,3080.29,164.96,True,2022-06-01,36,74,2025-05-16,2028-06-29,38,True,45.0,24.9,767.25,66.0,4,2,Poor contractor mobilization; COVID-19 related disruption,Delayed,100.0,High
PRJ00492,Andhra Pradesh Ports & Shipping Infra Development Phase-73,Ports & Shipping,"Ministry of Ports, Shipping & Waterways",NTPC,Tata Projects,Andhra Pradesh,2967.52,2506.79,0.0,False,2018-08-04,48,48,2022-07-14,2022-07-14,0,False,99.0,14.3,358.05,12.1,8,8,None,Completed,4.8,Low
PRJ00493,Andhra Pradesh Steel Infra Development Phase-74,Steel,Ministry of Steel,IRCTC,Larsen & Toubro Infra,Andhra Pradesh,186.4,2006.35,976.37,True,2022-02-09,36,41,2025-01-24,2025-06-23,5,True,88.1,63.0,1264.94,100.0,6,5,Court cases/litigation; Shortage of skilled manpower,Delayed,100.0,High
PRJ00494,Andhra Pradesh Inland Waterways Infra Development Phase-75,Inland Waterways,"Ministry of Ports, Shipping & Waterways",State Irrigation Dept,Larsen & Toubro Infra,Andhra Pradesh,1856.58,2335.18,25.78,True,2022-01-28,48,81,2026-01-07,2028-09-23,33,True,56.5,41.8,975.75,52.6,8,5,Rehabilitation & resettlement issues,Delayed,62.9,High
PRJ00495,Andhra Pradesh Railways Infra Development Phase-76,Railways,Ministry of Railways,ABC Infrastructure Ltd.,HCC (Hindustan Construction),Andhra Pradesh,1473.91,591.93,0.0,False,2018-04-17,36,57,2021-04-01,2022-12-22,21,True,72.3,57.9,342.57,23.2,4,3,Change in project scope; Utility shifting delay,Delayed,23.3,Low
PRJ00496,Andhra Pradesh Power Infra Development Phase-77,Power,Ministry of Power,Coal India Ltd,Patel Engineering,Andhra Pradesh,661.2,1704.84,157.84,True,2022-10-15,24,49,2024-10-04,2026-10-24,25,True,63.5,38.4,654.27,99.0,6,4,Utility shifting delay,Delayed,100.0,High
PRJ00497,Andhra Pradesh Postal Infrastructure Infra Development Phase-78,Postal Infrastructure,Ministry of Communications,State PWD,Larsen & Toubro Infra,Andhra Pradesh,1544.02,2098.73,35.93,True,2022-03-08,72,118,2028-02-05,2031-11-16,46,True,30.1,77.8,1631.81,100.0,6,2,Law and order problems; Funding constraints,Delayed,67.3,High
PRJ00498,Andhra Pradesh Fertilizers Infra Development Phase-79,Fertilizers,Ministry of Chemicals & Fertilizers,IFFCO,Ashoka Buildcon,Andhra Pradesh,932.15,1315.39,41.11,True,2021-11-06,60,98,2026-10-11,2029-11-24,38,True,48.7,35.9,471.83,50.6,10,5,Geological surprises,Delayed,72.1,High
PRJ00499,Andhra Pradesh Urban Development Infra Development Phase-80,Urban Development,Ministry of Housing & Urban Affairs,IWAI,Sadbhav Engineering,Andhra Pradesh,2503.86,812.47,0.0,False,2021-10-26,48,48,2025-10-05,2025-10-05,0,False,100.0,100.0,941.12,37.6,10,10,None,Completed,5.2,Low
PRJ00500,Andhra Pradesh Roads & Highways Infra Development Phase-81,Roads & Highways,Ministry of Road Transport & Highways,ABC Infrastructure Ltd.,Dilip Buildcon Ltd,Andhra Pradesh,1923.79,1833.6,0.0,False,2019-05-30,36,36,2022-05-14,2022-05-14,0,False,87.6,76.0,1393.66,72.4,6,5,None,On Track,4.9,Low
PRJ00501,Andhra Pradesh Coal Infra Development Phase-82,Coal,Ministry of Coal,ABC Infrastructure Ltd.,Larsen & Toubro Infra,Andhra Pradesh,1024.99,637.67,0.0,False,2017-09-14,48,48,2021-08-24,2021-08-24,0,False,85.4,100.0,1232.17,100.0,12,10,None,On Track,0.7,Low
PRJ00502,Andhra Pradesh Inland Waterways Infra Development Phase-83,Inland Waterways,"Ministry of Ports, Shipping & Waterways",NHPC,Shapoorji Pallonji Infra,Andhra Pradesh,817.08,334.15,0.0,False,2019-02-05,72,72,2025-01-04,2025-01-04,0,False,86.2,100.0,610.59,74.7,8,7,None,On Track,6.8,Low
PRJ00503,Andhra Pradesh Mining Infra Development Phase-84,Mining,Ministry of Mines,ONGC,Larsen & Toubro Infra,Andhra Pradesh,855.48,694.41,0.0,False,2022-02-18,84,131,2029-01-12,2032-11-22,47,True,30.5,96.5,670.38,78.4,4,1,Monsoon/weather delays; Delay in tendering/equipment supply,Delayed,50.1,High
PRJ00504,Andhra Pradesh Fertilizers Infra Development Phase-85,Fertilizers,Ministry of Chemicals & Fertilizers,IRCTC,GMR Infrastructure,Andhra Pradesh,470.49,1046.17,122.36,True,2021-05-11,36,81,2024-04-25,2028-01-05,45,True,69.3,54.9,573.86,100.0,12,8,Change in project scope; Law and order problems,Delayed,100.0,High
PRJ00505,Andhra Pradesh Irrigation Infra Development Phase-86,Irrigation,Ministry of Jal Shakti,State Irrigation Dept,Larsen & Toubro Infra,Andhra Pradesh,2951.81,844.4,0.0,False,2018-12-08,48,48,2022-11-17,2022-11-17,0,False,94.8,69.3,585.55,19.8,8,8,None,On Track,0.7,Low
PRJ00506,Andhra Pradesh Education Infrastructure Infra Development Phase-87,Education Infrastructure,Ministry of Education,IWAI,Larsen & Toubro Infra,Andhra Pradesh,2149.97,2408.88,12.04,True,2017-12-14,60,72,2022-11-18,2023-11-13,12,True,88.9,49.1,1182.34,55.0,6,5,Change in project scope; Monsoon/weather delays,Delayed,24.1,Low
PRJ00507,Andhra Pradesh Steel Infra Development Phase-88,Steel,Ministry of Steel,NTPC,GR Infraprojects,Andhra Pradesh,683.88,1202.04,75.77,True,2019-01-20,36,81,2022-01-04,2025-09-15,45,True,70.3,6.3,75.25,11.0,8,6,Price escalation of raw materials,Delayed,95.4,High
PRJ00508,Andhra Pradesh Water Supply & Sanitation Infra Development Phase-89,Water Supply & Sanitation,Ministry of Jal Shakti,Deendayal Port Trust,Gammon India,Andhra Pradesh,2789.09,1283.89,0.0,False,2018-07-19,36,36,2021-07-03,2021-07-03,0,False,87.9,34.8,446.75,16.0,12,11,None,On Track,2.8,Low
PRJ00509,Andhra Pradesh Water Resources Infra Development Phase-90,Water Resources,Ministry of Jal Shakti,State PWD,Shapoorji Pallonji Infra,Andhra Pradesh,1337.23,3375.02,152.39,True,2019-01-31,24,55,2021-01-20,2023-08-08,31,True,86.6,19.4,656.13,49.1,10,9,Law and order problems,Delayed,100.0,High
PRJ00510,Andhra Pradesh Housing Infra Development Phase-91,Housing,Ministry of Housing & Urban Affairs,RITES,Larsen & Toubro Infra,Andhra Pradesh,1198.89,6203.46,417.43,True,2018-07-29,72,78,2024-06-27,2024-12-24,6,True,74.8,7.1,442.41,36.9,6,4,COVID-19 related disruption; Rehabilitation & resettlement issues,Delayed,100.0,High
PRJ00511,Andhra Pradesh Railways Infra Development Phase-92,Railways,Ministry of Railways,AAI,Afcons Infrastructure,Andhra Pradesh,1029.15,4635.17,350.39,True,2017-02-09,84,99,2024-01-04,2025-03-29,15,True,94.0,30.1,1392.89,100.0,10,9,Geological surprises,Delayed,100.0,High
PRJ00512,Andhra Pradesh Water Resources Infra Development Phase-93,Water Resources,Ministry of Jal Shakti,NHPC,KNR Constructions,Andhra Pradesh,879.15,455.7,0.0,False,2022-09-02,48,48,2026-08-12,2026-08-12,0,False,78.6,100.0,500.67,56.9,10,8,None,On Track,3.4,Low
PRJ00513,Andhra Pradesh Water Supply & Sanitation Infra Development Phase-94,Water Supply & Sanitation,Ministry of Jal Shakti,IFFCO,GMR Infrastructure,Andhra Pradesh,1948.27,4588.22,135.5,True,2022-07-08,60,71,2027-06-12,2028-05-07,11,True,48.9,12.3,566.46,29.1,10,5,Monsoon/weather delays; Funding constraints,Delayed,100.0,High
PRJ00514,Andhra Pradesh Ports & Shipping Infra Development Phase-95,Ports & Shipping,"Ministry of Ports, Shipping & Waterways",IWAI,Larsen & Toubro Infra,Andhra Pradesh,3061.93,1969.0,0.0,False,2017-05-07,72,72,2023-04-06,2023-04-06,0,False,100.0,31.4,618.16,20.2,6,6,None,Completed,2.8,Low
PRJ00515,Andhra Pradesh Steel Infra Development Phase-96,Steel,Ministry of Steel,IRCON,Dilip Buildcon Ltd,Andhra Pradesh,3137.05,1348.21,0.0,False,2020-01-31,36,36,2023-01-15,2023-01-15,0,False,100.0,4.4,59.32,1.9,6,6,None,Completed,6.3,Low
PRJ00516,Andhra Pradesh Postal Infrastructure Infra Development Phase-97,Postal Infrastructure,Ministry of Communications,RITES,Afcons Infrastructure,Andhra Pradesh,1150.56,4498.51,290.98,True,2018-11-20,36,74,2021-11-04,2024-12-18,38,True,94.0,11.3,507.13,44.1,10,9,Change in project scope; Rehabilitation & resettlement issues,Delayed,100.0,High
PRJ00517,Andhra Pradesh Inland Waterways Infra Development Phase-98,Inland Waterways,"Ministry of Ports, Shipping & Waterways",NBCC,Dilip Buildcon Ltd,Andhra Pradesh,551.91,2287.18,314.41,True,2021-02-11,96,124,2028-12-31,2031-04-20,28,True,39.0,44.5,1016.78,100.0,12,5,COVID-19 related disruption,Delayed,100.0,High
PRJ00518,Andhra Pradesh Postal Infrastructure Infra Development Phase-99,Postal Infrastructure,Ministry of Communications,ONGC,Shapoorji Pallonji Infra,Andhra Pradesh,2329.55,1597.66,0.0,False,2021-10-08,24,24,2023-09-28,2023-09-28,0,False,85.5,42.4,677.36,29.1,4,3,None,On Track,10.4,Low
PRJ00519,Andhra Pradesh Fertilizers Infra Development Phase-100,Fertilizers,Ministry of Chemicals & Fertilizers,Coal India Ltd,GR Infraprojects,Andhra Pradesh,1745.14,1717.72,0.0,False,2020-05-04,36,36,2023-04-19,2023-04-19,0,False,97.6,100.0,2918.34,100.0,4,4,None,On Track,3.3,Low
PRJ00520,Andhra Pradesh Urban Development Infra Development Phase-101,Urban Development,Ministry of Housing & Urban Affairs,NBCC,Gammon India,Andhra Pradesh,3693.96,1182.78,0.0,False,2020-11-28,48,48,2024-11-07,2024-11-07,0,False,92.9,30.0,355.09,9.6,4,4,None,On Track,5.5,Low
PRJ00521,Andhra Pradesh Urban Development Infra Development Phase-102,Urban Development,Ministry of Housing & Urban Affairs,NTPC,Shapoorji Pallonji Infra,Andhra Pradesh,3223.65,754.42,0.0,False,2019-08-29,36,36,2022-08-13,2022-08-13,0,False,92.9,57.5,433.43,13.4,6,6,None,On Track,5.1,Low
PRJ00522,Andhra Pradesh Healthcare Infrastructure Infra Development Phase-103,Healthcare Infrastructure,Ministry of Health & Family Welfare,ABC Infrastructure Ltd.,Dilip Buildcon Ltd,Andhra Pradesh,1754.24,1625.8,0.0,False,2020-12-07,48,98,2024-11-16,2028-12-25,50,True,47.6,44.2,719.23,41.0,12,6,Law and order problems; Rehabilitation & resettlement issues,Delayed,46.3,Medium
PRJ00523,Andhra Pradesh Civil Aviation Infra Development Phase-104,Civil Aviation,Ministry of Civil Aviation,ONGC,Larsen & Toubro Infra,Andhra Pradesh,4331.01,2554.31,0.0,False,2019-04-28,84,84,2026-03-22,2026-03-22,0,False,96.7,8.7,222.64,5.1,4,4,None,On Track,5.7,Low
PRJ00524,Andhra Pradesh Healthcare Infrastructure Infra Development Phase-105,Healthcare Infrastructure,Ministry of Health & Family Welfare,AAI,Afcons Infrastructure,Andhra Pradesh,2033.9,1490.58,0.0,False,2022-12-21,36,36,2025-12-05,2025-12-05,0,False,89.2,55.7,830.86,40.9,8,7,None,On Track,10.2,Low
PRJ00525,Andhra Pradesh Education Infrastructure Infra Development Phase-106,Education Infrastructure,Ministry of Education,NHPC,Larsen & Toubro Infra,Andhra Pradesh,1481.86,1800.89,21.53,True,2018-11-21,48,81,2022-10-31,2025-07-17,33,True,86.6,57.4,1033.46,69.7,8,7,Rehabilitation & resettlement issues; Monsoon/weather delays,Delayed,44.1,Medium
PRJ00526,Andhra Pradesh Coal Infra Development Phase-107,Coal,Ministry of Coal,HUDCO,KNR Constructions,Andhra Pradesh,403.97,1244.65,208.1,True,2018-01-26,72,91,2023-12-26,2025-07-18,19,True,91.7,67.4,838.61,100.0,6,6,Forest/environment clearance delay; Contractual issues,Delayed,100.0,High
PRJ00527,Andhra Pradesh Fertilizers Infra Development Phase-108,Fertilizers,Ministry of Chemicals & Fertilizers,PowerGrid,Shapoorji Pallonji Infra,Andhra Pradesh,892.24,1207.13,35.29,True,2018-06-28,60,92,2023-06-02,2026-01-17,32,True,94.0,46.4,560.33,62.8,6,6,Utility shifting delay,Delayed,51.8,High
PRJ00528,Andhra Pradesh Petroleum & Natural Gas Infra Development Phase-109,Petroleum & Natural Gas,Ministry of Petroleum & Natural Gas,IFFCO,Afcons Infrastructure,Andhra Pradesh,1524.66,2771.6,81.78,True,2021-05-28,48,60,2025-05-07,2026-05-02,12,True,80.1,35.3,978.64,64.2,10,8,Delay in tendering/equipment supply,Delayed,69.5,High
PRJ00529,Andhra Pradesh Fertilizers Infra Development Phase-110,Fertilizers,Ministry of Chemicals & Fertilizers,State PWD,PNC Infratech,Andhra Pradesh,1397.65,1798.77,28.7,True,2021-03-17,60,99,2026-02-19,2029-05-04,39,True,56.5,46.7,839.78,60.1,10,6,Funding constraints,Delayed,57.6,High
PRJ00530,Andhra Pradesh Water Resources Infra Development Phase-111,Water Resources,Ministry of Jal Shakti,HUDCO,GR Infraprojects,Andhra Pradesh,2181.91,3334.73,52.84,True,2020-02-14,36,66,2023-01-29,2025-07-17,30,True,85.8,19.9,664.49,30.5,8,7,Monsoon/weather delays; Law and order problems,Delayed,67.5,High
PRJ00531,Andhra Pradesh Healthcare Infrastructure Infra Development Phase-112,Healthcare Infrastructure,Ministry of Health & Family Welfare,NHAI,Afcons Infrastructure,Andhra Pradesh,1197.19,1508.94,26.04,True,2018-01-17,24,69,2020-01-07,2023-09-18,45,True,86.6,54.6,824.23,68.8,10,9,Funding constraints; Price escalation of raw materials,Delayed,56.6,High
PRJ00532,Andhra Pradesh Postal Infrastructure Infra Development Phase-113,Postal Infrastructure,Ministry of Communications,SAIL,Ashoka Buildcon,Andhra Pradesh,2873.41,1591.69,0.0,False,2019-06-12,36,60,2022-05-27,2024-05-16,24,True,84.5,84.4,1343.57,46.8,10,8,Monsoon/weather delays,Delayed,23.1,Low
PRJ00533,Madhya Pradesh Coal Infra Development Phase-1,Coal,Ministry of Coal,IRCTC,Afcons Infrastructure,Madhya Pradesh,2802.7,1495.31,0.0,False,2020-03-07,36,36,2023-02-20,2023-02-20,0,False,100.0,22.4,335.67,12.0,8,8,None,Completed,8.3,Low
PRJ00534,Madhya Pradesh Postal Infrastructure Infra Development Phase-2,Postal Infrastructure,Ministry of Communications,IWAI,NCC Limited,Madhya Pradesh,3279.3,1684.75,0.0,False,2018-06-19,24,24,2020-06-08,2020-06-08,0,False,89.9,48.8,822.63,25.1,12,11,None,On Track,12.8,Low
PRJ00535,Madhya Pradesh Housing Infra Development Phase-3,Housing,Ministry of Housing & Urban Affairs,IRCTC,J Kumar Infraprojects,Madhya Pradesh,1829.49,3816.36,108.6,True,2017-07-18,60,66,2022-06-22,2022-12-19,6,True,86.4,23.7,906.07,49.5,4,3,COVID-19 related disruption,Delayed,94.4,High
PRJ00536,Madhya Pradesh Roads & Highways Infra Development Phase-4,Roads & Highways,Ministry of Road Transport & Highways,NTPC,Larsen & Toubro Infra,Madhya Pradesh,1574.86,1612.18,2.37,True,2018-10-10,60,60,2023-09-14,2023-09-14,0,False,100.0,31.7,511.31,32.5,10,10,None,Completed,2.0,Low
PRJ00537,Madhya Pradesh Urban Development Infra Development Phase-5,Urban Development,Ministry of Housing & Urban Affairs,NHAI,Afcons Infrastructure,Madhya Pradesh,4171.55,5828.78,39.73,True,2021-10-19,24,59,2023-10-09,2026-08-24,35,True,81.9,14.4,837.6,20.1,6,5,Rehabilitation & resettlement issues,Delayed,59.6,High
PRJ00538,Madhya Pradesh Power Infra Development Phase-6,Power,Ministry of Power,NBCC,Tata Projects,Madhya Pradesh,836.49,1037.2,23.99,True,2018-01-18,48,66,2021-12-28,2023-06-21,18,True,88.3,100.0,1702.84,100.0,8,7,Funding constraints; Law and order problems,Delayed,33.8,Medium
PRJ00539,Madhya Pradesh Rural Infrastructure Infra Development Phase-7,Rural Infrastructure,Ministry of Rural Development,NMDC,Shapoorji Pallonji Infra,Madhya Pradesh,1406.85,883.13,0.0,False,2018-11-09,60,81,2023-10-14,2025-07-05,21,True,85.7,100.0,1728.33,100.0,4,3,Rehabilitation & resettlement issues; Court cases/litigation,Delayed,22.7,Low
PRJ00540,Madhya Pradesh Petroleum & Natural Gas Infra Development Phase-8,Petroleum & Natural Gas,Ministry of Petroleum & Natural Gas,State PWD,Larsen & Toubro Infra,Madhya Pradesh,724.96,2839.81,291.72,True,2018-01-09,72,81,2023-12-09,2024-09-04,9,True,88.9,29.0,824.83,100.0,4,4,Geological surprises,Delayed,100.0,High
PRJ00541,Madhya Pradesh Housing Infra Development Phase-9,Housing,Ministry of Housing & Urban Affairs,RVNL,Larsen & Toubro Infra,Madhya Pradesh,2490.02,1882.76,0.0,False,2018-06-28,84,84,2025-05-22,2025-05-22,0,False,93.7,50.2,945.25,38.0,12,11,None,On Track,2.8,Low
PRJ00542,Madhya Pradesh Petroleum & Natural Gas Infra Development Phase-10,Petroleum & Natural Gas,Ministry of Petroleum & Natural Gas,HUDCO,Larsen & Toubro Infra,Madhya Pradesh,1467.73,1032.38,0.0,False,2021-12-28,96,96,2029-11-16,2029-11-16,0,False,52.1,100.0,1857.23,100.0,4,2,None,On Track,10.9,Low
PRJ00543,Madhya Pradesh Roads & Highways Infra Development Phase-11,Roads & Highways,Ministry of Road Transport & Highways,ABC Infrastructure Ltd.,Shapoorji Pallonji Infra,Madhya Pradesh,1960.99,718.8,0.0,False,2020-11-08,48,48,2024-10-18,2024-10-18,0,False,88.4,100.0,1071.32,54.6,4,4,None,On Track,1.8,Low
PRJ00544,Madhya Pradesh Water Supply & Sanitation Infra Development Phase-12,Water Supply & Sanitation,Ministry of Jal Shakti,ABC Infrastructure Ltd.,Afcons Infrastructure,Madhya Pradesh,3246.95,1554.16,0.0,False,2018-06-26,48,76,2022-06-05,2024-09-22,28,True,82.5,96.7,1503.55,46.3,10,8,Shortage of skilled manpower,Delayed,20.7,Low
PRJ00545,Madhya Pradesh Water Resources Infra Development Phase-13,Water Resources,Ministry of Jal Shakti,RVNL,GR Infraprojects,Madhya Pradesh,1189.12,5018.29,322.02,True,2018-02-24,60,88,2023-01-29,2025-05-18,28,True,88.9,6.7,335.41,28.2,4,4,Court cases/litigation; COVID-19 related disruption,Delayed,100.0,High
PRJ00546,Madhya Pradesh Steel Infra Development Phase-14,Steel,Ministry of Steel,PowerGrid,Gammon India,Madhya Pradesh,1590.66,594.42,0.0,False,2021-04-17,36,54,2024-04-01,2025-09-23,18,True,93.3,82.7,491.76,30.9,6,6,Funding constraints,Delayed,18.7,Low
PRJ00547,Madhya Pradesh Telecommunications Infra Development Phase-15,Telecommunications,Ministry of Communications,IWAI,PNC Infratech,Madhya Pradesh,928.97,2035.97,119.16,True,2017-02-04,48,77,2021-01-14,2023-06-03,29,True,91.9,17.9,363.86,39.2,12,11,COVID-19 related disruption,Delayed,100.0,High
PRJ00548,Madhya Pradesh Irrigation Infra Development Phase-16,Irrigation,Ministry of Jal Shakti,ONGC,Afcons Infrastructure,Madhya Pradesh,2306.17,1630.37,0.0,False,2018-09-13,72,72,2024-08-12,2024-08-12,0,False,100.0,100.0,1960.03,85.0,10,10,None,Completed,0.0,Low
PRJ00549,Madhya Pradesh Education Infrastructure Infra Development Phase-17,Education Infrastructure,Ministry of Education,IFFCO,Gammon India,Madhya Pradesh,1234.5,1421.43,15.14,True,2021-12-18,72,120,2027-11-17,2031-10-27,48,True,36.0,32.6,462.81,37.5,6,2,Change in project scope,Delayed,60.7,High
PRJ00550,Madhya Pradesh Civil Aviation Infra Development Phase-18,Civil Aviation,Ministry of Civil Aviation,NTPC,GMR Infrastructure,Madhya Pradesh,955.04,3681.67,285.5,True,2021-04-22,60,70,2026-03-27,2027-01-21,10,True,79.8,24.7,909.11,95.2,8,6,Utility shifting delay; Price escalation of raw materials,Delayed,100.0,High
PRJ00551,Madhya Pradesh Civil Aviation Infra Development Phase-19,Civil Aviation,Ministry of Civil Aviation,Coal India Ltd,PNC Infratech,Madhya Pradesh,2505.35,3819.87,52.47,True,2020-02-09,36,50,2023-01-24,2024-03-19,14,True,83.5,27.2,1037.23,41.4,4,3,Rehabilitation & resettlement issues,Delayed,54.3,High
PRJ00552,Madhya Pradesh Roads & Highways Infra Development Phase-20,Roads & Highways,Ministry of Road Transport & Highways,IFFCO,GMR Infrastructure,Madhya Pradesh,2285.89,1398.69,0.0,False,2020-05-20,48,48,2024-04-29,2024-04-29,0,False,86.8,52.3,730.85,32.0,6,5,None,On Track,9.3,Low
PRJ00553,Madhya Pradesh Telecommunications Infra Development Phase-21,Telecommunications,Ministry of Communications,Deendayal Port Trust,NCC Limited,Madhya Pradesh,1222.1,2210.73,80.9,True,2022-09-19,36,70,2025-09-03,2028-06-19,34,True,48.6,17.4,384.77,31.5,6,3,Rehabilitation & resettlement issues; Utility shifting delay,Delayed,94.4,High
PRJ00554,Madhya Pradesh Railways Infra Development Phase-22,Railways,Ministry of Railways,Coal India Ltd,Larsen & Toubro Infra,Madhya Pradesh,872.9,3684.88,322.14,True,2022-07-21,72,77,2028-06-19,2028-11-16,5,True,52.9,53.8,1981.92,100.0,10,5,Shortage of skilled manpower,Delayed,100.0,High
PRJ00555,Madhya Pradesh Housing Infra Development Phase-23,Housing,Ministry of Housing & Urban Affairs,NMDC,Ashoka Buildcon,Madhya Pradesh,975.36,2634.32,170.09,True,2017-10-18,36,63,2020-10-02,2022-12-21,27,True,77.1,41.4,1090.95,100.0,12,9,Court cases/litigation,Delayed,100.0,High
PRJ00556,Madhya Pradesh Mining Infra Development Phase-24,Mining,Ministry of Mines,PowerGrid,Simplex Infrastructures,Madhya Pradesh,3448.55,1497.18,0.0,False,2021-05-04,36,36,2024-04-18,2024-04-18,0,False,100.0,96.5,1444.11,41.9,12,12,None,Completed,1.9,Low
PRJ00557,Madhya Pradesh Water Supply & Sanitation Infra Development Phase-25,Water Supply & Sanitation,Ministry of Jal Shakti,AAI,Ashoka Buildcon,Madhya Pradesh,2187.31,7449.24,240.57,True,2018-12-09,36,61,2021-11-23,2023-12-13,25,True,85.7,11.1,828.85,37.9,10,9,Land acquisition delay,Delayed,100.0,High
PRJ00558,Madhya Pradesh Healthcare Infrastructure Infra Development Phase-26,Healthcare Infrastructure,Ministry of Health & Family Welfare,RVNL,J Kumar Infraprojects,Madhya Pradesh,935.43,4479.05,378.82,True,2017-02-26,96,120,2025-01-15,2027-01-05,24,True,74.8,12.7,569.4,60.9,8,6,Forest/environment clearance delay,Delayed,100.0,High
PRJ00559,Madhya Pradesh Railways Infra Development Phase-27,Railways,Ministry of Railways,SAIL,Larsen & Toubro Infra,Madhya Pradesh,1761.05,924.59,0.0,False,2022-09-07,36,36,2025-08-22,2025-08-22,0,False,85.0,100.0,1826.82,100.0,8,7,None,On Track,0.5,Low
PRJ00560,Madhya Pradesh Fertilizers Infra Development Phase-28,Fertilizers,Ministry of Chemicals & Fertilizers,ABC Infrastructure Ltd.,Afcons Infrastructure,Madhya Pradesh,999.1,2738.58,174.1,True,2022-08-15,48,56,2026-07-25,2027-03-22,8,True,57.7,21.1,577.04,57.8,10,6,Price escalation of raw materials; Forest/environment clearance delay,Delayed,100.0,High
PRJ00561,Madhya Pradesh Fertilizers Infra Development Phase-29,Fertilizers,Ministry of Chemicals & Fertilizers,NHPC,Larsen & Toubro Infra,Madhya Pradesh,2785.09,561.29,0.0,False,2018-09-18,36,49,2021-09-02,2022-09-27,13,True,91.9,100.0,786.62,28.2,8,7,Rehabilitation & resettlement issues,Delayed,13.5,Low
PRJ00562,Madhya Pradesh Ports & Shipping Infra Development Phase-30,Ports & Shipping,"Ministry of Ports, Shipping & Waterways",HUDCO,NCC Limited,Madhya Pradesh,2746.45,1242.83,0.0,False,2019-04-13,60,60,2024-03-17,2024-03-17,0,False,86.3,70.5,876.59,31.9,6,5,None,On Track,5.1,Low
PRJ00563,Madhya Pradesh Postal Infrastructure Infra Development Phase-31,Postal Infrastructure,Ministry of Communications,IRCTC,Larsen & Toubro Infra,Madhya Pradesh,1216.11,1049.32,0.0,False,2021-05-20,60,93,2026-04-24,2029-01-08,33,True,58.2,53.4,560.64,46.1,12,7,Rehabilitation & resettlement issues,Delayed,27.8,Medium
PRJ00564,Madhya Pradesh Water Supply & Sanitation Infra Development Phase-32,Water Supply & Sanitation,Ministry of Jal Shakti,Coal India Ltd,Megha Engineering (MEIL),Madhya Pradesh,1266.24,3932.6,210.57,True,2017-08-26,48,52,2021-08-05,2021-12-03,4,True,82.3,34.0,1337.11,100.0,6,5,Poor contractor mobilization,Delayed,100.0,High
PRJ00565,Madhya Pradesh Inland Waterways Infra Development Phase-33,Inland Waterways,"Ministry of Ports, Shipping & Waterways",State Irrigation Dept,Larsen & Toubro Infra,Madhya Pradesh,433.34,3453.19,696.88,True,2017-08-14,96,118,2025-07-03,2027-04-24,22,True,73.2,44.0,1518.52,100.0,8,6,Change in project scope,Delayed,100.0,High
PRJ00566,Madhya Pradesh Roads & Highways Infra Development Phase-34,Roads & Highways,Ministry of Road Transport & Highways,ABC Infrastructure Ltd.,Larsen & Toubro Infra,Madhya Pradesh,1093.54,1572.24,43.78,True,2018-07-17,48,87,2022-06-26,2025-09-08,39,True,79.3,52.6,826.97,75.6,4,3,Monsoon/weather delays,Delayed,60.8,High
PRJ00567,Madhya Pradesh Irrigation Infra Development Phase-35,Irrigation,Ministry of Jal Shakti,HUDCO,KNR Constructions,Madhya Pradesh,5482.47,1116.43,0.0,False,2022-10-20,24,70,2024-10-09,2028-07-20,46,True,46.4,43.0,480.42,8.8,8,4,Court cases/litigation,Delayed,46.6,Medium
PRJ00568,Madhya Pradesh Civil Aviation Infra Development Phase-36,Civil Aviation,Ministry of Civil Aviation,NBCC,Shapoorji Pallonji Infra,Madhya Pradesh,1550.66,1157.44,0.0,False,2018-04-29,48,67,2022-04-08,2023-10-30,19,True,86.4,26.0,301.1,19.4,4,3,Poor contractor mobilization; Contractual issues,Delayed,23.6,Low
PRJ00569,Madhya Pradesh Telecommunications Infra Development Phase-37,Telecommunications,Ministry of Communications,RVNL,Afcons Infrastructure,Madhya Pradesh,2392.45,659.16,0.0,False,2019-12-14,84,104,2026-11-07,2028-06-29,20,True,62.8,100.0,759.25,31.7,12,8,Monsoon/weather delays,Delayed,19.5,Low
PRJ00570,Madhya Pradesh Urban Development Infra Development Phase-38,Urban Development,Ministry of Housing & Urban Affairs,HUDCO,HCC (Hindustan Construction),Madhya Pradesh,747.63,1546.86,106.9,True,2021-01-15,60,94,2025-12-20,2028-10-05,34,True,50.4,99.7,1542.98,100.0,4,2,Law and order problems; Monsoon/weather delays,Delayed,100.0,High
PRJ00571,Madhya Pradesh Power Infra Development Phase-39,Power,Ministry of Power,NBCC,GMR Infrastructure,Madhya Pradesh,4191.23,2494.41,0.0,False,2018-02-26,36,36,2021-02-10,2021-02-10,0,False,100.0,29.4,733.3,17.5,12,12,None,Completed,0.0,Low
PRJ00572,Madhya Pradesh Rural Infrastructure Infra Development Phase-40,Rural Infrastructure,Ministry of Rural Development,NTPC,Larsen & Toubro Infra,Madhya Pradesh,1454.26,1105.19,0.0,False,2019-07-25,24,52,2021-07-14,2023-11-01,28,True,83.3,100.0,1605.49,100.0,12,10,Forest/environment clearance delay,Delayed,24.3,Low
PRJ00573,Madhya Pradesh Roads & Highways Infra Development Phase-41,Roads & Highways,Ministry of Road Transport & Highways,Coal India Ltd,PNC Infratech,Madhya Pradesh,860.15,3185.99,270.4,True,2017-07-08,48,68,2021-06-17,2023-02-07,20,True,82.8,72.0,2292.33,100.0,10,8,Price escalation of raw materials; COVID-19 related disruption,Delayed,100.0,High
PRJ00574,Madhya Pradesh Civil Aviation Infra Development Phase-42,Civil Aviation,Ministry of Civil Aviation,GAIL,Afcons Infrastructure,Madhya Pradesh,2369.02,2155.18,0.0,False,2017-05-25,60,60,2022-04-29,2022-04-29,0,False,93.2,70.8,1525.89,64.4,12,11,None,On Track,0.0,Low
PRJ00575,Madhya Pradesh Fertilizers Infra Development Phase-43,Fertilizers,Ministry of Chemicals & Fertilizers,State PWD,Larsen & Toubro Infra,Madhya Pradesh,4488.14,1980.81,0.0,False,2019-07-09,48,48,2023-06-18,2023-06-18,0,False,89.2,34.0,672.89,15.0,8,7,None,On Track,7.3,Low
PRJ00576,Madhya Pradesh Petroleum & Natural Gas Infra Development Phase-44,Petroleum & Natural Gas,Ministry of Petroleum & Natural Gas,State PWD,Afcons Infrastructure,Madhya Pradesh,2275.46,1382.82,0.0,False,2020-08-03,48,48,2024-07-13,2024-07-13,0,False,97.0,29.2,404.08,17.8,8,8,None,On Track,6.2,Low
PRJ00577,Madhya Pradesh Ports & Shipping Infra Development Phase-45,Ports & Shipping,"Ministry of Ports, Shipping & Waterways",IWAI,Shapoorji Pallonji Infra,Madhya Pradesh,3719.23,3520.21,0.0,False,2021-03-08,48,48,2025-02-15,2025-02-15,0,False,89.7,26.3,926.59,24.9,4,4,None,On Track,4.6,Low
PRJ00578,Madhya Pradesh Telecommunications Infra Development Phase-46,Telecommunications,Ministry of Communications,IFFCO,GR Infraprojects,Madhya Pradesh,1836.23,2076.33,13.08,True,2017-08-04,24,69,2019-07-25,2023-04-05,45,True,77.5,100.0,2494.34,100.0,6,5,Forest/environment clearance delay,Delayed,47.4,Medium
PRJ00579,Madhya Pradesh Water Resources Infra Development Phase-47,Water Resources,Ministry of Jal Shakti,RVNL,Larsen & Toubro Infra,Madhya Pradesh,697.27,1854.54,165.97,True,2022-03-21,36,69,2025-03-05,2027-11-20,33,True,56.9,38.4,711.7,100.0,8,5,Utility shifting delay; Forest/environment clearance delay,Delayed,100.0,High
PRJ00580,Madhya Pradesh Postal Infrastructure Infra Development Phase-48,Postal Infrastructure,Ministry of Communications,State Irrigation Dept,Afcons Infrastructure,Madhya Pradesh,425.34,1692.87,298.0,True,2017-02-02,36,57,2020-01-18,2021-10-09,21,True,91.0,10.5,177.24,41.7,8,7,Rehabilitation & resettlement issues,Delayed,100.0,High
PRJ00581,Madhya Pradesh Healthcare Infrastructure Infra Development Phase-49,Healthcare Infrastructure,Ministry of Health & Family Welfare,RITES,GR Infraprojects,Madhya Pradesh,1515.97,1056.39,0.0,False,2019-09-21,60,60,2024-08-25,2024-08-25,0,False,100.0,59.4,627.44,41.4,10,10,None,Completed,2.9,Low
PRJ00582,Madhya Pradesh Irrigation Infra Development Phase-50,Irrigation,Ministry of Jal Shakti,IWAI,IRB Infrastructure,Madhya Pradesh,415.75,2612.59,528.4,True,2022-07-14,24,75,2024-07-03,2028-09-10,51,True,54.4,63.5,1659.56,100.0,6,3,Contractual issues,Delayed,100.0,High
PRJ00583,Madhya Pradesh Roads & Highways Infra Development Phase-51,Roads & Highways,Ministry of Road Transport & Highways,State PWD,GMR Infrastructure,Madhya Pradesh,1320.19,2402.54,81.98,True,2017-04-08,36,82,2020-03-23,2024-01-02,46,True,90.3,74.4,1787.1,100.0,6,5,Land acquisition delay; Law and order problems,Delayed,91.0,High
PRJ00584,Madhya Pradesh Roads & Highways Infra Development Phase-52,Roads & Highways,Ministry of Road Transport & Highways,IFFCO,GR Infraprojects,Madhya Pradesh,1438.39,1319.13,0.0,False,2021-03-22,36,36,2024-03-06,2024-03-06,0,False,97.6,32.3,426.45,29.6,8,8,None,On Track,6.7,Low
PRJ00585,Madhya Pradesh Inland Waterways Infra Development Phase-53,Inland Waterways,"Ministry of Ports, Shipping & Waterways",ONGC,GR Infraprojects,Madhya Pradesh,753.77,2454.65,225.65,True,2022-12-11,48,54,2026-11-20,2027-05-19,6,True,70.2,17.2,421.36,55.9,6,4,Monsoon/weather delays; Land acquisition delay,Delayed,100.0,High
PRJ00586,Madhya Pradesh Civil Aviation Infra Development Phase-54,Civil Aviation,Ministry of Civil Aviation,ABC Infrastructure Ltd.,Afcons Infrastructure,Madhya Pradesh,292.02,2768.25,847.97,True,2020-02-21,48,63,2024-01-31,2025-04-25,15,True,82.9,4.9,135.42,46.4,4,3,Shortage of skilled manpower,Delayed,100.0,High
PRJ00587,Madhya Pradesh Telecommunications Infra Development Phase-55,Telecommunications,Ministry of Communications,State PWD,Shapoorji Pallonji Infra,Madhya Pradesh,1648.72,1293.74,0.0,False,2021-03-06,60,60,2026-02-08,2026-02-08,0,False,92.5,100.0,1315.53,79.8,10,9,None,On Track,1.9,Low
PRJ00588,Madhya Pradesh Ports & Shipping Infra Development Phase-56,Ports & Shipping,"Ministry of Ports, Shipping & Waterways",IWAI,GR Infraprojects,Madhya Pradesh,695.6,2308.29,231.84,True,2018-01-27,48,55,2022-01-06,2022-08-04,7,True,79.8,16.4,379.69,54.6,12,10,Price escalation of raw materials,Delayed,100.0,High
PRJ00589,Madhya Pradesh Ports & Shipping Infra Development Phase-57,Ports & Shipping,"Ministry of Ports, Shipping & Waterways",IWAI,Shapoorji Pallonji Infra,Madhya Pradesh,1659.16,1442.92,0.0,False,2017-09-13,48,48,2021-08-23,2021-08-23,0,False,87.5,32.2,465.25,28.0,10,9,None,On Track,8.3,Low
PRJ00590,Madhya Pradesh Rural Infrastructure Infra Development Phase-58,Rural Infrastructure,Ministry of Rural Development,PowerGrid,KNR Constructions,Madhya Pradesh,1329.69,1440.43,8.33,True,2019-08-28,36,74,2022-08-12,2025-09-25,38,True,74.6,100.0,1988.3,100.0,8,6,Utility shifting delay; COVID-19 related disruption,Delayed,34.3,Medium
PRJ00591,Madhya Pradesh Water Resources Infra Development Phase-59,Water Resources,Ministry of Jal Shakti,ABC Infrastructure Ltd.,Afcons Infrastructure,Madhya Pradesh,858.19,2062.68,140.35,True,2020-08-29,72,76,2026-07-29,2026-11-26,4,True,82.7,50.4,1039.39,100.0,8,7,Delay in tendering/equipment supply; Change in project scope,Delayed,100.0,High
PRJ00592,Madhya Pradesh Ports & Shipping Infra Development Phase-60,Ports & Shipping,"Ministry of Ports, Shipping & Waterways",ONGC,Shapoorji Pallonji Infra,Madhya Pradesh,620.04,1233.72,98.97,True,2018-07-12,36,65,2021-06-26,2023-11-13,29,True,71.9,45.1,556.34,89.7,12,9,Contractual issues,Delayed,93.2,High
PRJ00593,Madhya Pradesh Inland Waterways Infra Development Phase-61,Inland Waterways,"Ministry of Ports, Shipping & Waterways",GAIL,Larsen & Toubro Infra,Madhya Pradesh,3257.32,1938.45,0.0,False,2022-01-16,60,60,2026-12-21,2026-12-21,0,False,87.6,55.7,1078.88,33.1,10,9,None,On Track,0.0,Low
PRJ00594,Madhya Pradesh Mining Infra Development Phase-62,Mining,Ministry of Mines,State PWD,KNR Constructions,Madhya Pradesh,2359.9,2465.68,4.48,True,2018-05-10,36,60,2021-04-24,2023-04-14,24,True,92.3,16.0,393.62,16.7,12,11,Geological surprises; Shortage of skilled manpower,Delayed,27.7,Medium
PRJ00595,Madhya Pradesh Steel Infra Development Phase-63,Steel,Ministry of Steel,State Irrigation Dept,Afcons Infrastructure,Madhya Pradesh,2400.65,652.27,0.0,False,2019-12-22,60,60,2024-11-25,2024-11-25,0,False,87.3,100.0,1334.07,55.6,4,3,None,On Track,5.7,Low
PRJ00596,Madhya Pradesh Ports & Shipping Infra Development Phase-64,Ports & Shipping,"Ministry of Ports, Shipping & Waterways",GAIL,Patel Engineering,Madhya Pradesh,3317.37,2800.13,0.0,False,2020-05-31,72,72,2026-04-30,2026-04-30,0,False,84.8,17.5,491.3,14.8,12,10,None,On Track,7.4,Low
PRJ00597,Madhya Pradesh Railways Infra Development Phase-65,Railways,Ministry of Railways,ONGC,Gammon India,Madhya Pradesh,2260.01,3734.41,65.24,True,2020-09-04,60,101,2025-08-09,2028-12-21,41,True,61.1,13.7,513.32,22.7,6,4,Shortage of skilled manpower,Delayed,88.9,High
PRJ00598,Madhya Pradesh Irrigation Infra Development Phase-66,Irrigation,Ministry of Jal Shakti,SAIL,Shapoorji Pallonji Infra,Madhya Pradesh,1848.07,2419.27,30.91,True,2022-10-05,72,81,2028-09-03,2029-05-31,9,True,40.7,84.5,2043.38,100.0,4,2,Delay in tendering/equipment supply; Poor contractor mobilization,Delayed,40.6,Medium
PRJ00599,Madhya Pradesh Power Infra Development Phase-67,Power,Ministry of Power,NHAI,Larsen & Toubro Infra,Madhya Pradesh,1367.5,2973.44,117.44,True,2021-07-15,60,96,2026-06-19,2029-06-03,36,True,49.3,45.1,1339.69,98.0,10,5,Change in project scope,Delayed,100.0,High
PRJ00600,Madhya Pradesh Urban Development Infra Development Phase-68,Urban Development,Ministry of Housing & Urban Affairs,NTPC,Shapoorji Pallonji Infra,Madhya Pradesh,1017.08,526.24,0.0,False,2018-07-27,36,36,2021-07-11,2021-07-11,0,False,97.4,63.4,333.57,32.8,4,4,None,On Track,6.5,Low
PRJ00601,Madhya Pradesh Roads & Highways Infra Development Phase-69,Roads & Highways,Ministry of Road Transport & Highways,IRCON,Shapoorji Pallonji Infra,Madhya Pradesh,1266.29,5658.61,346.87,True,2019-06-30,60,96,2024-06-03,2027-05-19,36,True,77.4,21.8,1230.96,97.2,6,5,Price escalation of raw materials,Delayed,100.0,High
PRJ00602,Madhya Pradesh Irrigation Infra Development Phase-70,Irrigation,Ministry of Jal Shakti,IFFCO,Larsen & Toubro Infra,Madhya Pradesh,953.73,3546.37,271.84,True,2017-12-11,36,46,2020-11-25,2021-09-21,10,True,82.6,7.9,278.47,29.2,12,10,Funding constraints; Land acquisition delay,Delayed,100.0,High
PRJ00603,Madhya Pradesh Ports & Shipping Infra Development Phase-71,Ports & Shipping,"Ministry of Ports, Shipping & Waterways",ONGC,Simplex Infrastructures,Madhya Pradesh,1569.76,2122.47,35.21,True,2021-12-22,84,102,2028-11-15,2030-05-09,18,True,42.6,72.7,1542.47,98.3,6,3,Utility shifting delay,Delayed,46.2,Medium
PRJ00604,Madhya Pradesh Inland Waterways Infra Development Phase-72,Inland Waterways,"Ministry of Ports, Shipping & Waterways",IRCON,PNC Infratech,Madhya Pradesh,2894.82,3455.39,19.36,True,2022-03-04,48,77,2026-02-11,2028-06-30,29,True,54.2,37.2,1285.2,44.4,4,2,Poor contractor mobilization,Delayed,42.4,Medium
PRJ00605,Madhya Pradesh Water Resources Infra Development Phase-73,Water Resources,Ministry of Jal Shakti,BSNL,Larsen & Toubro Infra,Madhya Pradesh,1899.48,876.99,0.0,False,2017-05-01,36,36,2020-04-15,2020-04-15,0,False,100.0,100.0,1725.88,90.9,10,10,None,Completed,0.3,Low
PRJ00606,Madhya Pradesh Rural Infrastructure Infra Development Phase-74,Rural Infrastructure,Ministry of Rural Development,State PWD,Shapoorji Pallonji Infra,Madhya Pradesh,1652.9,3079.78,86.33,True,2018-12-09,48,52,2022-11-18,2023-03-18,4,True,89.7,24.9,767.76,46.4,8,7,Law and order problems,Delayed,72.7,High
PRJ00607,Madhya Pradesh Coal Infra Development Phase-75,Coal,Ministry of Coal,NBCC,Larsen & Toubro Infra,Madhya Pradesh,1996.09,1492.66,0.0,False,2022-01-01,48,48,2025-12-11,2025-12-11,0,False,99.0,48.9,729.64,36.6,6,6,None,Completed,0.7,Low
PRJ00608,Madhya Pradesh Railways Infra Development Phase-76,Railways,Ministry of Railways,Deendayal Port Trust,GR Infraprojects,Madhya Pradesh,1586.28,1534.47,0.0,False,2019-10-04,60,60,2024-09-07,2024-09-07,0,False,100.0,15.2,233.35,14.7,8,8,None,Completed,8.2,Low
PRJ00609,Madhya Pradesh Housing Infra Development Phase-77,Housing,Ministry of Housing & Urban Affairs,State PWD,Larsen & Toubro Infra,Madhya Pradesh,2471.04,662.78,0.0,False,2022-05-17,24,74,2024-05-06,2028-06-14,50,True,47.0,24.0,158.87,6.4,4,2,Delay in tendering/equipment supply,Delayed,48.1,Medium
PRJ00610,Madhya Pradesh Water Resources Infra Development Phase-78,Water Resources,Ministry of Jal Shakti,PowerGrid,Larsen & Toubro Infra,Madhya Pradesh,886.56,3957.65,346.41,True,2021-09-14,36,47,2024-08-29,2025-07-25,11,True,80.1,43.1,1707.14,100.0,6,5,Land acquisition delay,Delayed,100.0,High
PRJ00611,Madhya Pradesh Water Resources Infra Development Phase-79,Water Resources,Ministry of Jal Shakti,ABC Infrastructure Ltd.,Shapoorji Pallonji Infra,Madhya Pradesh,368.59,2195.94,495.77,True,2021-01-10,36,41,2023-12-26,2024-05-24,5,True,89.3,28.6,628.85,100.0,10,9,Court cases/litigation; COVID-19 related disruption,Delayed,100.0,High
PRJ00612,Madhya Pradesh Healthcare Infrastructure Infra Development Phase-80,Healthcare Infrastructure,Ministry of Health & Family Welfare,HUDCO,Megha Engineering (MEIL),Madhya Pradesh,1431.82,3755.37,162.28,True,2020-08-10,48,76,2024-07-20,2026-11-07,28,True,69.0,6.4,239.24,16.7,10,7,Law and order problems; Land acquisition delay,Delayed,100.0,High
PRJ00613,Madhya Pradesh Mining Infra Development Phase-81,Mining,Ministry of Mines,Deendayal Port Trust,Tata Projects,Madhya Pradesh,2032.84,2076.05,2.13,True,2019-06-17,60,60,2024-05-21,2024-05-21,0,False,95.2,19.6,406.97,20.0,4,4,None,On Track,4.2,Low
PRJ00614,Madhya Pradesh Coal Infra Development Phase-82,Coal,Ministry of Coal,IRCON,GR Infraprojects,Madhya Pradesh,416.98,1444.5,246.42,True,2022-04-17,48,84,2026-03-27,2029-03-11,36,True,47.9,18.6,268.45,64.4,12,6,Shortage of skilled manpower; Funding constraints,Delayed,100.0,High
PRJ00615,Madhya Pradesh Inland Waterways Infra Development Phase-83,Inland Waterways,"Ministry of Ports, Shipping & Waterways",Coal India Ltd,Larsen & Toubro Infra,Madhya Pradesh,1807.03,1951.34,7.99,True,2019-09-15,60,95,2024-08-19,2027-07-05,35,True,74.1,36.3,708.87,39.2,8,6,Shortage of skilled manpower,Delayed,36.3,Medium
PRJ00616,Madhya Pradesh Healthcare Infrastructure Infra Development Phase-84,Healthcare Infrastructure,Ministry of Health & Family Welfare,SAIL,Dilip Buildcon Ltd,Madhya Pradesh,2679.15,1215.65,0.0,False,2020-12-24,48,48,2024-12-03,2024-12-03,0,False,100.0,72.2,877.74,32.8,6,6,None,Completed,4.3,Low
PRJ00617,Madhya Pradesh Power Infra Development Phase-85,Power,Ministry of Power,Coal India Ltd,Larsen & Toubro Infra,Madhya Pradesh,785.84,2579.68,228.27,True,2020-07-26,72,97,2026-06-25,2028-07-14,25,True,51.6,48.9,1260.34,100.0,8,4,Court cases/litigation,Delayed,100.0,High
PRJ00618,Madhya Pradesh Healthcare Infrastructure Infra Development Phase-86,Healthcare Infrastructure,Ministry of Health & Family Welfare,IWAI,Dilip Buildcon Ltd,Madhya Pradesh,2190.87,2603.35,18.83,True,2018-08-06,36,43,2021-07-21,2022-02-16,7,True,84.5,22.8,593.19,27.1,12,10,Monsoon/weather delays,Delayed,26.1,Medium
PRJ00619,Madhya Pradesh Postal Infrastructure Infra Development Phase-87,Postal Infrastructure,Ministry of Communications,RITES,Dilip Buildcon Ltd,Madhya Pradesh,631.35,1085.01,71.86,True,2018-12-21,84,120,2025-11-14,2028-10-29,36,True,64.1,90.1,977.76,100.0,10,6,Funding constraints,Delayed,83.6,High
PRJ00620,Madhya Pradesh Railways Infra Development Phase-88,Railways,Ministry of Railways,Coal India Ltd,KNR Constructions,Madhya Pradesh,3121.74,2927.19,0.0,False,2019-06-16,48,48,2023-05-26,2023-05-26,0,False,98.0,52.5,1537.46,49.3,4,4,None,Completed,0.0,Low
PRJ00621,Madhya Pradesh Telecommunications Infra Development Phase-89,Telecommunications,Ministry of Communications,BSNL,Larsen & Toubro Infra,Madhya Pradesh,645.11,2914.89,351.84,True,2017-01-03,36,44,2019-12-19,2020-08-15,8,True,88.1,15.1,440.19,68.2,8,7,Contractual issues,Delayed,100.0,High
PRJ00622,Madhya Pradesh Mining Infra Development Phase-90,Mining,Ministry of Mines,ABC Infrastructure Ltd.,Larsen & Toubro Infra,Madhya Pradesh,1402.73,1411.33,0.61,False,2018-12-28,60,60,2023-12-02,2023-12-02,0,False,93.0,9.0,126.61,9.0,8,7,None,On Track,3.2,Low
PRJ00623,Madhya Pradesh Railways Infra Development Phase-91,Railways,Ministry of Railways,NHAI,KNR Constructions,Madhya Pradesh,2303.27,1686.57,0.0,False,2018-08-29,36,36,2021-08-13,2021-08-13,0,False,93.4,75.8,1278.57,55.5,12,11,None,On Track,1.5,Low
PRJ00624,Madhya Pradesh Civil Aviation Infra Development Phase-92,Civil Aviation,Ministry of Civil Aviation,NTPC,Larsen & Toubro Infra,Madhya Pradesh,1391.44,2640.02,89.73,True,2022-11-26,84,125,2029-10-20,2033-03-03,41,True,26.7,100.0,3000.87,100.0,8,2,Court cases/litigation,Delayed,100.0,High
PRJ00625,Madhya Pradesh Rural Infrastructure Infra Development Phase-93,Rural Infrastructure,Ministry of Rural Development,SAIL,Larsen & Toubro Infra,Madhya Pradesh,109.27,802.22,634.16,True,2018-02-18,60,75,2023-01-23,2024-04-17,15,True,88.6,100.0,866.1,100.0,8,7,Utility shifting delay; Funding constraints,Delayed,100.0,High
PRJ00626,Madhya Pradesh Power Infra Development Phase-94,Power,Ministry of Power,State PWD,Reliance Infrastructure,Madhya Pradesh,1653.07,3267.9,97.69,True,2022-06-19,60,104,2027-05-24,2031-01-03,44,True,39.1,30.1,982.1,59.4,8,3,Court cases/litigation,Delayed,100.0,High
PRJ00627,Madhya Pradesh Petroleum & Natural Gas Infra Development Phase-95,Petroleum & Natural Gas,Ministry of Petroleum & Natural Gas,IFFCO,Shapoorji Pallonji Infra,Madhya Pradesh,799.91,3239.55,304.99,True,2018-12-20,60,107,2023-11-24,2027-10-04,47,True,61.0,25.6,829.24,100.0,10,6,Rehabilitation & resettlement issues; Funding constraints,Delayed,100.0,High
PRJ00628,Madhya Pradesh Power Infra Development Phase-96,Power,Ministry of Power,NHAI,GMR Infrastructure,Madhya Pradesh,893.09,3072.67,244.05,True,2021-05-23,24,61,2023-05-13,2026-05-27,37,True,89.3,25.2,774.36,86.7,12,11,Law and order problems,Delayed,100.0,High
PRJ00629,Madhya Pradesh Education Infrastructure Infra Development Phase-97,Education Infrastructure,Ministry of Education,IRCTC,Tata Projects,Madhya Pradesh,2617.65,1371.27,0.0,False,2019-06-24,84,84,2026-05-18,2026-05-18,0,False,86.0,25.5,349.36,13.3,12,10,None,On Track,7.3,Low
PRJ00630,Madhya Pradesh Inland Waterways Infra Development Phase-98,Inland Waterways,"Ministry of Ports, Shipping & Waterways",BSNL,Gammon India,Madhya Pradesh,3543.67,3101.49,0.0,False,2018-07-31,96,136,2026-06-19,2029-10-01,40,True,50.9,46.1,1429.82,40.3,8,4,Shortage of skilled manpower,Delayed,37.3,Medium
PRJ00631,Madhya Pradesh Irrigation Infra Development Phase-99,Irrigation,Ministry of Jal Shakti,IRCTC,Dilip Buildcon Ltd,Madhya Pradesh,1880.18,1651.63,0.0,False,2018-11-19,48,60,2022-10-29,2023-10-24,12,True,87.1,35.8,591.38,31.5,4,3,COVID-19 related disruption; Land acquisition delay,Delayed,16.7,Low
PRJ00632,Madhya Pradesh Coal Infra Development Phase-100,Coal,Ministry of Coal,ONGC,HCC (Hindustan Construction),Madhya Pradesh,1773.8,3500.58,97.35,True,2019-10-20,72,87,2025-09-18,2026-12-12,15,True,79.3,12.8,446.93,25.2,4,3,Delay in tendering/equipment supply; Price escalation of raw materials,Delayed,89.7,High
PRJ00633,Madhya Pradesh Inland Waterways Infra Development Phase-101,Inland Waterways,"Ministry of Ports, Shipping & Waterways",NHAI,KNR Constructions,Madhya Pradesh,164.65,1040.05,531.67,True,2017-07-17,48,58,2021-06-26,2022-04-22,10,True,88.2,100.0,1160.78,100.0,10,9,Poor contractor mobilization; Funding constraints,Delayed,100.0,High
PRJ00634,Madhya Pradesh Water Supply & Sanitation Infra Development Phase-102,Water Supply & Sanitation,Ministry of Jal Shakti,BSNL,Shapoorji Pallonji Infra,Madhya Pradesh,4506.31,2168.36,0.0,False,2021-04-01,60,84,2026-03-06,2028-02-24,24,True,63.3,40.9,885.84,19.7,8,5,Change in project scope; Poor contractor mobilization,Delayed,30.1,Medium
PRJ00635,Madhya Pradesh Housing Infra Development Phase-103,Housing,Ministry of Housing & Urban Affairs,IWAI,Simplex Infrastructures,Madhya Pradesh,1741.58,762.03,0.0,False,2019-07-13,48,48,2023-06-22,2023-06-22,0,False,99.0,100.0,1048.61,60.2,6,6,None,Completed,2.2,Low
PRJ00636,Madhya Pradesh Urban Development Infra Development Phase-104,Urban Development,Ministry of Housing & Urban Affairs,RVNL,GMR Infrastructure,Madhya Pradesh,1816.42,1271.24,0.0,False,2017-05-17,60,60,2022-04-21,2022-04-21,0,False,100.0,44.4,563.88,31.0,8,8,None,Completed,6.5,Low
PRJ00637,Madhya Pradesh Roads & Highways Infra Development Phase-105,Roads & Highways,Ministry of Road Transport & Highways,IRCTC,Larsen & Toubro Infra,Madhya Pradesh,1064.69,1185.97,11.39,True,2019-12-06,24,30,2021-11-25,2022-05-24,6,True,74.3,34.1,404.27,38.0,4,3,Utility shifting delay,Delayed,23.7,Low
PRJ00638,Madhya Pradesh Power Infra Development Phase-106,Power,Ministry of Power,SAIL,IRB Infrastructure,Madhya Pradesh,1711.03,1253.63,0.0,False,2018-10-22,48,94,2022-10-01,2026-07-12,46,True,75.0,29.7,372.78,21.8,4,3,Utility shifting delay,Delayed,48.5,Medium
PRJ00639,Madhya Pradesh Education Infrastructure Infra Development Phase-107,Education Infrastructure,Ministry of Education,Deendayal Port Trust,Shapoorji Pallonji Infra,Madhya Pradesh,2691.56,1078.55,0.0,False,2022-06-01,72,106,2028-04-30,2031-02-14,34,True,33.6,94.8,1021.97,38.0,4,1,Law and order problems; Rehabilitation & resettlement issues,Delayed,41.8,Medium
PRJ00640,Madhya Pradesh Water Supply & Sanitation Infra Development Phase-108,Water Supply & Sanitation,Ministry of Jal Shakti,GAIL,KNR Constructions,Madhya Pradesh,3907.88,1400.73,0.0,False,2017-08-08,48,48,2021-07-18,2021-07-18,0,False,93.6,48.7,681.62,17.4,4,4,None,On Track,4.6,Low
PRJ00641,Madhya Pradesh Mining Infra Development Phase-109,Mining,Ministry of Mines,ONGC,Larsen & Toubro Infra,Madhya Pradesh,1815.39,1055.9,0.0,False,2019-02-18,96,96,2027-01-07,2027-01-07,0,False,91.3,48.8,515.15,28.4,10,9,None,On Track,3.7,Low
PRJ00642,Madhya Pradesh Postal Infrastructure Infra Development Phase-110,Postal Infrastructure,Ministry of Communications,NHPC,Larsen & Toubro Infra,Madhya Pradesh,352.74,3695.54,947.67,True,2019-12-23,60,67,2024-11-26,2025-06-24,7,True,82.0,25.9,956.83,100.0,8,7,Shortage of skilled manpower; Forest/environment clearance delay,Delayed,100.0,High
PRJ00643,Karnataka Railways Infra Development Phase-1,Railways,Ministry of Railways,SAIL,Simplex Infrastructures,Karnataka,932.9,4371.9,368.64,True,2022-07-04,36,73,2025-06-18,2028-07-02,37,True,59.2,19.8,864.75,92.7,6,4,Court cases/litigation,Delayed,100.0,High
PRJ00644,Karnataka Roads & Highways Infra Development Phase-2,Roads & Highways,Ministry of Road Transport & Highways,State PWD,GMR Infrastructure,Karnataka,342.65,1646.21,380.43,True,2017-12-25,36,80,2020-12-09,2024-07-21,44,True,91.7,28.5,468.78,100.0,8,7,Geological surprises; Forest/environment clearance delay,Delayed,100.0,High
PRJ00645,Karnataka Roads & Highways Infra Development Phase-3,Roads & Highways,Ministry of Road Transport & Highways,ONGC,Sadbhav Engineering,Karnataka,860.28,1497.6,74.08,True,2018-12-01,60,69,2023-11-05,2024-08-01,9,True,70.0,22.1,331.07,38.5,8,6,Monsoon/weather delays,Delayed,68.6,High
PRJ00646,Karnataka Inland Waterways Infra Development Phase-4,Inland Waterways,"Ministry of Ports, Shipping & Waterways",RITES,GR Infraprojects,Karnataka,1884.13,1606.21,0.0,False,2021-06-17,84,84,2028-05-11,2028-05-11,0,False,62.2,57.6,925.91,49.1,10,6,None,On Track,12.5,Low
PRJ00647,Karnataka Housing Infra Development Phase-5,Housing,Ministry of Housing & Urban Affairs,IFFCO,Dilip Buildcon Ltd,Karnataka,622.15,2742.99,340.89,True,2019-12-22,48,99,2023-12-01,2028-02-08,51,True,62.0,6.2,170.12,27.3,4,2,Law and order problems; Monsoon/weather delays,Delayed,100.0,High
PRJ00648,Karnataka Water Resources Infra Development Phase-6,Water Resources,Ministry of Jal Shakti,AAI,Afcons Infrastructure,Karnataka,1171.29,2986.72,154.99,True,2019-02-04,36,54,2022-01-19,2023-07-13,18,True,91.2,8.0,237.86,20.3,10,9,Delay in tendering/equipment supply,Delayed,100.0,High
PRJ00649,Karnataka Urban Development Infra Development Phase-7,Urban Development,Ministry of Housing & Urban Affairs,State Irrigation Dept,Larsen & Toubro Infra,Karnataka,3549.91,1238.7,0.0,False,2019-12-15,48,48,2023-11-24,2023-11-24,0,False,85.6,49.9,618.07,17.4,6,5,None,On Track,2.4,Low
PRJ00650,Karnataka Coal Infra Development Phase-8,Coal,Ministry of Coal,IWAI,Afcons Infrastructure,Karnataka,962.03,446.61,0.0,False,2017-09-10,72,72,2023-08-10,2023-08-10,0,False,100.0,100.0,1500.97,100.0,6,6,None,Completed,4.3,Low
PRJ00651,Karnataka Rural Infrastructure Infra Development Phase-9,Rural Infrastructure,Ministry of Rural Development,NTPC,GMR Infrastructure,Karnataka,459.21,1337.28,191.21,True,2017-12-18,48,65,2021-11-27,2023-04-21,17,True,92.2,23.8,318.45,69.3,8,7,Shortage of skilled manpower; Delay in tendering/equipment supply,Delayed,100.0,High
PRJ00652,Karnataka Railways Infra Development Phase-10,Railways,Ministry of Railways,SAIL,Afcons Infrastructure,Karnataka,661.86,1352.94,104.41,True,2022-11-11,72,99,2028-10-10,2030-12-29,27,True,37.7,27.8,376.55,56.9,10,4,Shortage of skilled manpower; Monsoon/weather delays,Delayed,99.4,High
PRJ00653,Karnataka Steel Infra Development Phase-11,Steel,Ministry of Steel,RVNL,Tata Projects,Karnataka,3686.52,2992.66,0.0,False,2021-06-06,72,72,2027-05-06,2027-05-06,0,False,71.6,55.6,1663.57,45.1,4,3,None,On Track,9.4,Low
PRJ00654,Karnataka Telecommunications Infra Development Phase-12,Telecommunications,Ministry of Communications,IWAI,Megha Engineering (MEIL),Karnataka,1579.28,2595.18,64.33,True,2022-10-18,84,130,2029-09-11,2033-06-22,46,True,27.9,60.9,1581.15,100.0,12,3,Change in project scope,Delayed,85.6,High
PRJ00655,Karnataka Urban Development Infra Development Phase-13,Urban Development,Ministry of Housing & Urban Affairs,GAIL,KNR Constructions,Karnataka,840.37,2176.23,158.96,True,2018-11-16,24,31,2020-11-05,2021-06-03,7,True,89.3,26.3,573.15,68.2,6,5,Contractual issues,Delayed,100.0,High
PRJ00656,Karnataka Railways Infra Development Phase-14,Railways,Ministry of Railways,State PWD,Tata Projects,Karnataka,1841.36,1997.45,8.48,True,2017-11-17,36,48,2020-11-01,2021-10-27,12,True,86.4,25.6,510.99,27.8,10,9,Contractual issues,Delayed,19.9,Low
PRJ00657,Karnataka Education Infrastructure Infra Development Phase-15,Education Infrastructure,Ministry of Education,NBCC,GMR Infrastructure,Karnataka,770.45,2369.04,207.49,True,2020-08-02,84,92,2027-06-27,2028-02-22,8,True,58.3,19.9,472.1,61.3,4,2,Price escalation of raw materials,Delayed,100.0,High
PRJ00658,Karnataka Postal Infrastructure Infra Development Phase-16,Postal Infrastructure,Ministry of Communications,SAIL,Larsen & Toubro Infra,Karnataka,275.63,3315.15,1102.75,True,2020-08-28,84,128,2027-07-23,2031-03-04,44,True,42.4,20.5,678.99,100.0,8,3,Land acquisition delay; Price escalation of raw materials,Delayed,100.0,High
PRJ00659,Karnataka Education Infrastructure Infra Development Phase-17,Education Infrastructure,Ministry of Education,IWAI,Reliance Infrastructure,Karnataka,2985.25,3098.28,3.79,True,2022-11-11,24,70,2024-10-31,2028-08-11,46,True,46.1,22.4,692.72,23.2,10,5,Poor contractor mobilization,Delayed,45.7,Medium
PRJ00660,Karnataka Civil Aviation Infra Development Phase-18,Civil Aviation,Ministry of Civil Aviation,PowerGrid,KNR Constructions,Karnataka,1268.08,1218.89,0.0,False,2018-02-15,36,57,2021-01-30,2022-10-22,21,True,89.2,52.0,633.93,50.0,4,4,Rehabilitation & resettlement issues,Delayed,17.5,Low
PRJ00661,Karnataka Postal Infrastructure Infra Development Phase-19,Postal Infrastructure,Ministry of Communications,AAI,Afcons Infrastructure,Karnataka,3870.38,1709.57,0.0,False,2021-08-11,48,48,2025-07-21,2025-07-21,0,False,100.0,75.8,1295.98,33.5,8,8,None,Completed,4.4,Low
PRJ00662,Karnataka Water Resources Infra Development Phase-20,Water Resources,Ministry of Jal Shakti,NMDC,GMR Infrastructure,Karnataka,2205.33,1436.88,0.0,False,2022-06-12,60,60,2027-05-17,2027-05-17,0,False,65.8,15.7,225.08,10.2,12,8,None,On Track,11.9,Low
PRJ00663,Karnataka Education Infrastructure Infra Development Phase-21,Education Infrastructure,Ministry of Education,BSNL,IRB Infrastructure,Karnataka,1213.23,2056.1,69.47,True,2017-06-03,48,88,2021-05-13,2024-08-25,40,True,71.7,37.6,772.87,63.7,6,4,Price escalation of raw materials; Funding constraints,Delayed,84.9,High
PRJ00664,Karnataka Education Infrastructure Infra Development Phase-22,Education Infrastructure,Ministry of Education,Deendayal Port Trust,Shapoorji Pallonji Infra,Karnataka,1494.06,2548.86,70.6,True,2021-07-04,48,98,2025-06-13,2029-07-22,50,True,47.4,64.0,1631.73,100.0,4,2,Utility shifting delay; Court cases/litigation,Delayed,96.6,High
PRJ00665,Karnataka Petroleum & Natural Gas Infra Development Phase-23,Petroleum & Natural Gas,Ministry of Petroleum & Natural Gas,IRCON,Larsen & Toubro Infra,Karnataka,1480.53,232.73,0.0,False,2022-05-01,48,48,2026-04-10,2026-04-10,0,False,100.0,100.0,391.44,26.4,8,8,None,Completed,5.0,Low
PRJ00666,Karnataka Irrigation Infra Development Phase-24,Irrigation,Ministry of Jal Shakti,NHAI,Larsen & Toubro Infra,Karnataka,1815.29,1233.87,0.0,False,2020-10-15,60,60,2025-09-19,2025-09-19,0,False,95.5,82.6,1019.37,56.2,8,8,None,On Track,1.4,Low
PRJ00667,Karnataka Steel Infra Development Phase-25,Steel,Ministry of Steel,NBCC,PNC Infratech,Karnataka,560.81,3000.46,435.02,True,2022-07-07,84,114,2029-05-31,2031-11-17,30,True,33.0,11.4,342.21,61.0,4,1,Contractual issues,Delayed,100.0,High
PRJ00668,Karnataka Steel Infra Development Phase-26,Steel,Ministry of Steel,State Irrigation Dept,KNR Constructions,Karnataka,2860.81,1105.29,0.0,False,2020-08-07,36,36,2023-07-23,2023-07-23,0,False,99.6,89.8,992.3,34.7,8,8,None,Completed,4.6,Low
PRJ00669,Karnataka Water Supply & Sanitation Infra Development Phase-27,Water Supply & Sanitation,Ministry of Jal Shakti,Deendayal Port Trust,Shapoorji Pallonji Infra,Karnataka,1908.25,802.89,0.0,False,2018-01-01,36,36,2020-12-16,2020-12-16,0,False,96.7,100.0,1261.3,66.1,6,6,None,On Track,3.2,Low
PRJ00670,Karnataka Urban Development Infra Development Phase-28,Urban Development,Ministry of Housing & Urban Affairs,ONGC,Larsen & Toubro Infra,Karnataka,1276.13,1087.44,0.0,False,2021-07-26,84,84,2028-06-19,2028-06-19,0,False,74.3,100.0,1111.3,87.1,10,7,None,On Track,5.9,Low
PRJ00671,Karnataka Telecommunications Infra Development Phase-29,Telecommunications,Ministry of Communications,AAI,PNC Infratech,Karnataka,3022.29,2773.0,0.0,False,2017-08-19,48,48,2021-07-29,2021-07-29,0,False,94.0,33.5,928.25,30.7,12,11,None,On Track,8.7,Low
PRJ00672,Karnataka Power Infra Development Phase-30,Power,Ministry of Power,RVNL,Shapoorji Pallonji Infra,Karnataka,2184.35,591.93,0.0,False,2020-06-28,48,48,2024-06-07,2024-06-07,0,False,98.8,100.0,1148.66,52.6,12,12,None,Completed,0.0,Low
PRJ00673,Karnataka Water Resources Infra Development Phase-31,Water Resources,Ministry of Jal Shakti,PowerGrid,Sadbhav Engineering,Karnataka,526.74,4003.53,660.06,True,2022-11-18,60,75,2027-10-23,2029-01-15,15,True,47.2,42.3,1693.38,100.0,12,6,Law and order problems,Delayed,100.0,High
PRJ00674,Karnataka Renewable Energy Infra Development Phase-32,Renewable Energy,Ministry of New & Renewable Energy,ONGC,NCC Limited,Karnataka,2403.93,2380.65,0.0,False,2017-08-25,96,96,2025-07-14,2025-07-14,0,False,87.8,26.9,640.79,26.7,6,5,None,On Track,3.3,Low
PRJ00675,Karnataka Railways Infra Development Phase-33,Railways,Ministry of Railways,State Irrigation Dept,Gammon India,Karnataka,873.65,2531.84,189.8,True,2017-07-27,48,61,2021-07-06,2022-07-31,13,True,92.0,37.9,958.54,100.0,8,7,Delay in tendering/equipment supply,Delayed,100.0,High
PRJ00676,Karnataka Irrigation Infra Development Phase-34,Irrigation,Ministry of Jal Shakti,State Irrigation Dept,Afcons Infrastructure,Karnataka,451.57,1211.29,168.24,True,2022-08-31,48,59,2026-08-10,2027-07-06,11,True,69.5,79.4,962.04,100.0,10,7,Land acquisition delay,Delayed,100.0,High
PRJ00677,Karnataka Petroleum & Natural Gas Infra Development Phase-35,Petroleum & Natural Gas,Ministry of Petroleum & Natural Gas,AAI,Larsen & Toubro Infra,Karnataka,756.45,1923.38,154.26,True,2022-06-26,36,86,2025-06-10,2029-07-19,50,True,43.9,100.0,2115.01,100.0,12,5,Law and order problems; Poor contractor mobilization,Delayed,100.0,High
PRJ00678,Karnataka Housing Infra Development Phase-36,Housing,Ministry of Housing & Urban Affairs,IWAI,Larsen & Toubro Infra,Karnataka,3410.55,2898.24,0.0,False,2020-12-03,24,24,2022-11-23,2022-11-23,0,False,88.6,1.9,54.31,1.6,8,7,None,On Track,7.7,Low
PRJ00679,Karnataka Power Infra Development Phase-37,Power,Ministry of Power,NBCC,Larsen & Toubro Infra,Karnataka,2131.59,2665.56,25.05,True,2018-01-06,24,40,2019-12-27,2021-04-20,16,True,94.0,38.8,1034.58,48.5,8,8,Price escalation of raw materials,Delayed,37.6,Medium
PRJ00680,Karnataka Railways Infra Development Phase-38,Railways,Ministry of Railways,GAIL,Simplex Infrastructures,Karnataka,1606.34,1348.13,0.0,False,2019-05-28,48,48,2023-05-07,2023-05-07,0,False,95.4,77.8,1048.73,65.3,6,6,None,On Track,0.0,Low
PRJ00681,Karnataka Fertilizers Infra Development Phase-39,Fertilizers,Ministry of Chemicals & Fertilizers,Coal India Ltd,GR Infraprojects,Karnataka,1881.29,4651.31,147.24,True,2019-04-27,48,93,2023-04-06,2026-12-16,45,True,78.4,33.5,1557.04,82.8,8,6,Land acquisition delay; Poor contractor mobilization,Delayed,100.0,High
PRJ00682,Karnataka Rural Infrastructure Infra Development Phase-40,Rural Infrastructure,Ministry of Rural Development,NHAI,Larsen & Toubro Infra,Karnataka,2356.99,2167.96,0.0,False,2022-04-26,24,24,2024-04-15,2024-04-15,0,False,100.0,32.3,700.42,29.7,6,6,None,Completed,3.8,Low
PRJ00683,Karnataka Fertilizers Infra Development Phase-41,Fertilizers,Ministry of Chemicals & Fertilizers,GAIL,Afcons Infrastructure,Karnataka,1278.36,2751.71,115.25,True,2017-02-04,60,91,2022-01-09,2024-07-27,31,True,78.7,41.4,1140.22,89.2,6,5,Rehabilitation & resettlement issues; Court cases/litigation,Delayed,100.0,High
PRJ00684,Karnataka Fertilizers Infra Development Phase-42,Fertilizers,Ministry of Chemicals & Fertilizers,NBCC,GR Infraprojects,Karnataka,3097.24,2492.41,0.0,False,2021-10-02,72,72,2027-09-01,2027-09-01,0,False,78.8,22.3,555.54,17.9,10,8,None,On Track,3.9,Low
PRJ00685,Karnataka Irrigation Infra Development Phase-43,Irrigation,Ministry of Jal Shakti,State Irrigation Dept,KNR Constructions,Karnataka,1499.67,870.47,0.0,False,2019-10-30,48,48,2023-10-09,2023-10-09,0,False,100.0,43.5,379.07,25.3,6,6,None,Completed,5.7,Low
PRJ00686,Karnataka Urban Development Infra Development Phase-44,Urban Development,Ministry of Housing & Urban Affairs,RITES,IRB Infrastructure,Karnataka,425.23,1669.19,292.54,True,2022-11-03,72,114,2028-10-02,2032-03-15,42,True,30.3,68.0,1135.51,100.0,12,4,Change in project scope; Land acquisition delay,Delayed,100.0,High
PRJ00687,Karnataka Telecommunications Infra Development Phase-45,Telecommunications,Ministry of Communications,IFFCO,Afcons Infrastructure,Karnataka,3739.91,929.46,0.0,False,2021-03-13,48,48,2025-02-20,2025-02-20,0,False,90.5,39.9,371.18,9.9,12,11,None,On Track,6.8,Low
PRJ00688,Karnataka Fertilizers Infra Development Phase-46,Fertilizers,Ministry of Chemicals & Fertilizers,Deendayal Port Trust,Shapoorji Pallonji Infra,Karnataka,566.33,2747.44,385.13,True,2020-03-03,72,87,2026-01-31,2027-04-26,15,True,72.8,23.9,657.9,100.0,8,6,Monsoon/weather delays,Delayed,100.0,High
PRJ00689,Karnataka Ports & Shipping Infra Development Phase-47,Ports & Shipping,"Ministry of Ports, Shipping & Waterways",IRCTC,KNR Constructions,Karnataka,2724.61,1304.94,0.0,False,2020-02-07,48,61,2024-01-17,2025-02-10,13,True,76.3,24.7,322.29,11.8,8,6,Delay in tendering/equipment supply; Utility shifting delay,Delayed,19.8,Low
PRJ00690,Karnataka Fertilizers Infra Development Phase-48,Fertilizers,Ministry of Chemicals & Fertilizers,RITES,Afcons Infrastructure,Karnataka,372.19,2356.8,533.22,True,2019-02-11,48,58,2023-01-21,2023-11-17,10,True,82.0,10.5,248.6,66.8,6,5,Forest/environment clearance delay,Delayed,100.0,High
PRJ00691,Karnataka Education Infrastructure Infra Development Phase-49,Education Infrastructure,Ministry of Education,SAIL,Afcons Infrastructure,Karnataka,1639.23,1191.89,0.0,False,2020-08-02,36,85,2023-07-18,2027-07-27,49,True,65.5,40.4,481.29,29.4,6,4,Monsoon/weather delays,Delayed,44.9,Medium
PRJ00692,Karnataka Steel Infra Development Phase-50,Steel,Ministry of Steel,NBCC,Larsen & Toubro Infra,Karnataka,969.53,2416.12,149.21,True,2021-09-11,48,87,2025-08-21,2028-11-03,39,True,46.3,66.6,1608.11,100.0,10,5,Forest/environment clearance delay; Rehabilitation & resettlement issues,Delayed,100.0,High
PRJ00693,Karnataka Healthcare Infrastructure Infra Development Phase-51,Healthcare Infrastructure,Ministry of Health & Family Welfare,ONGC,Larsen & Toubro Infra,Karnataka,1911.43,502.69,0.0,False,2020-11-06,36,36,2023-10-22,2023-10-22,0,False,100.0,100.0,2085.18,100.0,6,6,None,Completed,1.3,Low
PRJ00694,Karnataka Rural Infrastructure Infra Development Phase-52,Rural Infrastructure,Ministry of Rural Development,NHPC,Larsen & Toubro Infra,Karnataka,3636.8,3665.79,0.8,False,2022-05-03,48,99,2026-04-12,2030-06-20,51,True,42.5,30.5,1119.26,30.8,8,3,Law and order problems; Poor contractor mobilization,Delayed,52.1,High
PRJ00695,Karnataka Rural Infrastructure Infra Development Phase-53,Rural Infrastructure,Ministry of Rural Development,NHPC,Larsen & Toubro Infra,Karnataka,1240.85,1246.7,0.47,False,2019-01-12,36,36,2021-12-27,2021-12-27,0,False,86.8,78.8,982.86,79.2,8,7,None,On Track,2.7,Low
PRJ00696,Karnataka Inland Waterways Infra Development Phase-54,Inland Waterways,"Ministry of Ports, Shipping & Waterways",BSNL,Larsen & Toubro Infra,Karnataka,579.05,4100.23,608.1,True,2018-06-09,36,48,2021-05-24,2022-05-19,12,True,74.3,44.7,1831.99,100.0,8,6,Utility shifting delay,Delayed,100.0,High
PRJ00697,Karnataka Fertilizers Infra Development Phase-55,Fertilizers,Ministry of Chemicals & Fertilizers,RVNL,GMR Infrastructure,Karnataka,1644.3,1139.39,0.0,False,2019-06-30,48,48,2023-06-09,2023-06-09,0,False,88.2,66.2,753.87,45.8,8,7,None,On Track,1.9,Low
PRJ00698,Karnataka Petroleum & Natural Gas Infra Development Phase-56,Petroleum & Natural Gas,Ministry of Petroleum & Natural Gas,RITES,J Kumar Infraprojects,Karnataka,1261.62,1116.05,0.0,False,2021-09-19,36,36,2024-09-03,2024-09-03,0,False,93.5,67.1,748.87,59.4,8,7,None,On Track,7.1,Low
PRJ00699,Karnataka Irrigation Infra Development Phase-57,Irrigation,Ministry of Jal Shakti,NBCC,GMR Infrastructure,Karnataka,676.07,884.41,30.82,True,2020-04-19,48,93,2024-03-29,2027-12-09,45,True,68.8,68.2,603.0,89.2,10,7,Monsoon/weather delays,Delayed,56.5,High
PRJ00700,Karnataka Railways Infra Development Phase-58,Railways,Ministry of Railways,NMDC,Larsen & Toubro Infra,Karnataka,2083.15,2080.21,0.0,False,2017-10-19,60,60,2022-09-23,2022-09-23,0,False,86.4,66.4,1380.46,66.3,10,9,None,On Track,4.5,Low
PRJ00701,Karnataka Renewable Energy Infra Development Phase-59,Renewable Energy,Ministry of New & Renewable Energy,HUDCO,Afcons Infrastructure,Karnataka,179.67,4159.09,2214.85,True,2018-05-06,48,53,2022-04-15,2022-09-12,5,True,82.5,32.6,1354.13,100.0,10,8,Poor contractor mobilization; Land acquisition delay,Delayed,100.0,High
PRJ00702,Karnataka Civil Aviation Infra Development Phase-60,Civil Aviation,Ministry of Civil Aviation,PowerGrid,Afcons Infrastructure,Karnataka,855.07,1307.25,52.88,True,2019-04-01,36,68,2022-03-16,2024-10-31,32,True,89.1,100.0,1606.84,100.0,8,7,COVID-19 related disruption; Funding constraints,Delayed,62.5,High
PRJ00703,Karnataka Mining Infra Development Phase-61,Mining,Ministry of Mines,ABC Infrastructure Ltd.,Patel Engineering,Karnataka,1840.82,2637.8,43.29,True,2019-01-09,60,87,2023-12-14,2026-03-03,27,True,77.0,18.6,490.13,26.6,4,3,Utility shifting delay; Monsoon/weather delays,Delayed,52.9,High
PRJ00704,Karnataka Power Infra Development Phase-62,Power,Ministry of Power,IRCTC,Larsen & Toubro Infra,Karnataka,855.91,2785.8,225.48,True,2017-08-26,48,85,2021-08-05,2024-08-19,37,True,73.1,26.7,744.47,87.0,4,3,Delay in tendering/equipment supply; Change in project scope,Delayed,100.0,High
PRJ00705,Karnataka Power Infra Development Phase-63,Power,Ministry of Power,IWAI,Reliance Infrastructure,Karnataka,590.22,715.27,21.19,True,2018-10-11,48,84,2022-09-20,2025-09-04,36,True,77.4,100.0,1240.84,100.0,10,8,Contractual issues,Delayed,40.9,Medium
PRJ00706,Karnataka Education Infrastructure Infra Development Phase-64,Education Infrastructure,Ministry of Education,State PWD,Larsen & Toubro Infra,Karnataka,2235.13,1524.71,0.0,False,2021-10-25,72,72,2027-09-24,2027-09-24,0,False,72.3,100.0,2476.9,100.0,10,7,None,On Track,6.4,Low
PRJ00707,Karnataka Water Supply & Sanitation Infra Development Phase-65,Water Supply & Sanitation,Ministry of Jal Shakti,BSNL,Shapoorji Pallonji Infra,Karnataka,1655.82,2223.23,34.27,True,2021-04-20,96,122,2029-03-09,2031-04-28,26,True,45.4,35.3,784.55,47.4,4,2,Geological surprises,Delayed,49.7,Medium
PRJ00708,Karnataka Irrigation Infra Development Phase-66,Irrigation,Ministry of Jal Shakti,NHAI,Shapoorji Pallonji Infra,Karnataka,698.08,1460.69,109.24,True,2020-08-12,60,108,2025-07-17,2029-06-26,48,True,52.9,13.6,198.58,28.4,12,6,Land acquisition delay,Delayed,100.0,High
PRJ00709,Karnataka Rural Infrastructure Infra Development Phase-67,Rural Infrastructure,Ministry of Rural Development,NHAI,Larsen & Toubro Infra,Karnataka,1267.48,3589.29,183.18,True,2019-10-17,60,101,2024-09-20,2028-02-02,41,True,64.4,35.4,1271.5,100.0,6,4,Rehabilitation & resettlement issues; Funding constraints,Delayed,100.0,High
PRJ00710,Karnataka Inland Waterways Infra Development Phase-68,Inland Waterways,"Ministry of Ports, Shipping & Waterways",SAIL,PNC Infratech,Karnataka,2496.73,1062.44,0.0,False,2022-08-24,24,24,2024-08-13,2024-08-13,0,False,99.6,19.9,211.58,8.5,12,12,None,Completed,7.9,Low
PRJ00711,Karnataka Steel Infra Development Phase-69,Steel,Ministry of Steel,GAIL,Larsen & Toubro Infra,Karnataka,342.05,3820.1,1016.83,True,2017-09-25,72,111,2023-08-25,2026-11-07,39,True,82.5,54.6,2084.92,100.0,4,3,Rehabilitation & resettlement issues; Shortage of skilled manpower,Delayed,100.0,High
PRJ00712,Karnataka Telecommunications Infra Development Phase-70,Telecommunications,Ministry of Communications,Deendayal Port Trust,Sadbhav Engineering,Karnataka,3165.72,2398.09,0.0,False,2022-11-17,60,60,2027-10-22,2027-10-22,0,False,58.9,48.5,1163.53,36.8,8,5,None,On Track,8.6,Low
PRJ00713,Karnataka Water Supply & Sanitation Infra Development Phase-71,Water Supply & Sanitation,Ministry of Jal Shakti,IFFCO,Larsen & Toubro Infra,Karnataka,1735.57,1134.33,0.0,False,2018-07-03,60,60,2023-06-07,2023-06-07,0,False,88.1,97.5,1106.46,63.8,8,7,None,On Track,6.2,Low
PRJ00714,Karnataka Housing Infra Development Phase-72,Housing,Ministry of Housing & Urban Affairs,AAI,Larsen & Toubro Infra,Karnataka,1424.49,1534.85,7.75,True,2019-02-11,24,55,2021-01-31,2023-08-19,31,True,72.6,49.9,765.19,53.7,6,4,Land acquisition delay; Change in project scope,Delayed,31.3,Medium
PRJ00715,Karnataka Petroleum & Natural Gas Infra Development Phase-73,Petroleum & Natural Gas,Ministry of Petroleum & Natural Gas,PowerGrid,Tata Projects,Karnataka,2214.02,1891.97,0.0,False,2019-05-16,72,72,2025-04-14,2025-04-14,0,False,100.0,25.7,485.92,21.9,4,4,None,Completed,3.1,Low
PRJ00716,Karnataka Healthcare Infrastructure Infra Development Phase-74,Healthcare Infrastructure,Ministry of Health & Family Welfare,HUDCO,Tata Projects,Karnataka,2309.55,1339.49,0.0,False,2018-11-24,36,36,2021-11-08,2021-11-08,0,False,100.0,80.4,1076.94,46.6,4,4,None,Completed,6.8,Low
PRJ00717,Karnataka Irrigation Infra Development Phase-75,Irrigation,Ministry of Jal Shakti,ABC Infrastructure Ltd.,Larsen & Toubro Infra,Karnataka,501.63,4088.13,714.97,True,2017-06-03,24,66,2019-05-24,2022-11-04,42,True,93.1,7.3,299.63,59.7,10,9,Forest/environment clearance delay; Rehabilitation & resettlement issues,Delayed,100.0,High
PRJ00718,Karnataka Railways Infra Development Phase-76,Railways,Ministry of Railways,IFFCO,Larsen & Toubro Infra,Karnataka,1176.0,1727.97,46.94,True,2018-03-19,24,69,2020-03-08,2023-11-18,45,True,92.9,25.6,442.23,37.6,4,4,Change in project scope,Delayed,71.0,High
PRJ00719,Karnataka Water Supply & Sanitation Infra Development Phase-77,Water Supply & Sanitation,Ministry of Jal Shakti,State Irrigation Dept,Sadbhav Engineering,Karnataka,1142.95,4229.68,270.07,True,2021-04-07,84,120,2028-03-01,2031-02-14,36,True,39.4,30.1,1273.54,100.0,4,2,Monsoon/weather delays; Court cases/litigation,Delayed,100.0,High
PRJ00720,Karnataka Civil Aviation Infra Development Phase-78,Civil Aviation,Ministry of Civil Aviation,ONGC,HCC (Hindustan Construction),Karnataka,1681.18,3145.3,87.09,True,2017-02-08,60,101,2022-01-13,2025-05-27,41,True,71.5,18.7,586.9,34.9,8,6,Change in project scope; Utility shifting delay,Delayed,92.9,High
PRJ00721,Karnataka Telecommunications Infra Development Phase-79,Telecommunications,Ministry of Communications,NBCC,Larsen & Toubro Infra,Karnataka,3657.57,491.99,0.0,False,2018-07-16,48,83,2022-06-25,2025-05-10,35,True,77.5,100.0,919.07,25.1,10,8,Change in project scope,Delayed,28.9,Medium
PRJ00722,Karnataka Steel Infra Development Phase-80,Steel,Ministry of Steel,NTPC,GR Infraprojects,Karnataka,1422.34,608.15,0.0,False,2018-03-12,48,84,2022-02-19,2025-02-03,36,True,71.9,100.0,911.66,64.1,10,7,Geological surprises,Delayed,32.8,Medium
PRJ00723,Karnataka Coal Infra Development Phase-81,Coal,Ministry of Coal,HUDCO,Ashoka Buildcon,Karnataka,5418.15,1228.41,0.0,False,2019-04-07,72,72,2025-03-06,2025-03-06,0,False,100.0,64.0,785.7,14.5,8,8,None,Completed,5.9,Low
PRJ00724,Karnataka Water Supply & Sanitation Infra Development Phase-82,Water Supply & Sanitation,Ministry of Jal Shakti,RITES,GR Infraprojects,Karnataka,929.77,2289.51,146.24,True,2018-10-19,60,71,2023-09-23,2024-08-18,11,True,72.8,32.4,740.7,79.7,4,3,Geological surprises; Court cases/litigation,Delayed,100.0,High
PRJ00725,Karnataka Housing Infra Development Phase-83,Housing,Ministry of Housing & Urban Affairs,IRCTC,Larsen & Toubro Infra,Karnataka,1655.16,736.59,0.0,False,2019-08-19,24,24,2021-08-08,2021-08-08,0,False,85.5,100.0,1191.34,72.0,4,3,None,On Track,1.8,Low
PRJ00726,Karnataka Roads & Highways Infra Development Phase-84,Roads & Highways,Ministry of Road Transport & Highways,IFFCO,Tata Projects,Karnataka,1113.8,1194.33,7.23,True,2017-12-31,36,71,2020-12-15,2023-10-31,35,True,85.1,100.0,1211.3,100.0,4,3,Contractual issues; Forest/environment clearance delay,Delayed,33.5,Medium
PRJ00727,Karnataka Telecommunications Infra Development Phase-85,Telecommunications,Ministry of Communications,RVNL,Reliance Infrastructure,Karnataka,1418.79,1861.86,31.23,True,2018-02-19,72,100,2024-01-19,2026-05-08,28,True,89.6,22.6,420.21,29.6,8,7,COVID-19 related disruption,Delayed,49.2,Medium
PRJ00728,Karnataka Steel Infra Development Phase-86,Steel,Ministry of Steel,NBCC,Larsen & Toubro Infra,Karnataka,1677.73,4946.63,194.84,True,2022-03-17,60,86,2027-02-19,2029-04-09,26,True,48.5,11.5,567.28,33.8,4,2,Law and order problems,Delayed,100.0,High
PRJ00729,Karnataka Railways Infra Development Phase-87,Railways,Ministry of Railways,RITES,Larsen & Toubro Infra,Karnataka,2666.03,2838.54,6.47,True,2021-01-15,48,90,2024-12-25,2028-06-07,42,True,52.3,85.9,2438.78,91.5,8,4,Change in project scope; Forest/environment clearance delay,Delayed,46.9,Medium
PRJ00730,Karnataka Railways Infra Development Phase-88,Railways,Ministry of Railways,NHAI,KNR Constructions,Karnataka,935.5,4802.2,413.33,True,2018-07-21,60,103,2023-06-25,2027-01-05,43,True,65.1,12.1,581.56,62.2,6,4,Court cases/litigation; COVID-19 related disruption,Delayed,100.0,High
PRJ00731,Karnataka Urban Development Infra Development Phase-89,Urban Development,Ministry of Housing & Urban Affairs,Deendayal Port Trust,NCC Limited,Karnataka,1384.26,2158.3,55.92,True,2020-01-04,96,134,2027-11-23,2031-01-06,38,True,44.1,22.7,490.9,35.5,4,2,Utility shifting delay; Funding constraints,Delayed,82.7,High
PRJ00732,Karnataka Inland Waterways Infra Development Phase-90,Inland Waterways,"Ministry of Ports, Shipping & Waterways",SAIL,HCC (Hindustan Construction),Karnataka,1281.42,2010.97,56.93,True,2021-06-28,36,61,2024-06-12,2026-07-02,25,True,86.1,63.5,1276.3,99.6,10,9,Price escalation of raw materials; Court cases/litigation,Delayed,60.2,High
PRJ00733,Karnataka Housing Infra Development Phase-91,Housing,Ministry of Housing & Urban Affairs,State PWD,Shapoorji Pallonji Infra,Karnataka,2824.1,1729.69,0.0,False,2018-11-15,48,85,2022-10-25,2025-11-08,37,True,84.1,44.7,773.68,27.4,4,3,Forest/environment clearance delay,Delayed,36.0,Medium
PRJ00734,Karnataka Power Infra Development Phase-92,Power,Ministry of Power,NTPC,Shapoorji Pallonji Infra,Karnataka,2393.5,1978.2,0.0,False,2021-09-01,48,48,2025-08-11,2025-08-11,0,False,100.0,10.6,209.36,8.7,12,12,None,Completed,7.7,Low
PRJ00735,Karnataka Housing Infra Development Phase-93,Housing,Ministry of Housing & Urban Affairs,IWAI,Larsen & Toubro Infra,Karnataka,3058.05,854.0,0.0,False,2021-11-30,48,48,2025-11-09,2025-11-09,0,False,85.3,100.0,1529.22,50.0,6,5,None,On Track,6.0,Low
PRJ00736,Karnataka Education Infrastructure Infra Development Phase-94,Education Infrastructure,Ministry of Education,SAIL,GMR Infrastructure,Karnataka,2015.61,2587.11,28.35,True,2021-01-08,60,84,2025-12-13,2027-12-03,24,True,63.1,16.6,428.63,21.3,12,8,Contractual issues,Delayed,45.9,Medium
PRJ00737,Karnataka Housing Infra Development Phase-95,Housing,Ministry of Housing & Urban Affairs,BSNL,GMR Infrastructure,Karnataka,857.31,1490.81,73.89,True,2018-04-08,60,78,2023-03-13,2024-09-03,18,True,76.9,15.1,224.65,26.2,10,8,Forest/environment clearance delay; Monsoon/weather delays,Delayed,68.0,High
PRJ00738,Karnataka Coal Infra Development Phase-96,Coal,Ministry of Coal,NMDC,Larsen & Toubro Infra,Karnataka,1739.07,1552.42,0.0,False,2020-07-11,48,48,2024-06-20,2024-06-20,0,False,93.2,60.3,935.83,53.8,4,4,None,On Track,4.9,Low
PRJ00739,Karnataka Rural Infrastructure Infra Development Phase-97,Rural Infrastructure,Ministry of Rural Development,HUDCO,Shapoorji Pallonji Infra,Karnataka,1417.09,1200.0,0.0,False,2019-07-07,72,72,2025-06-05,2025-06-05,0,False,100.0,38.0,456.08,32.2,8,8,None,Completed,7.4,Low
PRJ00740,Karnataka Telecommunications Infra Development Phase-98,Telecommunications,Ministry of Communications,HUDCO,GMR Infrastructure,Karnataka,1351.61,829.08,0.0,False,2018-01-26,24,24,2020-01-16,2020-01-16,0,False,94.4,49.8,412.93,30.6,10,9,None,On Track,0.4,Low
PRJ00741,Karnataka Rural Infrastructure Infra Development Phase-99,Rural Infrastructure,Ministry of Rural Development,Coal India Ltd,Larsen & Toubro Infra,Karnataka,1715.01,1252.36,0.0,False,2022-05-28,48,48,2026-05-07,2026-05-07,0,False,90.1,78.1,978.43,57.1,8,7,None,On Track,5.6,Low
PRJ00742,Karnataka Rural Infrastructure Infra Development Phase-100,Rural Infrastructure,Ministry of Rural Development,IFFCO,GMR Infrastructure,Karnataka,841.89,876.76,4.14,True,2021-04-26,36,56,2024-04-10,2025-12-01,20,True,79.3,100.0,887.58,100.0,6,5,Land acquisition delay,Delayed,18.6,Low
PRJ00743,Karnataka Fertilizers Infra Development Phase-101,Fertilizers,Ministry of Chemicals & Fertilizers,GAIL,Larsen & Toubro Infra,Karnataka,791.04,2376.25,200.4,True,2022-09-02,36,54,2025-08-17,2027-02-08,18,True,69.2,42.9,1018.92,100.0,10,7,Law and order problems; Forest/environment clearance delay,Delayed,100.0,High
PRJ00744,Karnataka Housing Infra Development Phase-102,Housing,Ministry of Housing & Urban Affairs,IRCTC,Shapoorji Pallonji Infra,Karnataka,2787.19,1119.69,0.0,False,2019-09-14,48,48,2023-08-24,2023-08-24,0,False,97.5,54.4,609.26,21.9,8,8,None,On Track,0.0,Low
PRJ00745,Karnataka Coal Infra Development Phase-103,Coal,Ministry of Coal,IRCON,Shapoorji Pallonji Infra,Karnataka,746.3,3683.17,393.52,True,2022-09-08,24,60,2024-08-28,2027-08-13,36,True,67.1,38.9,1432.74,100.0,6,4,Price escalation of raw materials; Poor contractor mobilization,Delayed,100.0,High
PRJ00746,Karnataka Petroleum & Natural Gas Infra Development Phase-104,Petroleum & Natural Gas,Ministry of Petroleum & Natural Gas,RVNL,Larsen & Toubro Infra,Karnataka,1340.16,1157.41,0.0,False,2022-02-24,72,72,2028-01-24,2028-01-24,0,False,69.3,100.0,1222.3,91.2,10,7,None,On Track,8.0,Low
PRJ00747,Karnataka Healthcare Infrastructure Infra Development Phase-105,Healthcare Infrastructure,Ministry of Health & Family Welfare,State Irrigation Dept,HCC (Hindustan Construction),Karnataka,4008.44,4817.33,20.18,True,2017-12-27,36,43,2020-12-11,2021-07-09,7,True,77.6,27.1,1305.88,32.6,10,8,Utility shifting delay; Forest/environment clearance delay,Delayed,22.3,Low
PRJ00748,Karnataka Housing Infra Development Phase-106,Housing,Ministry of Housing & Urban Affairs,NMDC,GMR Infrastructure,Karnataka,2347.2,2733.98,16.48,True,2017-03-14,48,55,2021-02-21,2021-09-19,7,True,90.2,9.1,247.99,10.6,4,4,Poor contractor mobilization; Land acquisition delay,Delayed,18.5,Low
PRJ00749,Karnataka Postal Infrastructure Infra Development Phase-107,Postal Infrastructure,Ministry of Communications,NHPC,Larsen & Toubro Infra,Karnataka,615.33,1625.12,164.11,True,2017-01-01,36,65,2019-12-17,2022-05-05,29,True,79.1,81.7,1327.99,100.0,4,3,Geological surprises; Utility shifting delay,Delayed,100.0,High
PRJ00750,Karnataka Rural Infrastructure Infra Development Phase-108,Rural Infrastructure,Ministry of Rural Development,State Irrigation Dept,Tata Projects,Karnataka,2961.96,1002.07,0.0,False,2020-10-28,48,48,2024-10-07,2024-10-07,0,False,87.7,100.0,1494.64,50.5,8,7,None,On Track,5.8,Low
PRJ00751,Karnataka Railways Infra Development Phase-109,Railways,Ministry of Railways,Coal India Ltd,Larsen & Toubro Infra,Karnataka,2566.36,1812.29,0.0,False,2022-02-05,36,36,2025-01-20,2025-01-20,0,False,100.0,34.8,630.76,24.6,8,8,None,Completed,5.9,Low
PRJ00752,Karnataka Postal Infrastructure Infra Development Phase-110,Postal Infrastructure,Ministry of Communications,Deendayal Port Trust,Larsen & Toubro Infra,Karnataka,2166.15,2728.5,25.96,True,2022-04-22,48,54,2026-04-01,2026-09-28,6,True,73.1,13.5,368.47,17.0,8,6,Change in project scope; Forest/environment clearance delay,Delayed,22.4,Low
PRJ00753,Karnataka Rural Infrastructure Infra Development Phase-111,Rural Infrastructure,Ministry of Rural Development,Coal India Ltd,Patel Engineering,Karnataka,2296.94,2215.68,0.0,False,2017-01-09,84,84,2023-12-04,2023-12-04,0,False,87.8,9.4,207.84,9.0,8,7,None,On Track,8.5,Low
PRJ00754,Karnataka Irrigation Infra Development Phase-112,Irrigation,Ministry of Jal Shakti,NMDC,Reliance Infrastructure,Karnataka,872.13,2491.91,185.73,True,2020-04-10,96,114,2028-02-28,2029-08-21,18,True,59.8,18.9,469.78,53.9,12,7,Change in project scope; Land acquisition delay,Delayed,100.0,High
PRJ00755,Karnataka Power Infra Development Phase-113,Power,Ministry of Power,BSNL,Larsen & Toubro Infra,Karnataka,2409.74,2242.87,0.0,False,2018-07-30,36,36,2021-07-14,2021-07-14,0,False,100.0,36.9,827.42,34.3,10,10,None,Completed,4.8,Low
PRJ00756,Odisha Inland Waterways Infra Development Phase-1,Inland Waterways,"Ministry of Ports, Shipping & Waterways",NBCC,Larsen & Toubro Infra,Odisha,1046.32,1376.91,31.6,True,2019-03-14,36,53,2022-02-26,2023-07-21,17,True,77.6,59.1,813.76,77.8,6,5,Price escalation of raw materials,Delayed,38.1,Medium
PRJ00757,Odisha Renewable Energy Infra Development Phase-2,Renewable Energy,Ministry of New & Renewable Energy,State Irrigation Dept,Afcons Infrastructure,Odisha,3061.9,2595.45,0.0,False,2019-02-20,48,64,2023-01-30,2024-05-24,16,True,94.0,50.4,1309.4,42.8,8,8,Poor contractor mobilization,Delayed,11.9,Low
PRJ00758,Odisha Railways Infra Development Phase-3,Railways,Ministry of Railways,NMDC,Tata Projects,Odisha,1504.26,1524.41,1.34,False,2018-05-20,36,36,2021-05-04,2021-05-04,0,False,100.0,100.0,1730.18,100.0,10,10,None,Completed,1.2,Low
PRJ00759,Odisha Urban Development Infra Development Phase-4,Urban Development,Ministry of Housing & Urban Affairs,IFFCO,Dilip Buildcon Ltd,Odisha,417.57,1012.87,142.56,True,2022-08-28,60,66,2027-08-02,2028-01-29,6,True,54.7,82.9,840.06,100.0,6,3,Land acquisition delay; Delay in tendering/equipment supply,Delayed,100.0,High
PRJ00760,Odisha Railways Infra Development Phase-5,Railways,Ministry of Railways,NHPC,IRB Infrastructure,Odisha,1770.57,1107.65,0.0,False,2021-11-08,72,72,2027-10-08,2027-10-08,0,False,81.6,38.5,426.68,24.1,12,10,None,On Track,2.4,Low
PRJ00761,Odisha Housing Infra Development Phase-6,Housing,Ministry of Housing & Urban Affairs,HUDCO,J Kumar Infraprojects,Odisha,1945.34,4370.49,124.66,True,2018-12-27,84,131,2025-11-20,2029-09-30,47,True,54.0,23.4,1021.19,52.5,12,6,Contractual issues,Delayed,100.0,High
PRJ00762,Odisha Inland Waterways Infra Development Phase-7,Inland Waterways,"Ministry of Ports, Shipping & Waterways",SAIL,GR Infraprojects,Odisha,3081.52,1472.0,0.0,False,2020-08-11,84,100,2027-07-06,2028-10-28,16,True,63.3,100.0,2246.35,72.9,12,8,Poor contractor mobilization; Rehabilitation & resettlement issues,Delayed,15.5,Low
PRJ00763,Odisha Petroleum & Natural Gas Infra Development Phase-8,Petroleum & Natural Gas,Ministry of Petroleum & Natural Gas,NBCC,Larsen & Toubro Infra,Odisha,902.8,3890.0,330.88,True,2021-06-18,60,95,2026-05-23,2029-04-07,35,True,58.2,34.7,1351.43,100.0,8,5,COVID-19 related disruption; Price escalation of raw materials,Delayed,100.0,High
PRJ00764,Odisha Civil Aviation Infra Development Phase-9,Civil Aviation,Ministry of Civil Aviation,PowerGrid,Tata Projects,Odisha,815.35,2443.38,199.67,True,2021-08-18,60,64,2026-07-23,2026-11-20,4,True,79.4,40.0,976.38,100.0,12,10,Utility shifting delay; Court cases/litigation,Delayed,100.0,High
PRJ00765,Odisha Postal Infrastructure Infra Development Phase-10,Postal Infrastructure,Ministry of Communications,NMDC,Larsen & Toubro Infra,Odisha,2152.87,1762.27,0.0,False,2019-06-10,60,91,2024-05-14,2026-11-30,31,True,78.5,26.4,464.6,21.6,6,5,Rehabilitation & resettlement issues,Delayed,32.9,Medium
PRJ00766,Odisha Rural Infrastructure Infra Development Phase-11,Rural Infrastructure,Ministry of Rural Development,AAI,Afcons Infrastructure,Odisha,2797.61,1228.81,0.0,False,2018-06-28,24,24,2020-06-17,2020-06-17,0,False,93.3,59.4,729.59,26.1,6,6,None,On Track,4.4,Low
PRJ00767,Odisha Telecommunications Infra Development Phase-12,Telecommunications,Ministry of Communications,NHPC,Larsen & Toubro Infra,Odisha,878.74,2982.23,239.38,True,2020-08-13,72,108,2026-07-13,2029-06-27,36,True,53.3,9.1,270.58,30.8,4,2,Monsoon/weather delays; Rehabilitation & resettlement issues,Delayed,100.0,High
PRJ00768,Odisha Healthcare Infrastructure Infra Development Phase-13,Healthcare Infrastructure,Ministry of Health & Family Welfare,IFFCO,Shapoorji Pallonji Infra,Odisha,1732.62,3625.77,109.27,True,2021-09-06,24,40,2023-08-27,2024-12-19,16,True,74.4,10.5,380.19,21.9,12,9,Poor contractor mobilization; Price escalation of raw materials,Delayed,100.0,High
PRJ00769,Odisha Roads & Highways Infra Development Phase-14,Roads & Highways,Ministry of Road Transport & Highways,HUDCO,Shapoorji Pallonji Infra,Odisha,1422.07,3146.92,121.29,True,2018-03-13,48,70,2022-02-20,2023-12-12,22,True,84.5,32.8,1033.46,72.7,4,3,Contractual issues; Land acquisition delay,Delayed,100.0,High
PRJ00770,Odisha Rural Infrastructure Infra Development Phase-15,Rural Infrastructure,Ministry of Rural Development,IRCON,Afcons Infrastructure,Odisha,899.78,817.23,0.0,False,2019-03-30,48,48,2023-03-09,2023-03-09,0,False,100.0,27.9,227.65,25.3,8,8,None,Completed,1.5,Low
PRJ00771,Odisha Power Infra Development Phase-16,Power,Ministry of Power,RITES,GMR Infrastructure,Odisha,1370.95,1469.37,7.18,True,2019-10-24,72,113,2025-09-22,2029-02-03,41,True,54.9,45.2,664.01,48.4,6,3,Rehabilitation & resettlement issues,Delayed,48.0,Medium
PRJ00772,Odisha Renewable Energy Infra Development Phase-17,Renewable Energy,Ministry of New & Renewable Energy,NHPC,HCC (Hindustan Construction),Odisha,2684.99,1584.68,0.0,False,2017-05-13,36,36,2020-04-27,2020-04-27,0,False,100.0,22.2,351.77,13.1,8,8,None,Completed,5.3,Low
PRJ00773,Odisha Urban Development Infra Development Phase-18,Urban Development,Ministry of Housing & Urban Affairs,NTPC,Larsen & Toubro Infra,Odisha,1508.19,463.04,0.0,False,2019-07-08,72,72,2025-06-06,2025-06-06,0,False,100.0,84.9,393.3,26.1,12,12,None,Completed,4.6,Low
PRJ00774,Odisha Water Resources Infra Development Phase-19,Water Resources,Ministry of Jal Shakti,Coal India Ltd,KNR Constructions,Odisha,1326.36,2672.89,101.52,True,2022-09-24,72,88,2028-08-23,2029-12-16,16,True,43.1,31.8,849.3,64.0,8,3,Price escalation of raw materials,Delayed,92.6,High
PRJ00775,Odisha Water Resources Infra Development Phase-20,Water Resources,Ministry of Jal Shakti,State PWD,Shapoorji Pallonji Infra,Odisha,2087.54,2895.41,38.7,True,2020-07-04,48,63,2024-06-13,2025-09-06,15,True,84.0,17.7,512.19,24.5,12,10,Land acquisition delay,Delayed,44.0,Medium
PRJ00776,Odisha Coal Infra Development Phase-21,Coal,Ministry of Coal,ONGC,Reliance Infrastructure,Odisha,2824.44,2837.93,0.48,False,2021-12-20,24,47,2023-12-10,2025-10-30,23,True,79.3,10.7,304.06,10.8,6,5,Geological surprises; Price escalation of raw materials,Delayed,26.8,Medium
PRJ00777,Odisha Renewable Energy Infra Development Phase-22,Renewable Energy,Ministry of New & Renewable Energy,RITES,Larsen & Toubro Infra,Odisha,762.94,2573.66,237.33,True,2022-01-13,36,47,2024-12-28,2025-11-23,11,True,85.2,22.5,578.66,75.8,6,5,Law and order problems,Delayed,100.0,High
PRJ00778,Odisha Power Infra Development Phase-23,Power,Ministry of Power,HUDCO,Larsen & Toubro Infra,Odisha,1775.39,1671.43,0.0,False,2018-05-04,36,87,2021-04-18,2025-06-26,51,True,76.9,17.7,296.39,16.7,10,8,Poor contractor mobilization,Delayed,45.2,Medium
PRJ00779,Odisha Coal Infra Development Phase-24,Coal,Ministry of Coal,NHPC,Simplex Infrastructures,Odisha,1172.46,1196.75,2.07,True,2019-12-19,60,60,2024-11-22,2024-11-22,0,False,98.3,100.0,1600.71,100.0,6,6,None,Completed,1.1,Low
PRJ00780,Odisha Power Infra Development Phase-25,Power,Ministry of Power,IWAI,Patel Engineering,Odisha,1512.29,1667.71,10.28,True,2019-11-11,72,106,2025-10-10,2028-07-26,34,True,57.1,73.4,1223.28,80.9,4,2,COVID-19 related disruption; Court cases/litigation,Delayed,38.5,Medium
PRJ00781,Odisha Civil Aviation Infra Development Phase-26,Civil Aviation,Ministry of Civil Aviation,IRCON,GMR Infrastructure,Odisha,2183.68,2454.96,12.42,True,2018-09-22,96,117,2026-08-11,2028-05-02,21,True,54.9,49.7,1220.18,55.9,8,4,Rehabilitation & resettlement issues,Delayed,32.2,Medium
PRJ00782,Odisha Housing Infra Development Phase-27,Housing,Ministry of Housing & Urban Affairs,IWAI,Afcons Infrastructure,Odisha,1232.18,4092.99,232.17,True,2021-01-06,60,102,2025-12-11,2029-05-24,42,True,56.6,11.7,480.38,39.0,4,2,Shortage of skilled manpower; Funding constraints,Delayed,100.0,High
PRJ00783,Odisha Telecommunications Infra Development Phase-28,Telecommunications,Ministry of Communications,RVNL,KNR Constructions,Odisha,1400.48,2136.0,52.52,True,2022-09-01,36,71,2025-08-16,2028-07-01,35,True,43.2,49.3,1053.24,75.2,6,3,Price escalation of raw materials; Forest/environment clearance delay,Delayed,68.0,High
PRJ00784,Odisha Irrigation Infra Development Phase-29,Irrigation,Ministry of Jal Shakti,Coal India Ltd,Larsen & Toubro Infra,Odisha,2560.4,2092.59,0.0,False,2019-05-24,48,79,2023-05-03,2025-11-18,31,True,81.8,44.1,923.72,36.1,8,7,Court cases/litigation; Contractual issues,Delayed,31.2,Medium
PRJ00785,Odisha Renewable Energy Infra Development Phase-30,Renewable Energy,Ministry of New & Renewable Energy,Deendayal Port Trust,GMR Infrastructure,Odisha,1917.68,498.0,0.0,False,2022-12-13,84,84,2029-11-06,2029-11-06,0,False,44.9,100.0,504.59,26.3,10,4,None,On Track,11.9,Low
PRJ00786,Odisha Postal Infrastructure Infra Development Phase-31,Postal Infrastructure,Ministry of Communications,NMDC,Shapoorji Pallonji Infra,Odisha,1380.98,2550.85,84.71,True,2017-02-06,60,86,2022-01-11,2024-03-01,26,True,86.7,30.7,782.98,56.7,4,3,COVID-19 related disruption; Change in project scope,Delayed,88.9,High
PRJ00787,Odisha Fertilizers Infra Development Phase-32,Fertilizers,Ministry of Chemicals & Fertilizers,Deendayal Port Trust,Larsen & Toubro Infra,Odisha,1602.74,4259.53,165.77,True,2019-09-26,60,90,2024-08-30,2027-02-16,30,True,72.3,6.1,260.98,16.3,4,3,Price escalation of raw materials; COVID-19 related disruption,Delayed,100.0,High
PRJ00788,Odisha Inland Waterways Infra Development Phase-33,Inland Waterways,"Ministry of Ports, Shipping & Waterways",SAIL,GMR Infrastructure,Odisha,1532.57,1903.12,24.18,True,2019-11-17,60,102,2024-10-21,2028-04-03,42,True,56.6,21.2,403.66,26.3,12,7,Land acquisition delay; COVID-19 related disruption,Delayed,67.3,High
PRJ00789,Odisha Telecommunications Infra Development Phase-34,Telecommunications,Ministry of Communications,AAI,Shapoorji Pallonji Infra,Odisha,393.59,1816.0,361.39,True,2022-10-08,48,61,2026-09-17,2027-10-12,13,True,65.6,42.4,769.89,100.0,12,8,Monsoon/weather delays; Land acquisition delay,Delayed,100.0,High
PRJ00790,Odisha Steel Infra Development Phase-35,Steel,Ministry of Steel,NMDC,Afcons Infrastructure,Odisha,1619.18,1603.68,0.0,False,2019-02-28,72,72,2025-01-27,2025-01-27,0,False,100.0,37.4,600.07,37.1,8,8,None,Completed,2.4,Low
PRJ00791,Odisha Telecommunications Infra Development Phase-36,Telecommunications,Ministry of Communications,RVNL,Shapoorji Pallonji Infra,Odisha,598.62,3040.21,407.87,True,2018-01-29,60,91,2023-01-03,2025-07-21,31,True,81.0,32.9,1000.04,100.0,6,5,Funding constraints,Delayed,100.0,High
PRJ00792,Odisha Renewable Energy Infra Development Phase-37,Renewable Energy,Ministry of New & Renewable Energy,IFFCO,Larsen & Toubro Infra,Odisha,2779.59,479.11,0.0,False,2019-05-24,48,48,2023-05-03,2023-05-03,0,False,93.1,100.0,513.5,18.5,10,9,None,On Track,7.1,Low
PRJ00793,Odisha Inland Waterways Infra Development Phase-38,Inland Waterways,"Ministry of Ports, Shipping & Waterways",ONGC,Larsen & Toubro Infra,Odisha,588.49,3892.16,561.38,True,2021-11-18,60,80,2026-10-23,2028-06-14,20,True,54.3,16.9,656.58,100.0,4,2,Land acquisition delay,Delayed,100.0,High
PRJ00794,Odisha Urban Development Infra Development Phase-39,Urban Development,Ministry of Housing & Urban Affairs,ABC Infrastructure Ltd.,Reliance Infrastructure,Odisha,1135.65,1766.93,55.59,True,2020-09-20,84,124,2027-08-15,2030-11-27,40,True,41.4,45.8,809.3,71.3,4,2,Funding constraints,Delayed,78.3,High
PRJ00795,Odisha Railways Infra Development Phase-40,Railways,Ministry of Railways,GAIL,Dilip Buildcon Ltd,Odisha,1001.44,2577.97,157.43,True,2019-10-29,60,100,2024-10-02,2028-01-15,40,True,72.6,18.8,485.78,48.5,12,9,Shortage of skilled manpower,Delayed,100.0,High
PRJ00796,Odisha Coal Infra Development Phase-41,Coal,Ministry of Coal,State PWD,Shapoorji Pallonji Infra,Odisha,3368.58,3176.71,0.0,False,2021-05-09,24,24,2023-04-29,2023-04-29,0,False,100.0,20.4,649.57,19.3,10,10,None,Completed,3.5,Low
PRJ00797,Odisha Fertilizers Infra Development Phase-42,Fertilizers,Ministry of Chemicals & Fertilizers,SAIL,GR Infraprojects,Odisha,2714.02,1098.39,0.0,False,2021-11-09,48,82,2025-10-19,2028-08-04,34,True,45.9,83.8,919.92,33.9,8,4,Price escalation of raw materials,Delayed,35.5,Medium
PRJ00798,Odisha Rural Infrastructure Infra Development Phase-43,Rural Infrastructure,Ministry of Rural Development,NTPC,Larsen & Toubro Infra,Odisha,226.46,2012.38,788.62,True,2022-12-31,24,35,2024-12-20,2025-11-15,11,True,84.8,92.1,1854.23,100.0,4,3,Forest/environment clearance delay,Delayed,100.0,High
PRJ00799,Odisha Ports & Shipping Infra Development Phase-44,Ports & Shipping,"Ministry of Ports, Shipping & Waterways",AAI,Larsen & Toubro Infra,Odisha,1462.29,1743.28,19.22,True,2022-08-22,24,43,2024-08-11,2026-03-04,19,True,92.8,28.0,487.7,33.4,4,4,Rehabilitation & resettlement issues; Monsoon/weather delays,Delayed,31.9,Medium
PRJ00800,Odisha Ports & Shipping Infra Development Phase-45,Ports & Shipping,"Ministry of Ports, Shipping & Waterways",RITES,KNR Constructions,Odisha,675.75,924.55,36.82,True,2021-11-28,24,54,2023-11-18,2026-05-06,30,True,90.0,65.1,601.9,89.1,10,9,Land acquisition delay; Shortage of skilled manpower,Delayed,52.6,High
PRJ00801,Odisha Power Infra Development Phase-46,Power,Ministry of Power,NHPC,Gammon India,Odisha,1622.86,3609.61,122.42,True,2019-06-20,60,91,2024-05-24,2026-12-10,31,True,68.2,37.2,1343.87,82.8,6,4,Rehabilitation & resettlement issues; Utility shifting delay,Delayed,100.0,High
PRJ00802,Odisha Civil Aviation Infra Development Phase-47,Civil Aviation,Ministry of Civil Aviation,RITES,Simplex Infrastructures,Odisha,2154.96,1656.33,0.0,False,2021-03-09,48,48,2025-02-16,2025-02-16,0,False,85.3,92.5,1532.69,71.1,4,3,None,On Track,3.0,Low
PRJ00803,Odisha Postal Infrastructure Infra Development Phase-48,Postal Infrastructure,Ministry of Communications,NHPC,Shapoorji Pallonji Infra,Odisha,1705.5,897.73,0.0,False,2018-08-03,60,60,2023-07-08,2023-07-08,0,False,87.9,100.0,1111.33,65.2,4,4,None,On Track,1.0,Low
PRJ00804,Odisha Railways Infra Development Phase-49,Railways,Ministry of Railways,NHAI,KNR Constructions,Odisha,2230.85,2087.07,0.0,False,2021-06-03,84,84,2028-04-27,2028-04-27,0,False,71.7,72.4,1510.72,67.7,12,9,None,On Track,5.2,Low
PRJ00805,Odisha Postal Infrastructure Infra Development Phase-50,Postal Infrastructure,Ministry of Communications,RVNL,Afcons Infrastructure,Odisha,1253.2,727.74,0.0,False,2020-06-02,48,96,2024-05-12,2028-04-21,48,True,55.2,64.5,469.66,37.5,6,3,Geological surprises; Monsoon/weather delays,Delayed,51.8,High
PRJ00806,Odisha Fertilizers Infra Development Phase-51,Fertilizers,Ministry of Chemicals & Fertilizers,HUDCO,Larsen & Toubro Infra,Odisha,1737.97,1524.72,0.0,False,2018-08-07,60,60,2023-07-12,2023-07-12,0,False,96.3,93.8,1430.52,82.3,6,6,None,On Track,1.7,Low
PRJ00807,Odisha Power Infra Development Phase-52,Power,Ministry of Power,Coal India Ltd,Larsen & Toubro Infra,Odisha,2185.26,2426.26,11.03,True,2019-11-02,72,95,2025-10-01,2027-08-22,23,True,67.9,51.4,1247.9,57.1,6,4,Law and order problems,Delayed,33.6,Medium
PRJ00808,Odisha Rural Infrastructure Infra Development Phase-53,Rural Infrastructure,Ministry of Rural Development,IWAI,Shapoorji Pallonji Infra,Odisha,1108.09,672.1,0.0,False,2017-08-11,96,135,2025-06-30,2028-09-12,39,True,66.9,58.0,389.64,35.2,12,8,Funding constraints; Contractual issues,Delayed,41.0,Medium
PRJ00809,Odisha Rural Infrastructure Infra Development Phase-54,Rural Infrastructure,Ministry of Rural Development,RVNL,GMR Infrastructure,Odisha,829.34,2929.83,253.27,True,2019-10-24,36,41,2022-10-08,2023-03-07,5,True,84.7,22.6,662.6,79.9,4,3,Monsoon/weather delays,Delayed,100.0,High
PRJ00810,Odisha Mining Infra Development Phase-55,Mining,Ministry of Mines,AAI,Afcons Infrastructure,Odisha,965.75,2152.99,122.93,True,2018-06-10,24,41,2020-05-30,2021-10-22,17,True,70.4,7.5,160.87,16.7,6,4,Rehabilitation & resettlement issues,Delayed,100.0,High
PRJ00811,Odisha Education Infrastructure Infra Development Phase-56,Education Infrastructure,Ministry of Education,RVNL,GR Infraprojects,Odisha,1369.52,3187.08,132.72,True,2019-03-04,24,44,2021-02-21,2022-10-14,20,True,86.3,27.6,880.48,64.3,8,7,COVID-19 related disruption; Law and order problems,Delayed,100.0,High
PRJ00812,Odisha Education Infrastructure Infra Development Phase-57,Education Infrastructure,Ministry of Education,IFFCO,Afcons Infrastructure,Odisha,1486.73,3166.99,113.02,True,2020-06-06,96,132,2028-04-25,2031-04-10,36,True,43.1,44.7,1415.92,95.2,12,5,Court cases/litigation,Delayed,100.0,High
PRJ00813,Odisha Mining Infra Development Phase-58,Mining,Ministry of Mines,State PWD,Larsen & Toubro Infra,Odisha,1797.79,1491.1,0.0,False,2018-11-22,48,69,2022-11-01,2024-07-23,21,True,94.0,39.1,582.42,32.4,4,4,Shortage of skilled manpower; Price escalation of raw materials,Delayed,19.7,Low
PRJ00814,Odisha Petroleum & Natural Gas Infra Development Phase-59,Petroleum & Natural Gas,Ministry of Petroleum & Natural Gas,ABC Infrastructure Ltd.,Shapoorji Pallonji Infra,Odisha,903.26,1517.5,68.0,True,2021-11-22,60,85,2026-10-27,2028-11-15,25,True,49.0,27.8,421.33,46.6,8,4,Contractual issues; Utility shifting delay,Delayed,76.7,High
PRJ00815,Odisha Mining Infra Development Phase-60,Mining,Ministry of Mines,BSNL,GMR Infrastructure,Odisha,2221.8,2689.49,21.05,True,2022-03-11,60,97,2027-02-13,2030-02-27,37,True,37.8,14.9,401.62,18.1,10,4,Rehabilitation & resettlement issues; Shortage of skilled manpower,Delayed,55.4,High
PRJ00816,Odisha Postal Infrastructure Infra Development Phase-61,Postal Infrastructure,Ministry of Communications,NTPC,Larsen & Toubro Infra,Odisha,3800.06,983.35,0.0,False,2018-12-21,36,45,2021-12-05,2022-09-01,9,True,92.9,81.6,802.03,21.1,12,11,Delay in tendering/equipment supply,Delayed,17.6,Low
PRJ00817,Odisha Civil Aviation Infra Development Phase-62,Civil Aviation,Ministry of Civil Aviation,NHPC,Megha Engineering (MEIL),Odisha,1006.33,987.91,0.0,False,2019-03-16,24,24,2021-03-05,2021-03-05,0,False,100.0,100.0,1105.65,100.0,8,8,None,Completed,0.0,Low
PRJ00818,Odisha Fertilizers Infra Development Phase-63,Fertilizers,Ministry of Chemicals & Fertilizers,RVNL,Larsen & Toubro Infra,Odisha,4977.66,1360.51,0.0,False,2017-11-05,36,36,2020-10-20,2020-10-20,0,False,88.1,100.0,1875.99,37.7,4,4,None,On Track,9.0,Low
PRJ00819,Odisha Telecommunications Infra Development Phase-64,Telecommunications,Ministry of Communications,NMDC,Afcons Infrastructure,Odisha,4084.93,775.8,0.0,False,2017-05-08,60,60,2022-04-12,2022-04-12,0,False,100.0,19.3,149.65,3.7,12,12,None,Completed,4.3,Low
PRJ00820,Odisha Healthcare Infrastructure Infra Development Phase-65,Healthcare Infrastructure,Ministry of Health & Family Welfare,SAIL,Shapoorji Pallonji Infra,Odisha,1483.87,890.5,0.0,False,2019-05-22,84,84,2026-04-15,2026-04-15,0,False,93.7,100.0,1749.47,100.0,4,4,None,On Track,0.0,Low
PRJ00821,Odisha Postal Infrastructure Infra Development Phase-66,Postal Infrastructure,Ministry of Communications,NBCC,Larsen & Toubro Infra,Odisha,1344.34,911.71,0.0,False,2022-04-18,84,84,2029-03-12,2029-03-12,0,False,61.0,99.7,908.66,67.6,6,4,None,On Track,6.4,Low
PRJ00822,Odisha Irrigation Infra Development Phase-67,Irrigation,Ministry of Jal Shakti,SAIL,Larsen & Toubro Infra,Odisha,956.63,1660.13,73.54,True,2019-07-04,48,99,2023-06-13,2027-08-21,51,True,59.2,83.0,1378.37,100.0,12,7,Contractual issues; Shortage of skilled manpower,Delayed,99.6,High
PRJ00823,Odisha Telecommunications Infra Development Phase-68,Telecommunications,Ministry of Communications,HUDCO,HCC (Hindustan Construction),Odisha,2410.58,1612.49,0.0,False,2018-01-06,48,67,2021-12-16,2023-07-09,19,True,80.9,74.8,1206.64,50.1,10,8,Land acquisition delay; Utility shifting delay,Delayed,19.4,Low
PRJ00824,Odisha Petroleum & Natural Gas Infra Development Phase-69,Petroleum & Natural Gas,Ministry of Petroleum & Natural Gas,Deendayal Port Trust,HCC (Hindustan Construction),Odisha,1545.03,3463.6,124.18,True,2018-11-11,72,94,2024-10-10,2026-08-01,22,True,76.3,24.0,831.91,53.8,12,9,COVID-19 related disruption,Delayed,100.0,High
PRJ00825,Odisha Power Infra Development Phase-70,Power,Ministry of Power,GAIL,Ashoka Buildcon,Odisha,1644.45,1678.79,2.09,True,2018-08-22,36,36,2021-08-06,2021-08-06,0,False,93.6,48.4,813.09,49.4,10,9,None,On Track,0.0,Low
PRJ00826,Odisha Irrigation Infra Development Phase-71,Irrigation,Ministry of Jal Shakti,IRCON,GMR Infrastructure,Odisha,841.42,1920.49,128.24,True,2019-06-16,36,48,2022-05-31,2023-05-26,12,True,81.9,52.9,1016.65,100.0,10,8,Funding constraints,Delayed,100.0,High
PRJ00827,Odisha Coal Infra Development Phase-72,Coal,Ministry of Coal,AAI,Afcons Infrastructure,Odisha,2449.59,5047.83,106.07,True,2019-08-17,72,90,2025-07-16,2027-01-07,18,True,79.8,13.8,694.49,28.4,4,3,Court cases/litigation,Delayed,100.0,High
PRJ00828,Odisha Water Resources Infra Development Phase-73,Water Resources,Ministry of Jal Shakti,BSNL,IRB Infrastructure,Odisha,1278.67,323.67,0.0,False,2022-02-06,60,60,2027-01-11,2027-01-11,0,False,79.7,100.0,729.15,57.0,4,3,None,On Track,2.6,Low
PRJ00829,Odisha Railways Infra Development Phase-74,Railways,Ministry of Railways,NMDC,Shapoorji Pallonji Infra,Odisha,711.82,2290.74,221.81,True,2020-08-20,60,67,2025-07-25,2026-02-20,7,True,73.7,49.6,1136.75,100.0,4,3,Delay in tendering/equipment supply; Rehabilitation & resettlement issues,Delayed,100.0,High
PRJ00830,Odisha Postal Infrastructure Infra Development Phase-75,Postal Infrastructure,Ministry of Communications,IWAI,Larsen & Toubro Infra,Odisha,1413.31,1768.58,25.14,True,2018-12-14,48,59,2022-11-23,2023-10-19,11,True,72.1,27.5,486.53,34.4,10,7,Court cases/litigation; Rehabilitation & resettlement issues,Delayed,32.7,Medium
PRJ00831,Odisha Fertilizers Infra Development Phase-76,Fertilizers,Ministry of Chemicals & Fertilizers,RVNL,Afcons Infrastructure,Odisha,878.79,2428.46,176.34,True,2022-10-18,60,84,2027-09-22,2029-09-11,24,True,43.4,59.8,1451.86,100.0,8,3,Shortage of skilled manpower; Delay in tendering/equipment supply,Delayed,100.0,High
PRJ00832,Odisha Water Resources Infra Development Phase-77,Water Resources,Ministry of Jal Shakti,AAI,GR Infraprojects,Odisha,3084.03,1416.53,0.0,False,2020-11-14,36,36,2023-10-30,2023-10-30,0,False,95.7,97.8,1384.87,44.9,10,10,None,On Track,0.0,Low
PRJ00833,Odisha Housing Infra Development Phase-78,Housing,Ministry of Housing & Urban Affairs,Deendayal Port Trust,Megha Engineering (MEIL),Odisha,4055.24,1672.1,0.0,False,2017-01-28,60,60,2022-01-02,2022-01-02,0,False,100.0,36.1,603.86,14.9,12,12,None,Completed,6.7,Low
PRJ00834,Odisha Civil Aviation Infra Development Phase-79,Civil Aviation,Ministry of Civil Aviation,State Irrigation Dept,Reliance Infrastructure,Odisha,1438.1,3986.78,177.23,True,2018-11-10,60,70,2023-10-15,2024-08-10,10,True,84.3,28.7,1143.2,79.5,6,5,Delay in tendering/equipment supply,Delayed,100.0,High
PRJ00835,Odisha Renewable Energy Infra Development Phase-80,Renewable Energy,Ministry of New & Renewable Energy,PowerGrid,Ashoka Buildcon,Odisha,2671.55,2668.15,0.0,False,2019-02-05,72,72,2025-01-04,2025-01-04,0,False,92.9,39.8,1061.21,39.7,6,6,None,On Track,0.4,Low
PRJ00836,Odisha Irrigation Infra Development Phase-81,Irrigation,Ministry of Jal Shakti,Deendayal Port Trust,KNR Constructions,Odisha,2634.24,1724.82,0.0,False,2018-04-30,60,60,2023-04-04,2023-04-04,0,False,91.5,32.7,564.74,21.4,6,5,None,On Track,6.7,Low
PRJ00837,Odisha Water Supply & Sanitation Infra Development Phase-82,Water Supply & Sanitation,Ministry of Jal Shakti,IRCTC,Larsen & Toubro Infra,Odisha,92.15,1215.91,1219.49,True,2018-04-10,48,92,2022-03-20,2025-10-30,44,True,86.8,98.0,1191.33,100.0,10,9,Monsoon/weather delays; Change in project scope,Delayed,100.0,High
PRJ00838,Odisha Healthcare Infrastructure Infra Development Phase-83,Healthcare Infrastructure,Ministry of Health & Family Welfare,GAIL,Shapoorji Pallonji Infra,Odisha,966.75,980.88,1.46,False,2021-08-11,48,48,2025-07-21,2025-07-21,0,False,100.0,100.0,1820.14,100.0,4,4,None,Completed,6.4,Low
PRJ00839,Odisha Petroleum & Natural Gas Infra Development Phase-84,Petroleum & Natural Gas,Ministry of Petroleum & Natural Gas,IRCON,Afcons Infrastructure,Odisha,1586.18,1474.62,0.0,False,2018-06-08,96,117,2026-04-27,2028-01-17,21,True,65.4,100.0,1479.61,93.3,12,8,Contractual issues,Delayed,21.2,Low
PRJ00840,Odisha Fertilizers Infra Development Phase-85,Fertilizers,Ministry of Chemicals & Fertilizers,HUDCO,Shapoorji Pallonji Infra,Odisha,1126.58,1821.17,61.65,True,2017-06-10,60,88,2022-05-15,2024-09-01,28,True,94.0,16.6,301.54,26.8,12,11,Forest/environment clearance delay,Delayed,63.7,High
PRJ00841,Odisha Power Infra Development Phase-86,Power,Ministry of Power,NBCC,Larsen & Toubro Infra,Odisha,917.35,5037.26,449.11,True,2019-01-08,72,88,2024-12-07,2026-04-01,16,True,91.0,21.5,1082.46,100.0,12,11,Land acquisition delay; COVID-19 related disruption,Delayed,100.0,High
PRJ00842,Odisha Rural Infrastructure Infra Development Phase-87,Rural Infrastructure,Ministry of Rural Development,RITES,Sadbhav Engineering,Odisha,2734.12,2192.94,0.0,False,2017-12-18,72,72,2023-11-17,2023-11-17,0,False,100.0,61.5,1348.28,49.3,6,6,None,Completed,4.0,Low
PRJ00843,Odisha Urban Development Infra Development Phase-88,Urban Development,Ministry of Housing & Urban Affairs,Deendayal Port Trust,Larsen & Toubro Infra,Odisha,1098.36,1312.89,19.53,True,2022-04-15,84,133,2029-03-09,2033-03-18,49,True,33.3,41.2,541.43,49.3,10,3,Shortage of skilled manpower,Delayed,64.2,High
PRJ00844,Odisha Water Supply & Sanitation Infra Development Phase-89,Water Supply & Sanitation,Ministry of Jal Shakti,Deendayal Port Trust,KNR Constructions,Odisha,1800.59,325.02,0.0,False,2018-08-08,60,60,2023-07-13,2023-07-13,0,False,100.0,100.0,1452.02,80.6,12,12,None,Completed,0.0,Low
PRJ00845,Odisha Power Infra Development Phase-90,Power,Ministry of Power,Deendayal Port Trust,Larsen & Toubro Infra,Odisha,2600.31,1192.95,0.0,False,2022-09-24,48,48,2026-09-03,2026-09-03,0,False,82.8,42.1,502.31,19.3,8,7,None,On Track,0.0,Low
PRJ00846,Odisha Power Infra Development Phase-91,Power,Ministry of Power,IFFCO,Afcons Infrastructure,Odisha,3185.93,1475.9,0.0,False,2020-11-04,96,126,2028-09-23,2031-03-12,30,True,37.1,46.8,690.1,21.7,10,4,Shortage of skilled manpower,Delayed,32.7,Medium
PRJ00847,Odisha Water Resources Infra Development Phase-92,Water Resources,Ministry of Jal Shakti,SAIL,GR Infraprojects,Odisha,714.33,2320.28,224.82,True,2018-06-26,24,48,2020-06-15,2022-06-05,24,True,79.0,22.2,515.16,72.1,4,3,Geological surprises,Delayed,100.0,High
PRJ00848,Odisha Telecommunications Infra Development Phase-93,Telecommunications,Ministry of Communications,HUDCO,Shapoorji Pallonji Infra,Odisha,758.58,1510.6,99.14,True,2021-09-16,84,107,2028-08-10,2030-07-01,23,True,44.8,30.5,461.28,60.8,6,3,Law and order problems,Delayed,91.7,High
PRJ00849,Odisha Housing Infra Development Phase-94,Housing,Ministry of Housing & Urban Affairs,Deendayal Port Trust,Patel Engineering,Odisha,1684.51,5168.9,206.85,True,2017-06-09,60,69,2022-05-14,2023-02-08,9,True,72.5,19.7,1015.71,60.3,12,9,Funding constraints,Delayed,100.0,High
PRJ00850,Odisha Housing Infra Development Phase-95,Housing,Ministry of Housing & Urban Affairs,IFFCO,GMR Infrastructure,Odisha,322.46,1743.89,440.81,True,2018-06-18,24,40,2020-06-07,2021-09-30,16,True,84.4,18.4,321.61,99.7,12,10,Poor contractor mobilization,Delayed,100.0,High
PRJ00851,Odisha Telecommunications Infra Development Phase-96,Telecommunications,Ministry of Communications,State PWD,Shapoorji Pallonji Infra,Odisha,784.41,3530.23,350.05,True,2021-02-26,72,111,2027-01-26,2030-04-10,39,True,46.7,20.2,713.94,91.0,4,2,Shortage of skilled manpower; Price escalation of raw materials,Delayed,100.0,High
PRJ00852,Odisha Housing Infra Development Phase-97,Housing,Ministry of Housing & Urban Affairs,SAIL,IRB Infrastructure,Odisha,2903.62,630.11,0.0,False,2020-12-06,72,105,2026-11-05,2029-07-22,33,True,58.5,100.0,1016.01,35.0,12,7,Poor contractor mobilization,Delayed,32.3,Medium
PRJ00853,Odisha Civil Aviation Infra Development Phase-98,Civil Aviation,Ministry of Civil Aviation,NBCC,Larsen & Toubro Infra,Odisha,2123.8,1947.28,0.0,False,2022-05-09,60,60,2027-04-13,2027-04-13,0,False,71.9,26.7,519.88,24.5,6,4,None,On Track,8.0,Low
PRJ00854,Odisha Ports & Shipping Infra Development Phase-99,Ports & Shipping,"Ministry of Ports, Shipping & Waterways",RITES,J Kumar Infraprojects,Odisha,1369.51,1201.32,0.0,False,2021-08-01,36,36,2024-07-16,2024-07-16,0,False,86.3,100.0,1592.2,100.0,8,7,None,On Track,3.6,Low
PRJ00855,Odisha Renewable Energy Infra Development Phase-100,Renewable Energy,Ministry of New & Renewable Energy,NHAI,Dilip Buildcon Ltd,Odisha,1944.12,3585.48,84.43,True,2017-01-30,48,85,2021-01-09,2024-01-24,37,True,83.9,20.9,749.17,38.5,12,10,Land acquisition delay,Delayed,96.4,High
PRJ00856,Odisha Water Resources Infra Development Phase-101,Water Resources,Ministry of Jal Shakti,NMDC,Larsen & Toubro Infra,Odisha,2208.09,1574.21,0.0,False,2019-04-22,48,48,2023-04-01,2023-04-01,0,False,100.0,100.0,1980.7,89.7,8,8,None,Completed,0.0,Low
PRJ00857,Odisha Water Supply & Sanitation Infra Development Phase-102,Water Supply & Sanitation,Ministry of Jal Shakti,AAI,Larsen & Toubro Infra,Odisha,548.01,4049.55,638.96,True,2018-03-13,72,90,2024-02-10,2025-08-03,18,True,83.8,7.3,295.76,54.0,6,5,Delay in tendering/equipment supply; Contractual issues,Delayed,100.0,High
PRJ00858,Odisha Postal Infrastructure Infra Development Phase-103,Postal Infrastructure,Ministry of Communications,State PWD,Shapoorji Pallonji Infra,Odisha,1085.83,2907.3,167.75,True,2021-02-06,48,70,2025-01-16,2026-11-07,22,True,66.4,35.7,1039.15,95.7,12,8,Price escalation of raw materials; Monsoon/weather delays,Delayed,100.0,High
PRJ00859,Odisha Renewable Energy Infra Development Phase-104,Renewable Energy,Ministry of New & Renewable Energy,State PWD,HCC (Hindustan Construction),Odisha,3124.57,1445.91,0.0,False,2022-05-31,36,36,2025-05-15,2025-05-15,0,False,93.8,63.8,921.94,29.5,6,6,None,On Track,0.2,Low
PRJ00860,Odisha Irrigation Infra Development Phase-105,Irrigation,Ministry of Jal Shakti,NHPC,Dilip Buildcon Ltd,Odisha,1702.21,968.27,0.0,False,2022-06-05,84,84,2029-04-29,2029-04-29,0,False,53.8,66.5,644.14,37.8,8,4,None,On Track,11.2,Low
PRJ00861,Odisha Steel Infra Development Phase-106,Steel,Ministry of Steel,IWAI,Sadbhav Engineering,Odisha,1762.1,1249.95,0.0,False,2020-11-11,48,48,2024-10-21,2024-10-21,0,False,99.5,66.8,834.91,47.4,10,10,None,Completed,0.6,Low
PRJ00862,Odisha Civil Aviation Infra Development Phase-107,Civil Aviation,Ministry of Civil Aviation,IFFCO,Tata Projects,Odisha,1440.38,1673.34,16.17,True,2018-05-03,48,54,2022-04-12,2022-10-09,6,True,85.6,67.4,1128.66,78.4,6,5,Law and order problems; Forest/environment clearance delay,Delayed,20.4,Low
PRJ00863,Odisha Renewable Energy Infra Development Phase-108,Renewable Energy,Ministry of New & Renewable Energy,HUDCO,KNR Constructions,Odisha,395.81,2896.6,631.82,True,2021-06-29,72,113,2027-05-29,2030-10-10,41,True,44.0,43.2,1251.28,100.0,8,4,Law and order problems,Delayed,100.0,High
PRJ00864,Jharkhand Water Resources Infra Development Phase-1,Water Resources,Ministry of Jal Shakti,NMDC,KNR Constructions,Jharkhand,2453.21,2642.98,7.74,True,2017-01-22,84,128,2023-12-17,2027-07-29,44,True,77.2,26.8,707.38,28.8,4,3,Monsoon/weather delays,Delayed,41.3,Medium
PRJ00865,Jharkhand Education Infrastructure Infra Development Phase-2,Education Infrastructure,Ministry of Education,State PWD,GMR Infrastructure,Jharkhand,395.01,2093.3,429.94,True,2017-12-28,84,133,2024-11-21,2028-11-30,49,True,68.5,41.8,874.2,100.0,4,3,Shortage of skilled manpower; Law and order problems,Delayed,100.0,High
PRJ00866,Jharkhand Ports & Shipping Infra Development Phase-3,Ports & Shipping,"Ministry of Ports, Shipping & Waterways",Deendayal Port Trust,IRB Infrastructure,Jharkhand,2651.29,2321.39,0.0,False,2017-06-04,96,119,2025-04-23,2027-03-14,23,True,64.2,58.5,1358.84,51.3,10,6,Rehabilitation & resettlement issues; Court cases/litigation,Delayed,26.4,Medium
PRJ00867,Jharkhand Education Infrastructure Infra Development Phase-4,Education Infrastructure,Ministry of Education,IRCON,Shapoorji Pallonji Infra,Jharkhand,1404.15,1142.9,0.0,False,2018-12-19,48,48,2022-11-28,2022-11-28,0,False,85.6,65.3,746.22,53.1,10,9,None,On Track,3.6,Low
PRJ00868,Jharkhand Urban Development Infra Development Phase-5,Urban Development,Ministry of Housing & Urban Affairs,NHAI,Gammon India,Jharkhand,1316.29,2139.75,62.56,True,2019-04-07,48,61,2023-03-17,2024-04-10,13,True,91.5,22.4,478.34,36.3,12,11,Geological surprises; Land acquisition delay,Delayed,57.7,High
PRJ00869,Jharkhand Education Infrastructure Infra Development Phase-6,Education Infrastructure,Ministry of Education,HUDCO,Larsen & Toubro Infra,Jharkhand,2759.01,2616.84,0.0,False,2022-10-14,72,72,2028-09-12,2028-09-12,0,False,63.5,18.4,480.54,17.4,6,4,None,On Track,10.8,Low
PRJ00870,Jharkhand Education Infrastructure Infra Development Phase-7,Education Infrastructure,Ministry of Education,GAIL,PNC Infratech,Jharkhand,1368.39,1700.17,24.25,True,2017-05-28,36,60,2020-05-12,2022-05-02,24,True,75.1,72.5,1231.95,90.0,8,6,Land acquisition delay,Delayed,43.5,Medium
PRJ00871,Jharkhand Power Infra Development Phase-8,Power,Ministry of Power,RVNL,Larsen & Toubro Infra,Jharkhand,659.95,1246.14,88.82,True,2020-02-05,60,69,2025-01-09,2025-10-06,9,True,86.1,69.5,865.56,100.0,10,9,Price escalation of raw materials; Geological surprises,Delayed,66.3,High
PRJ00872,Jharkhand Healthcare Infrastructure Infra Development Phase-9,Healthcare Infrastructure,Ministry of Health & Family Welfare,ONGC,Gammon India,Jharkhand,2144.35,804.67,0.0,False,2022-10-22,48,48,2026-10-01,2026-10-01,0,False,93.1,77.1,620.48,28.9,4,4,None,On Track,3.1,Low
PRJ00873,Jharkhand Ports & Shipping Infra Development Phase-10,Ports & Shipping,"Ministry of Ports, Shipping & Waterways",RVNL,Afcons Infrastructure,Jharkhand,1083.92,2920.63,169.45,True,2020-03-11,36,65,2023-02-24,2025-07-13,29,True,87.2,15.5,451.4,41.6,12,10,Court cases/litigation; Poor contractor mobilization,Delayed,100.0,High
PRJ00874,Jharkhand Coal Infra Development Phase-11,Coal,Ministry of Coal,Coal India Ltd,J Kumar Infraprojects,Jharkhand,1122.73,2186.63,94.76,True,2019-03-08,72,98,2025-02-04,2027-03-26,26,True,64.0,28.0,613.19,54.6,10,6,Land acquisition delay; Contractual issues,Delayed,91.0,High
PRJ00875,Jharkhand Power Infra Development Phase-12,Power,Ministry of Power,State PWD,Larsen & Toubro Infra,Jharkhand,3851.09,6152.15,59.75,True,2022-09-05,24,58,2024-08-25,2027-06-11,34,True,68.5,13.4,821.91,21.3,4,3,Rehabilitation & resettlement issues,Delayed,76.1,High
PRJ00876,Jharkhand Mining Infra Development Phase-13,Mining,Ministry of Mines,NTPC,Larsen & Toubro Infra,Jharkhand,1866.88,3222.76,72.63,True,2022-10-04,60,107,2027-09-08,2031-07-19,47,True,32.1,54.9,1768.36,94.7,8,3,COVID-19 related disruption; Geological surprises,Delayed,97.6,High
PRJ00877,Jharkhand Healthcare Infrastructure Infra Development Phase-14,Healthcare Infrastructure,Ministry of Health & Family Welfare,BSNL,Larsen & Toubro Infra,Jharkhand,1351.85,603.4,0.0,False,2019-09-24,72,79,2025-08-23,2026-03-21,7,True,86.8,100.0,1480.86,100.0,8,7,COVID-19 related disruption; Monsoon/weather delays,Delayed,3.1,Low
PRJ00878,Jharkhand Healthcare Infrastructure Infra Development Phase-15,Healthcare Infrastructure,Ministry of Health & Family Welfare,NHAI,Larsen & Toubro Infra,Jharkhand,3210.63,626.88,0.0,False,2022-05-29,48,48,2026-05-08,2026-05-08,0,False,100.0,100.0,1910.63,59.5,4,4,None,Completed,3.2,Low
PRJ00879,Jharkhand Coal Infra Development Phase-16,Coal,Ministry of Coal,RVNL,Larsen & Toubro Infra,Jharkhand,525.57,2658.88,405.9,True,2021-04-17,36,87,2024-04-01,2028-06-09,51,True,59.4,20.7,549.77,100.0,6,4,Utility shifting delay,Delayed,100.0,High
PRJ00880,Jharkhand Water Supply & Sanitation Infra Development Phase-17,Water Supply & Sanitation,Ministry of Jal Shakti,AAI,Shapoorji Pallonji Infra,Jharkhand,1295.96,2678.28,106.66,True,2022-10-17,60,75,2027-09-21,2028-12-14,15,True,49.0,6.8,180.96,14.0,12,6,Delay in tendering/equipment supply,Delayed,98.0,High
PRJ00881,Jharkhand Petroleum & Natural Gas Infra Development Phase-18,Petroleum & Natural Gas,Ministry of Petroleum & Natural Gas,RITES,GR Infraprojects,Jharkhand,974.77,1617.07,65.89,True,2018-01-16,96,108,2025-12-05,2026-11-30,12,True,65.5,41.2,665.94,68.3,10,7,Funding constraints; Delay in tendering/equipment supply,Delayed,63.3,High
PRJ00882,Jharkhand Power Infra Development Phase-19,Power,Ministry of Power,BSNL,IRB Infrastructure,Jharkhand,825.71,2884.79,249.37,True,2020-07-09,84,126,2027-06-03,2030-11-14,42,True,46.8,37.0,1067.93,100.0,8,4,Delay in tendering/equipment supply,Delayed,100.0,High
PRJ00883,Jharkhand Power Infra Development Phase-20,Power,Ministry of Power,IFFCO,Shapoorji Pallonji Infra,Jharkhand,1675.47,2177.19,29.95,True,2019-02-18,60,107,2024-01-23,2027-12-03,47,True,63.8,41.9,912.5,54.5,10,6,Shortage of skilled manpower,Delayed,62.5,High
PRJ00884,Jharkhand Petroleum & Natural Gas Infra Development Phase-21,Petroleum & Natural Gas,Ministry of Petroleum & Natural Gas,NBCC,Larsen & Toubro Infra,Jharkhand,973.96,1873.22,92.33,True,2019-04-27,60,91,2024-03-31,2026-10-17,31,True,71.0,100.0,2573.96,100.0,6,4,Shortage of skilled manpower,Delayed,91.4,High
PRJ00885,Jharkhand Education Infrastructure Infra Development Phase-22,Education Infrastructure,Ministry of Education,AAI,Afcons Infrastructure,Jharkhand,1580.16,3168.24,100.5,True,2018-10-01,84,107,2025-08-25,2027-07-16,23,True,73.0,38.0,1202.92,76.1,4,3,Funding constraints,Delayed,95.4,High
PRJ00886,Jharkhand Rural Infrastructure Infra Development Phase-23,Rural Infrastructure,Ministry of Rural Development,IFFCO,Tata Projects,Jharkhand,1208.17,249.05,0.0,False,2022-07-11,72,72,2028-06-09,2028-06-09,0,False,53.6,100.0,513.84,42.5,12,6,None,On Track,5.6,Low
PRJ00887,Jharkhand Roads & Highways Infra Development Phase-24,Roads & Highways,Ministry of Road Transport & Highways,NHPC,Larsen & Toubro Infra,Jharkhand,1201.16,4031.11,235.6,True,2017-06-23,84,99,2024-05-17,2025-08-10,15,True,87.8,37.0,1490.67,100.0,10,9,Utility shifting delay; Shortage of skilled manpower,Delayed,100.0,High
PRJ00888,Jharkhand Healthcare Infrastructure Infra Development Phase-25,Healthcare Infrastructure,Ministry of Health & Family Welfare,NBCC,KNR Constructions,Jharkhand,781.55,4936.29,531.6,True,2022-07-04,24,50,2024-06-23,2026-08-12,26,True,70.5,4.7,232.03,29.7,6,4,Price escalation of raw materials; Change in project scope,Delayed,100.0,High
PRJ00889,Jharkhand Healthcare Infrastructure Infra Development Phase-26,Healthcare Infrastructure,Ministry of Health & Family Welfare,PowerGrid,Shapoorji Pallonji Infra,Jharkhand,3967.08,651.94,0.0,False,2017-08-10,48,74,2021-07-20,2023-09-08,26,True,92.9,88.1,574.46,14.5,12,11,Monsoon/weather delays; Delay in tendering/equipment supply,Delayed,24.7,Low
PRJ00890,Jharkhand Railways Infra Development Phase-27,Railways,Ministry of Railways,HUDCO,Shapoorji Pallonji Infra,Jharkhand,611.29,2666.86,336.27,True,2020-11-23,48,96,2024-11-02,2028-10-12,48,True,61.8,23.0,612.3,100.0,10,6,COVID-19 related disruption,Delayed,100.0,High
PRJ00891,Jharkhand Inland Waterways Infra Development Phase-28,Inland Waterways,"Ministry of Ports, Shipping & Waterways",ABC Infrastructure Ltd.,KNR Constructions,Jharkhand,974.17,835.23,0.0,False,2022-10-24,72,72,2028-09-22,2028-09-22,0,False,49.8,100.0,1549.38,100.0,10,5,None,On Track,5.0,Low
PRJ00892,Jharkhand Mining Infra Development Phase-29,Mining,Ministry of Mines,ABC Infrastructure Ltd.,Afcons Infrastructure,Jharkhand,2209.59,1103.62,0.0,False,2017-02-04,48,48,2021-01-14,2021-01-14,0,False,100.0,86.2,951.1,43.0,4,4,None,Completed,2.9,Low
PRJ00893,Jharkhand Rural Infrastructure Infra Development Phase-30,Rural Infrastructure,Ministry of Rural Development,ONGC,GR Infraprojects,Jharkhand,1125.92,1121.25,0.0,False,2021-04-04,48,48,2025-03-14,2025-03-14,0,False,90.7,40.7,455.98,40.5,12,11,None,On Track,3.0,Low
PRJ00894,Jharkhand Inland Waterways Infra Development Phase-31,Inland Waterways,"Ministry of Ports, Shipping & Waterways",IRCTC,Shapoorji Pallonji Infra,Jharkhand,1533.32,2182.87,42.36,True,2021-01-21,96,126,2028-12-10,2031-05-29,30,True,39.6,15.5,338.64,22.1,12,5,Law and order problems; Delay in tendering/equipment supply,Delayed,65.3,High
PRJ00895,Jharkhand Coal Infra Development Phase-32,Coal,Ministry of Coal,Coal India Ltd,Dilip Buildcon Ltd,Jharkhand,2187.06,2035.32,0.0,False,2020-01-09,84,84,2026-12-03,2026-12-03,0,False,84.1,51.1,1040.83,47.6,10,8,None,On Track,9.1,Low
PRJ00896,Jharkhand Education Infrastructure Infra Development Phase-33,Education Infrastructure,Ministry of Education,IRCTC,PNC Infratech,Jharkhand,1272.75,1477.71,16.1,True,2021-02-07,24,59,2023-01-28,2025-12-13,35,True,90.7,100.0,2530.71,100.0,6,5,Poor contractor mobilization; Change in project scope,Delayed,38.7,Medium
PRJ00897,Jharkhand Water Supply & Sanitation Infra Development Phase-34,Water Supply & Sanitation,Ministry of Jal Shakti,ABC Infrastructure Ltd.,Tata Projects,Jharkhand,63.66,416.59,554.4,True,2021-03-05,48,81,2025-02-12,2027-10-30,33,True,67.2,100.0,696.93,100.0,8,5,Delay in tendering/equipment supply; Shortage of skilled manpower,Delayed,100.0,High
PRJ00898,Jharkhand Power Infra Development Phase-35,Power,Ministry of Power,IWAI,Gammon India,Jharkhand,1364.52,1271.07,0.0,False,2018-06-22,60,111,2023-05-27,2027-08-04,51,True,65.3,16.5,210.17,15.4,12,8,Change in project scope,Delayed,44.6,Medium
PRJ00899,Jharkhand Coal Infra Development Phase-36,Coal,Ministry of Coal,Coal India Ltd,Larsen & Toubro Infra,Jharkhand,1854.92,4030.07,117.26,True,2021-11-06,48,86,2025-10-16,2028-11-29,38,True,53.0,30.9,1245.5,67.1,10,5,Contractual issues,Delayed,100.0,High
PRJ00900,Jharkhand Civil Aviation Infra Development Phase-37,Civil Aviation,Ministry of Civil Aviation,BSNL,Tata Projects,Jharkhand,1702.08,2663.26,56.47,True,2017-02-09,72,121,2023-01-09,2027-01-18,49,True,67.8,38.4,1023.69,60.1,6,4,Monsoon/weather delays; Funding constraints,Delayed,85.2,High
PRJ00901,Jharkhand Fertilizers Infra Development Phase-38,Fertilizers,Ministry of Chemicals & Fertilizers,HUDCO,GR Infraprojects,Jharkhand,801.94,894.48,11.54,True,2022-12-28,36,78,2025-12-12,2029-05-25,42,True,43.4,61.8,552.5,68.9,8,3,Rehabilitation & resettlement issues; Contractual issues,Delayed,51.5,High
PRJ00902,Jharkhand Postal Infrastructure Infra Development Phase-39,Postal Infrastructure,Ministry of Communications,IWAI,Larsen & Toubro Infra,Jharkhand,2996.8,1909.2,0.0,False,2017-07-15,60,84,2022-06-19,2024-06-08,24,True,81.9,16.4,313.17,10.5,10,8,Law and order problems,Delayed,27.0,Medium
PRJ00903,Jharkhand Railways Infra Development Phase-40,Railways,Ministry of Railways,ONGC,Larsen & Toubro Infra,Jharkhand,390.73,1508.25,286.01,True,2019-11-08,48,60,2023-10-18,2024-10-12,12,True,73.3,34.8,524.15,100.0,10,7,COVID-19 related disruption,Delayed,100.0,High
PRJ00904,Jharkhand Mining Infra Development Phase-41,Mining,Ministry of Mines,NBCC,KNR Constructions,Jharkhand,1115.86,4219.58,278.15,True,2021-01-18,36,43,2024-01-03,2024-07-31,7,True,72.9,18.2,768.24,68.8,8,6,Court cases/litigation; Land acquisition delay,Delayed,100.0,High
PRJ00905,Jharkhand Water Supply & Sanitation Infra Development Phase-42,Water Supply & Sanitation,Ministry of Jal Shakti,NTPC,Shapoorji Pallonji Infra,Jharkhand,1990.81,1508.93,0.0,False,2020-12-09,84,84,2027-11-03,2027-11-03,0,False,74.5,43.8,660.88,33.2,12,9,None,On Track,9.8,Low
PRJ00906,Jharkhand Renewable Energy Infra Development Phase-43,Renewable Energy,Ministry of New & Renewable Energy,IWAI,HCC (Hindustan Construction),Jharkhand,618.32,705.98,14.18,True,2018-12-16,60,100,2023-11-20,2027-03-04,40,True,72.5,47.8,337.7,54.6,8,6,Utility shifting delay; Monsoon/weather delays,Delayed,47.4,Medium
PRJ00907,Jharkhand Telecommunications Infra Development Phase-44,Telecommunications,Ministry of Communications,BSNL,Afcons Infrastructure,Jharkhand,306.28,1472.85,380.88,True,2022-01-05,48,68,2025-12-15,2027-08-07,20,True,67.7,20.5,301.9,98.6,4,3,Rehabilitation & resettlement issues; Shortage of skilled manpower,Delayed,100.0,High
PRJ00908,Jharkhand Fertilizers Infra Development Phase-45,Fertilizers,Ministry of Chemicals & Fertilizers,PowerGrid,Reliance Infrastructure,Jharkhand,4749.39,4235.03,0.0,False,2018-11-18,24,24,2020-11-07,2020-11-07,0,False,85.5,10.9,462.73,9.7,8,7,None,On Track,9.1,Low
PRJ00909,Jharkhand Water Supply & Sanitation Infra Development Phase-46,Water Supply & Sanitation,Ministry of Jal Shakti,NMDC,Larsen & Toubro Infra,Jharkhand,2156.76,3317.45,53.82,True,2021-07-16,72,89,2027-06-15,2028-11-06,17,True,45.5,33.7,1117.17,51.8,4,2,Law and order problems,Delayed,64.5,High
PRJ00910,Jharkhand Mining Infra Development Phase-47,Mining,Ministry of Mines,Coal India Ltd,Tata Projects,Jharkhand,1676.73,1830.41,9.17,True,2020-07-08,36,68,2023-06-23,2026-02-07,32,True,93.1,34.1,623.68,37.2,8,7,Delay in tendering/equipment supply; Rehabilitation & resettlement issues,Delayed,35.5,Medium
PRJ00911,Jharkhand Fertilizers Infra Development Phase-48,Fertilizers,Ministry of Chemicals & Fertilizers,SAIL,Afcons Infrastructure,Jharkhand,835.65,847.51,1.42,False,2020-01-17,36,36,2023-01-01,2023-01-01,0,False,100.0,100.0,1336.88,100.0,10,10,None,Completed,0.0,Low
PRJ00912,Jharkhand Irrigation Infra Development Phase-49,Irrigation,Ministry of Jal Shakti,IWAI,Ashoka Buildcon,Jharkhand,1307.18,2613.46,99.93,True,2022-11-04,72,87,2028-10-03,2029-12-27,15,True,37.9,21.5,561.33,42.9,10,4,Law and order problems; Funding constraints,Delayed,92.1,High
PRJ00913,Jharkhand Roads & Highways Infra Development Phase-50,Roads & Highways,Ministry of Road Transport & Highways,PowerGrid,PNC Infratech,Jharkhand,863.84,769.25,0.0,False,2019-08-20,84,124,2026-07-14,2029-10-26,40,True,51.8,100.0,1201.06,100.0,8,4,Geological surprises,Delayed,40.2,Medium
PRJ00914,Jharkhand Power Infra Development Phase-51,Power,Ministry of Power,SAIL,Larsen & Toubro Infra,Jharkhand,2350.22,2050.53,0.0,False,2018-02-26,36,36,2021-02-10,2021-02-10,0,False,100.0,57.1,1169.95,49.8,4,4,None,Completed,2.9,Low
PRJ00915,Jharkhand Ports & Shipping Infra Development Phase-52,Ports & Shipping,"Ministry of Ports, Shipping & Waterways",BSNL,GR Infraprojects,Jharkhand,2024.9,2473.95,22.18,True,2017-08-09,72,93,2023-07-09,2025-03-30,21,True,70.4,25.0,618.29,30.5,4,3,Funding constraints; Forest/environment clearance delay,Delayed,39.2,Medium
PRJ00916,Jharkhand Coal Infra Development Phase-53,Coal,Ministry of Coal,Deendayal Port Trust,Larsen & Toubro Infra,Jharkhand,1465.66,667.9,0.0,False,2018-09-29,72,72,2024-08-28,2024-08-28,0,False,87.2,100.0,1940.66,100.0,4,3,None,On Track,0.0,Low
PRJ00917,Jharkhand Fertilizers Infra Development Phase-54,Fertilizers,Ministry of Chemicals & Fertilizers,SAIL,Larsen & Toubro Infra,Jharkhand,1856.5,1502.86,0.0,False,2020-06-21,36,36,2023-06-06,2023-06-06,0,False,86.6,82.2,1235.63,66.6,6,5,None,On Track,5.3,Low
PRJ00918,Jharkhand Petroleum & Natural Gas Infra Development Phase-55,Petroleum & Natural Gas,Ministry of Petroleum & Natural Gas,RITES,Afcons Infrastructure,Jharkhand,1590.09,2168.48,36.37,True,2021-12-21,36,59,2024-12-05,2026-10-26,23,True,71.7,66.2,1435.82,90.3,6,4,Law and order problems,Delayed,47.5,Medium
PRJ00919,Jharkhand Roads & Highways Infra Development Phase-56,Roads & Highways,Ministry of Road Transport & Highways,IRCON,Larsen & Toubro Infra,Jharkhand,664.13,2373.22,257.34,True,2021-01-01,36,41,2023-12-17,2024-05-15,5,True,77.8,50.5,1197.66,100.0,8,6,COVID-19 related disruption; Poor contractor mobilization,Delayed,100.0,High
PRJ00920,Jharkhand Postal Infrastructure Infra Development Phase-57,Postal Infrastructure,Ministry of Communications,NBCC,Shapoorji Pallonji Infra,Jharkhand,385.75,2439.31,532.36,True,2021-12-28,24,28,2023-12-18,2024-04-16,4,True,82.0,25.3,616.95,100.0,6,5,COVID-19 related disruption,Delayed,100.0,High
PRJ00921,Jharkhand Fertilizers Infra Development Phase-58,Fertilizers,Ministry of Chemicals & Fertilizers,NMDC,Larsen & Toubro Infra,Jharkhand,2011.89,1070.57,0.0,False,2021-11-17,36,36,2024-11-01,2024-11-01,0,False,100.0,100.0,1809.96,90.0,12,12,None,Completed,0.8,Low
PRJ00922,Jharkhand Fertilizers Infra Development Phase-59,Fertilizers,Ministry of Chemicals & Fertilizers,NMDC,HCC (Hindustan Construction),Jharkhand,2339.91,1243.6,0.0,False,2022-12-27,36,36,2025-12-11,2025-12-11,0,False,100.0,100.0,1281.78,54.8,8,8,None,Completed,3.8,Low
PRJ00923,Jharkhand Irrigation Infra Development Phase-60,Irrigation,Ministry of Jal Shakti,BSNL,Larsen & Toubro Infra,Jharkhand,874.24,1278.86,46.28,True,2019-07-20,48,69,2023-06-29,2025-03-20,21,True,90.9,67.1,858.62,98.2,4,4,Rehabilitation & resettlement issues; Law and order problems,Delayed,42.4,Medium
PRJ00924,Jharkhand Water Supply & Sanitation Infra Development Phase-61,Water Supply & Sanitation,Ministry of Jal Shakti,NBCC,Larsen & Toubro Infra,Jharkhand,3444.12,173.38,0.0,False,2018-09-30,72,72,2024-08-29,2024-08-29,0,False,97.2,100.0,1400.83,40.7,8,8,None,On Track,5.8,Low
PRJ00925,Jharkhand Roads & Highways Infra Development Phase-62,Roads & Highways,Ministry of Road Transport & Highways,NHAI,Larsen & Toubro Infra,Jharkhand,1414.22,3619.97,155.97,True,2022-11-14,72,76,2028-10-13,2029-02-10,4,True,43.5,41.2,1491.36,100.0,6,3,Rehabilitation & resettlement issues; Shortage of skilled manpower,Delayed,100.0,High
PRJ00926,Jharkhand Postal Infrastructure Infra Development Phase-63,Postal Infrastructure,Ministry of Communications,NHAI,Shapoorji Pallonji Infra,Jharkhand,299.24,1535.12,413.01,True,2022-07-08,84,130,2029-06-01,2033-03-12,46,True,29.7,88.8,1363.02,100.0,10,3,Land acquisition delay; Price escalation of raw materials,Delayed,100.0,High
PRJ00927,Jharkhand Water Supply & Sanitation Infra Development Phase-64,Water Supply & Sanitation,Ministry of Jal Shakti,RITES,NCC Limited,Jharkhand,1890.0,3056.79,61.73,True,2019-08-06,36,45,2022-07-21,2023-04-17,9,True,90.8,23.5,719.32,38.1,4,4,Geological surprises; Monsoon/weather delays,Delayed,50.3,High
PRJ00928,Jharkhand Postal Infrastructure Infra Development Phase-65,Postal Infrastructure,Ministry of Communications,State PWD,Shapoorji Pallonji Infra,Jharkhand,4342.49,3142.92,0.0,False,2021-06-05,36,36,2024-05-20,2024-05-20,0,False,85.2,11.4,359.66,8.3,6,5,None,On Track,2.9,Low
PRJ00929,Jharkhand Power Infra Development Phase-66,Power,Ministry of Power,ABC Infrastructure Ltd.,GR Infraprojects,Jharkhand,1229.97,4881.95,296.92,True,2021-05-16,96,117,2029-04-04,2030-12-25,21,True,47.7,24.9,1214.03,98.7,10,5,Delay in tendering/equipment supply,Delayed,100.0,High
PRJ00930,Jharkhand Ports & Shipping Infra Development Phase-67,Ports & Shipping,"Ministry of Ports, Shipping & Waterways",State PWD,KNR Constructions,Jharkhand,1585.62,791.37,0.0,False,2019-09-09,84,84,2026-08-03,2026-08-03,0,False,88.7,100.0,872.71,55.0,12,11,None,On Track,2.4,Low
PRJ00931,Jharkhand Education Infrastructure Infra Development Phase-68,Education Infrastructure,Ministry of Education,ABC Infrastructure Ltd.,Megha Engineering (MEIL),Jharkhand,3447.07,2249.31,0.0,False,2020-01-19,60,60,2024-12-23,2024-12-23,0,False,100.0,16.1,362.19,10.5,8,8,None,Completed,2.4,Low
PRJ00932,Jharkhand Fertilizers Infra Development Phase-69,Fertilizers,Ministry of Chemicals & Fertilizers,NHPC,Afcons Infrastructure,Jharkhand,290.9,1578.1,442.49,True,2020-01-07,72,90,2025-12-06,2027-05-30,18,True,77.2,51.7,815.42,100.0,10,8,Funding constraints,Delayed,100.0,High
PRJ00933,Jharkhand Power Infra Development Phase-70,Power,Ministry of Power,PowerGrid,Larsen & Toubro Infra,Jharkhand,438.72,1727.19,293.69,True,2020-04-01,48,91,2024-03-11,2027-09-22,43,True,69.2,56.8,981.86,100.0,4,3,COVID-19 related disruption; Contractual issues,Delayed,100.0,High
PRJ00934,Jharkhand Education Infrastructure Infra Development Phase-71,Education Infrastructure,Ministry of Education,BSNL,Shapoorji Pallonji Infra,Jharkhand,1428.72,2486.07,74.01,True,2019-02-09,36,83,2022-01-24,2025-12-04,47,True,92.6,33.8,839.37,58.7,8,7,Contractual issues,Delayed,89.9,High
PRJ00935,Jharkhand Railways Infra Development Phase-72,Railways,Ministry of Railways,NHPC,Larsen & Toubro Infra,Jharkhand,898.75,1108.25,23.31,True,2017-04-01,60,72,2022-03-06,2023-03-01,12,True,77.0,92.6,1026.05,100.0,6,5,Rehabilitation & resettlement issues,Delayed,29.4,Medium
PRJ00936,Jharkhand Coal Infra Development Phase-73,Coal,Ministry of Coal,PowerGrid,Sadbhav Engineering,Jharkhand,1430.88,1422.89,0.0,False,2021-12-01,60,73,2026-11-05,2027-11-30,13,True,54.4,41.6,592.39,41.4,4,2,Funding constraints,Delayed,25.4,Medium
PRJ00937,Jharkhand Civil Aviation Infra Development Phase-74,Civil Aviation,Ministry of Civil Aviation,NHAI,Larsen & Toubro Infra,Jharkhand,742.79,282.6,0.0,False,2022-07-15,60,60,2027-06-19,2027-06-19,0,False,70.0,100.0,674.84,90.9,6,4,None,On Track,3.7,Low
PRJ00938,Jharkhand Mining Infra Development Phase-75,Mining,Ministry of Mines,State PWD,Tata Projects,Jharkhand,2875.38,1140.78,0.0,False,2020-06-30,60,60,2025-06-04,2025-06-04,0,False,98.9,96.3,1098.65,38.2,10,10,None,Completed,0.0,Low
PRJ00939,Jharkhand Irrigation Infra Development Phase-76,Irrigation,Ministry of Jal Shakti,State Irrigation Dept,Shapoorji Pallonji Infra,Jharkhand,1957.38,4237.38,116.48,True,2017-05-10,48,61,2021-04-19,2022-05-14,13,True,84.3,1.2,48.94,2.5,8,7,Contractual issues,Delayed,98.9,High
PRJ00940,Jharkhand Railways Infra Development Phase-77,Railways,Ministry of Railways,NBCC,PNC Infratech,Jharkhand,1820.27,2614.23,43.62,True,2021-05-27,60,92,2026-05-01,2028-12-16,32,True,49.6,12.8,335.75,18.4,4,2,Law and order problems; Change in project scope,Delayed,70.2,High
PRJ00941,Jharkhand Coal Infra Development Phase-78,Coal,Ministry of Coal,SAIL,GMR Infrastructure,Jharkhand,1234.81,2452.17,98.59,True,2017-02-21,48,84,2021-01-31,2024-01-16,36,True,72.8,60.8,1489.88,100.0,4,3,Price escalation of raw materials,Delayed,98.6,High
PRJ00942,Jharkhand Urban Development Infra Development Phase-79,Urban Development,Ministry of Housing & Urban Affairs,Coal India Ltd,Afcons Infrastructure,Jharkhand,1147.78,2716.34,136.66,True,2017-05-18,60,106,2022-04-22,2026-01-31,46,True,78.1,25.5,692.78,60.4,6,5,Change in project scope; Delay in tendering/equipment supply,Delayed,100.0,High
PRJ00943,Jharkhand Rural Infrastructure Infra Development Phase-80,Rural Infrastructure,Ministry of Rural Development,ONGC,Shapoorji Pallonji Infra,Jharkhand,574.33,1684.0,193.21,True,2022-04-21,36,72,2025-04-05,2028-03-20,36,True,54.8,71.5,1203.78,100.0,10,5,Utility shifting delay; Funding constraints,Delayed,100.0,High
PRJ00944,Jharkhand Fertilizers Infra Development Phase-81,Fertilizers,Ministry of Chemicals & Fertilizers,IRCON,Afcons Infrastructure,Jharkhand,2971.43,3159.05,6.31,True,2022-11-04,60,65,2027-10-09,2028-03-07,5,True,59.5,34.3,1082.4,36.4,4,2,Monsoon/weather delays; Utility shifting delay,Delayed,15.2,Low
PRJ00945,Jharkhand Steel Infra Development Phase-82,Steel,Ministry of Steel,ONGC,Larsen & Toubro Infra,Jharkhand,1775.83,1115.98,0.0,False,2021-01-16,48,48,2024-12-26,2024-12-26,0,False,100.0,77.4,863.57,48.6,4,4,None,Completed,0.0,Low
PRJ00946,Jharkhand Rural Infrastructure Infra Development Phase-83,Rural Infrastructure,Ministry of Rural Development,ONGC,Sadbhav Engineering,Jharkhand,1004.3,1522.55,51.6,True,2018-04-08,48,74,2022-03-18,2024-05-06,26,True,70.4,44.8,682.46,68.0,6,4,Utility shifting delay; Land acquisition delay,Delayed,66.8,High
PRJ00947,Jharkhand Power Infra Development Phase-84,Power,Ministry of Power,NBCC,Larsen & Toubro Infra,Jharkhand,2089.61,1502.86,0.0,False,2018-05-06,72,72,2024-04-04,2024-04-04,0,False,100.0,65.4,982.88,47.0,10,10,None,Completed,3.9,Low
PRJ00948,Jharkhand Petroleum & Natural Gas Infra Development Phase-85,Petroleum & Natural Gas,Ministry of Petroleum & Natural Gas,NHAI,Megha Engineering (MEIL),Jharkhand,2067.94,3277.55,58.49,True,2017-06-22,24,35,2019-06-12,2020-05-07,11,True,89.6,25.9,849.56,41.1,12,11,Contractual issues; Law and order problems,Delayed,49.8,Medium
PRJ00949,Jharkhand Ports & Shipping Infra Development Phase-86,Ports & Shipping,"Ministry of Ports, Shipping & Waterways",Coal India Ltd,Shapoorji Pallonji Infra,Jharkhand,1731.76,1055.49,0.0,False,2018-10-08,60,60,2023-09-12,2023-09-12,0,False,100.0,25.6,270.0,15.6,10,10,None,Completed,2.3,Low
PRJ00950,Jharkhand Ports & Shipping Infra Development Phase-87,Ports & Shipping,"Ministry of Ports, Shipping & Waterways",IFFCO,Shapoorji Pallonji Infra,Jharkhand,3322.46,1428.65,0.0,False,2020-10-18,48,98,2024-09-27,2028-11-05,50,True,55.2,14.4,206.41,6.2,4,2,Court cases/litigation,Delayed,52.3,High
PRJ00951,Jharkhand Fertilizers Infra Development Phase-88,Fertilizers,Ministry of Chemicals & Fertilizers,PowerGrid,Larsen & Toubro Infra,Jharkhand,2580.56,1210.67,0.0,False,2018-03-16,36,36,2021-02-28,2021-02-28,0,False,99.2,76.7,928.33,36.0,6,6,None,Completed,0.0,Low
PRJ00952,Jharkhand Housing Infra Development Phase-89,Housing,Ministry of Housing & Urban Affairs,Coal India Ltd,Dilip Buildcon Ltd,Jharkhand,1998.53,4130.67,106.69,True,2020-07-21,72,89,2026-06-20,2027-11-12,17,True,69.4,10.0,411.4,20.6,12,8,COVID-19 related disruption; Court cases/litigation,Delayed,91.8,High
PRJ00953,Jharkhand Renewable Energy Infra Development Phase-90,Renewable Energy,Ministry of New & Renewable Energy,NHAI,Shapoorji Pallonji Infra,Jharkhand,1122.65,3143.78,180.03,True,2021-03-28,48,83,2025-03-07,2028-01-21,35,True,67.0,43.3,1361.52,100.0,8,5,Delay in tendering/equipment supply,Delayed,100.0,High
PRJ00954,Jharkhand Railways Infra Development Phase-91,Railways,Ministry of Railways,BSNL,Shapoorji Pallonji Infra,Jharkhand,1066.62,2271.51,112.96,True,2021-11-28,36,70,2024-11-12,2027-08-29,34,True,61.0,9.3,210.77,19.8,12,7,Monsoon/weather delays; Change in project scope,Delayed,100.0,High
PRJ00955,Jharkhand Healthcare Infrastructure Infra Development Phase-92,Healthcare Infrastructure,Ministry of Health & Family Welfare,GAIL,Larsen & Toubro Infra,Jharkhand,2569.07,2701.4,5.15,True,2020-11-25,48,66,2024-11-04,2026-04-28,18,True,90.9,47.3,1276.52,49.7,8,7,Delay in tendering/equipment supply; Poor contractor mobilization,Delayed,23.9,Low
PRJ00956,Jharkhand Education Infrastructure Infra Development Phase-93,Education Infrastructure,Ministry of Education,NHPC,HCC (Hindustan Construction),Jharkhand,2811.56,876.42,0.0,False,2018-10-19,48,48,2022-09-28,2022-09-28,0,False,94.2,100.0,1186.7,42.2,4,4,None,On Track,0.0,Low
PRJ00957,Jharkhand Telecommunications Infra Development Phase-94,Telecommunications,Ministry of Communications,PowerGrid,Afcons Infrastructure,Jharkhand,4616.17,2427.83,0.0,False,2022-01-15,48,90,2025-12-25,2029-06-07,42,True,50.0,33.0,800.74,17.3,8,4,Court cases/litigation; Shortage of skilled manpower,Delayed,45.1,Medium
PRJ00958,Jharkhand Roads & Highways Infra Development Phase-95,Roads & Highways,Ministry of Road Transport & Highways,NMDC,KNR Constructions,Jharkhand,1382.8,2113.02,52.81,True,2022-09-04,60,77,2027-08-09,2028-12-31,17,True,40.2,6.6,139.11,10.1,10,4,Land acquisition delay,Delayed,65.2,High
PRJ00959,Jharkhand Education Infrastructure Infra Development Phase-96,Education Infrastructure,Ministry of Education,AAI,Afcons Infrastructure,Jharkhand,1401.85,1031.63,0.0,False,2019-09-06,84,84,2026-07-31,2026-07-31,0,False,87.9,62.4,644.24,46.0,8,7,None,On Track,7.8,Low
PRJ00960,Jharkhand Ports & Shipping Infra Development Phase-97,Ports & Shipping,"Ministry of Ports, Shipping & Waterways",IFFCO,Simplex Infrastructures,Jharkhand,539.05,534.61,0.0,False,2021-05-07,72,72,2027-04-06,2027-04-06,0,False,73.1,100.0,1129.36,100.0,6,4,None,On Track,6.9,Low
PRJ00961,Jharkhand Telecommunications Infra Development Phase-98,Telecommunications,Ministry of Communications,IFFCO,Shapoorji Pallonji Infra,Jharkhand,3310.72,1825.99,0.0,False,2022-07-31,72,72,2028-06-29,2028-06-29,0,False,65.2,5.2,95.86,2.9,12,8,None,On Track,6.4,Low
PRJ00962,Jharkhand Civil Aviation Infra Development Phase-99,Civil Aviation,Ministry of Civil Aviation,Deendayal Port Trust,Shapoorji Pallonji Infra,Jharkhand,1708.36,1726.94,1.09,False,2020-03-05,72,72,2026-02-02,2026-02-02,0,False,89.2,68.8,1187.6,69.5,8,7,None,On Track,3.9,Low
PRJ00963,Jharkhand Water Supply & Sanitation Infra Development Phase-100,Water Supply & Sanitation,Ministry of Jal Shakti,NMDC,Gammon India,Jharkhand,3430.26,471.78,0.0,False,2020-08-12,36,64,2023-07-28,2025-11-14,28,True,79.1,75.5,356.03,10.4,4,3,Funding constraints,Delayed,28.1,Medium
PRJ00964,Jharkhand Railways Infra Development Phase-101,Railways,Ministry of Railways,PowerGrid,Larsen & Toubro Infra,Jharkhand,485.85,2012.74,314.27,True,2019-01-02,84,117,2025-11-26,2028-08-12,33,True,60.3,11.9,240.23,49.4,4,2,Change in project scope,Delayed,100.0,High
PRJ00965,Jharkhand Housing Infra Development Phase-102,Housing,Ministry of Housing & Urban Affairs,ONGC,Tata Projects,Jharkhand,1228.47,2627.65,113.9,True,2018-02-09,24,51,2020-01-30,2022-04-19,27,True,71.2,44.9,1181.11,96.1,4,3,Monsoon/weather delays; Delay in tendering/equipment supply,Delayed,100.0,High
PRJ00966,Jharkhand Education Infrastructure Infra Development Phase-103,Education Infrastructure,Ministry of Education,ABC Infrastructure Ltd.,Larsen & Toubro Infra,Jharkhand,1176.12,3075.79,161.52,True,2019-11-15,24,50,2021-11-04,2023-12-24,26,True,76.9,21.2,651.02,55.4,4,3,Shortage of skilled manpower; Rehabilitation & resettlement issues,Delayed,100.0,High
PRJ00967,Gujarat Ports & Shipping Infra Development Phase-1,Ports & Shipping,"Ministry of Ports, Shipping & Waterways",NHAI,KNR Constructions,Gujarat,528.2,3257.95,516.8,True,2019-05-05,24,60,2021-04-24,2024-04-08,36,True,94.0,62.7,2041.63,100.0,10,9,COVID-19 related disruption,Delayed,100.0,High
PRJ00968,Gujarat Fertilizers Infra Development Phase-2,Fertilizers,Ministry of Chemicals & Fertilizers,IRCON,Larsen & Toubro Infra,Gujarat,1457.42,3586.05,146.05,True,2021-01-18,48,90,2024-12-28,2028-06-10,42,True,52.8,40.9,1467.21,100.0,12,6,Court cases/litigation; Price escalation of raw materials,Delayed,100.0,High
PRJ00969,Gujarat Railways Infra Development Phase-3,Railways,Ministry of Railways,Deendayal Port Trust,J Kumar Infraprojects,Gujarat,1652.15,741.67,0.0,False,2019-12-25,48,48,2023-12-04,2023-12-04,0,False,100.0,100.0,801.99,48.5,12,12,None,Completed,0.1,Low
PRJ00970,Gujarat Railways Infra Development Phase-4,Railways,Ministry of Railways,RVNL,Larsen & Toubro Infra,Gujarat,3346.72,221.85,0.0,False,2020-05-29,24,24,2022-05-19,2022-05-19,0,False,100.0,100.0,1696.9,50.7,4,4,None,Completed,3.5,Low
PRJ00971,Gujarat Renewable Energy Infra Development Phase-5,Renewable Energy,Ministry of New & Renewable Energy,HUDCO,Larsen & Toubro Infra,Gujarat,2886.57,1462.23,0.0,False,2018-02-02,48,48,2022-01-12,2022-01-12,0,False,97.4,64.0,936.17,32.4,4,4,None,On Track,2.2,Low
PRJ00972,Gujarat Petroleum & Natural Gas Infra Development Phase-6,Petroleum & Natural Gas,Ministry of Petroleum & Natural Gas,NHPC,HCC (Hindustan Construction),Gujarat,1901.13,1625.12,0.0,False,2021-04-28,48,48,2025-04-07,2025-04-07,0,False,95.8,47.7,775.2,40.8,6,6,None,On Track,0.0,Low
PRJ00973,Gujarat Renewable Energy Infra Development Phase-7,Renewable Energy,Ministry of New & Renewable Energy,HUDCO,Larsen & Toubro Infra,Gujarat,3852.11,1072.74,0.0,False,2019-10-16,48,66,2023-09-25,2025-03-18,18,True,73.7,85.8,920.36,23.9,12,9,Poor contractor mobilization,Delayed,20.1,Low
PRJ00974,Gujarat Inland Waterways Infra Development Phase-8,Inland Waterways,"Ministry of Ports, Shipping & Waterways",NMDC,NCC Limited,Gujarat,1802.1,2081.61,15.51,True,2021-01-06,84,92,2027-12-01,2028-07-28,8,True,55.3,25.5,530.2,29.4,10,6,Change in project scope; Funding constraints,Delayed,30.3,Medium
PRJ00975,Gujarat Power Infra Development Phase-9,Power,Ministry of Power,NHPC,Shapoorji Pallonji Infra,Gujarat,1579.43,2091.54,32.42,True,2021-07-03,36,55,2024-06-17,2026-01-08,19,True,93.4,43.1,900.67,57.0,12,11,Law and order problems; Delay in tendering/equipment supply,Delayed,43.2,Medium
PRJ00976,Gujarat Education Infrastructure Infra Development Phase-10,Education Infrastructure,Ministry of Education,State Irrigation Dept,Larsen & Toubro Infra,Gujarat,957.8,3013.12,214.59,True,2020-12-14,60,78,2025-11-18,2027-05-12,18,True,68.0,64.0,1929.25,100.0,8,5,Court cases/litigation; Geological surprises,Delayed,100.0,High
PRJ00977,Gujarat Fertilizers Infra Development Phase-11,Fertilizers,Ministry of Chemicals & Fertilizers,State PWD,Afcons Infrastructure,Gujarat,1060.68,1330.54,25.44,True,2020-08-17,36,40,2023-08-02,2023-11-30,4,True,90.6,100.0,1445.27,100.0,12,11,Geological surprises,Delayed,23.1,Low
PRJ00978,Gujarat Water Resources Infra Development Phase-12,Water Resources,Ministry of Jal Shakti,NHPC,GMR Infrastructure,Gujarat,1240.78,452.58,0.0,False,2019-11-07,96,109,2027-09-26,2028-10-20,13,True,65.6,100.0,1232.58,99.3,8,5,COVID-19 related disruption; Geological surprises,Delayed,17.7,Low
PRJ00979,Gujarat Roads & Highways Infra Development Phase-13,Roads & Highways,Ministry of Road Transport & Highways,IRCON,Tata Projects,Gujarat,1765.93,1876.21,6.24,True,2020-03-11,48,98,2024-02-19,2028-03-29,50,True,66.5,40.7,763.5,43.2,12,8,Contractual issues,Delayed,55.6,High
PRJ00980,Gujarat Steel Infra Development Phase-14,Steel,Ministry of Steel,NHAI,KNR Constructions,Gujarat,1408.8,673.87,0.0,False,2020-05-15,48,48,2024-04-24,2024-04-24,0,False,89.7,100.0,2316.7,100.0,6,5,None,On Track,9.4,Low
PRJ00981,Gujarat Renewable Energy Infra Development Phase-15,Renewable Energy,Ministry of New & Renewable Energy,IRCTC,Larsen & Toubro Infra,Gujarat,3589.92,3028.28,0.0,False,2017-03-30,60,60,2022-03-04,2022-03-04,0,False,88.0,55.8,1688.99,47.0,8,7,None,On Track,5.1,Low
PRJ00982,Gujarat Postal Infrastructure Infra Development Phase-16,Postal Infrastructure,Ministry of Communications,HUDCO,Larsen & Toubro Infra,Gujarat,1800.92,3686.66,104.71,True,2018-09-26,48,63,2022-09-05,2023-11-29,15,True,73.6,19.4,716.3,39.8,4,3,COVID-19 related disruption,Delayed,88.3,High
PRJ00983,Gujarat Irrigation Infra Development Phase-17,Irrigation,Ministry of Jal Shakti,PowerGrid,Larsen & Toubro Infra,Gujarat,1699.19,1924.29,13.25,True,2018-07-21,36,87,2021-07-05,2025-09-12,51,True,87.9,17.0,328.04,19.3,8,7,Shortage of skilled manpower; Change in project scope,Delayed,54.8,High
PRJ00984,Gujarat Coal Infra Development Phase-18,Coal,Ministry of Coal,RITES,Dilip Buildcon Ltd,Gujarat,2277.32,1246.92,0.0,False,2018-01-12,84,84,2024-12-06,2024-12-06,0,False,91.6,87.4,1089.22,47.8,12,11,None,On Track,9.5,Low
PRJ00985,Gujarat Water Resources Infra Development Phase-19,Water Resources,Ministry of Jal Shakti,IWAI,GMR Infrastructure,Gujarat,2517.69,1199.9,0.0,False,2019-06-10,48,48,2023-05-20,2023-05-20,0,False,97.9,100.0,1454.7,57.8,4,4,None,On Track,3.3,Low
PRJ00986,Gujarat Mining Infra Development Phase-20,Mining,Ministry of Mines,BSNL,Larsen & Toubro Infra,Gujarat,801.61,3348.56,317.73,True,2018-12-10,24,37,2020-11-29,2021-12-24,13,True,70.4,20.6,690.78,86.2,10,7,Rehabilitation & resettlement issues,Delayed,100.0,High
PRJ00987,Gujarat Railways Infra Development Phase-21,Railways,Ministry of Railways,IWAI,Shapoorji Pallonji Infra,Gujarat,1544.21,2829.05,83.2,True,2021-04-12,48,95,2025-03-22,2029-01-30,47,True,49.9,47.0,1331.04,86.2,4,2,Utility shifting delay,Delayed,100.0,High
PRJ00988,Gujarat Irrigation Infra Development Phase-22,Irrigation,Ministry of Jal Shakti,State PWD,Tata Projects,Gujarat,1205.49,3276.61,171.81,True,2021-09-03,60,86,2026-08-08,2028-09-26,26,True,47.8,25.6,838.37,69.5,4,2,Land acquisition delay,Delayed,100.0,High
PRJ00989,Gujarat Fertilizers Infra Development Phase-23,Fertilizers,Ministry of Chemicals & Fertilizers,NMDC,GR Infraprojects,Gujarat,1639.36,2304.02,40.54,True,2021-04-16,36,67,2024-03-31,2026-10-17,31,True,74.5,25.5,588.29,35.9,4,3,Forest/environment clearance delay; Law and order problems,Delayed,60.8,High
PRJ00990,Gujarat Postal Infrastructure Infra Development Phase-24,Postal Infrastructure,Ministry of Communications,IWAI,NCC Limited,Gujarat,1062.44,1482.43,39.53,True,2018-09-05,24,59,2020-08-25,2023-07-11,35,True,84.0,79.7,1181.66,100.0,8,7,Contractual issues,Delayed,54.7,High
PRJ00991,Gujarat Railways Infra Development Phase-25,Railways,Ministry of Railways,IFFCO,Shapoorji Pallonji Infra,Gujarat,3227.62,995.41,0.0,False,2021-05-29,24,24,2023-05-19,2023-05-19,0,False,100.0,65.4,650.88,20.2,10,10,None,Completed,5.7,Low
PRJ00992,Gujarat Education Infrastructure Infra Development Phase-26,Education Infrastructure,Ministry of Education,IWAI,NCC Limited,Gujarat,1484.85,4123.58,177.71,True,2022-08-30,48,77,2026-08-09,2028-12-26,29,True,42.8,36.1,1487.03,100.0,4,2,Poor contractor mobilization,Delayed,100.0,High
PRJ00993,Gujarat Steel Infra Development Phase-27,Steel,Ministry of Steel,SAIL,Larsen & Toubro Infra,Gujarat,2163.53,1751.08,0.0,False,2018-08-30,60,60,2023-08-04,2023-08-04,0,False,100.0,96.2,1685.19,77.9,6,6,None,Completed,0.0,Low
PRJ00994,Gujarat Mining Infra Development Phase-28,Mining,Ministry of Mines,RVNL,Shapoorji Pallonji Infra,Gujarat,1319.61,5255.14,298.23,True,2022-05-04,60,67,2027-04-08,2027-11-04,7,True,56.9,35.8,1881.46,100.0,12,7,Price escalation of raw materials,Delayed,100.0,High
PRJ00995,Gujarat Coal Infra Development Phase-29,Coal,Ministry of Coal,RVNL,Afcons Infrastructure,Gujarat,1076.57,2901.04,169.47,True,2021-06-21,24,35,2023-06-11,2024-05-06,11,True,72.2,22.8,660.71,61.4,12,9,Contractual issues; Price escalation of raw materials,Delayed,100.0,High
PRJ00996,Gujarat Civil Aviation Infra Development Phase-30,Civil Aviation,Ministry of Civil Aviation,BSNL,Larsen & Toubro Infra,Gujarat,1811.33,7611.16,320.2,True,2019-03-23,24,43,2021-03-12,2022-10-03,19,True,70.6,6.4,486.06,26.8,10,7,Geological surprises; Delay in tendering/equipment supply,Delayed,100.0,High
PRJ00997,Gujarat Education Infrastructure Infra Development Phase-31,Education Infrastructure,Ministry of Education,HUDCO,GMR Infrastructure,Gujarat,1798.36,1481.3,0.0,False,2019-10-06,48,48,2023-09-15,2023-09-15,0,False,99.5,82.1,1215.79,67.6,6,6,None,Completed,2.2,Low
PRJ00998,Gujarat Ports & Shipping Infra Development Phase-32,Ports & Shipping,"Ministry of Ports, Shipping & Waterways",NBCC,Dilip Buildcon Ltd,Gujarat,2300.98,5696.52,147.57,True,2021-10-28,24,47,2023-10-18,2025-09-07,23,True,94.0,34.1,1942.71,84.4,8,8,Change in project scope,Delayed,100.0,High
PRJ00999,Gujarat Rural Infrastructure Infra Development Phase-33,Rural Infrastructure,Ministry of Rural Development,State PWD,KNR Constructions,Gujarat,1853.31,5787.88,212.3,True,2021-10-01,48,98,2025-09-10,2029-10-19,50,True,50.9,27.0,1565.58,84.5,8,4,Geological surprises; Law and order problems,Delayed,100.0,High
PRJ01000,Gujarat Irrigation Infra Development Phase-34,Irrigation,Ministry of Jal Shakti,Deendayal Port Trust,Shapoorji Pallonji Infra,Gujarat,883.72,2411.9,172.93,True,2017-04-10,96,146,2025-02-27,2029-04-07,50,True,61.1,28.2,681.24,77.1,8,5,Court cases/litigation,Delayed,100.0,High
PRJ01001,Gujarat Education Infrastructure Infra Development Phase-35,Education Infrastructure,Ministry of Education,State Irrigation Dept,Larsen & Toubro Infra,Gujarat,602.89,1241.87,105.99,True,2018-08-21,24,69,2020-08-10,2024-04-21,45,True,78.0,58.1,721.85,100.0,10,8,Shortage of skilled manpower,Delayed,100.0,High
PRJ01002,Gujarat Renewable Energy Infra Development Phase-36,Renewable Energy,Ministry of New & Renewable Energy,IFFCO,Afcons Infrastructure,Gujarat,1117.28,1477.38,32.23,True,2021-03-12,48,72,2025-02-19,2027-02-09,24,True,68.9,57.2,844.94,75.6,6,4,Change in project scope,Delayed,47.0,Medium
PRJ01003,Gujarat Railways Infra Development Phase-37,Railways,Ministry of Railways,Coal India Ltd,GR Infraprojects,Gujarat,1245.46,1015.97,0.0,False,2018-08-28,24,24,2020-08-17,2020-08-17,0,False,100.0,100.0,1881.82,100.0,8,8,None,Completed,0.0,Low
PRJ01004,Gujarat Roads & Highways Infra Development Phase-38,Roads & Highways,Ministry of Road Transport & Highways,IRCTC,GR Infraprojects,Gujarat,370.47,1648.1,344.87,True,2018-04-01,24,57,2020-03-21,2022-12-06,33,True,78.1,77.5,1277.43,100.0,8,6,Monsoon/weather delays; Land acquisition delay,Delayed,100.0,High
PRJ01005,Gujarat Mining Infra Development Phase-39,Mining,Ministry of Mines,ONGC,Larsen & Toubro Infra,Gujarat,3411.15,1631.45,0.0,False,2019-05-18,48,48,2023-04-27,2023-04-27,0,False,93.3,75.2,1226.76,36.0,6,6,None,On Track,0.0,Low
PRJ01006,Gujarat Postal Infrastructure Infra Development Phase-40,Postal Infrastructure,Ministry of Communications,HUDCO,Shapoorji Pallonji Infra,Gujarat,1945.33,3654.27,87.85,True,2019-11-26,36,79,2022-11-10,2026-05-23,43,True,86.1,3.5,127.85,6.6,12,10,Contractual issues; Court cases/litigation,Delayed,100.0,High
PRJ01007,Gujarat Rural Infrastructure Infra Development Phase-41,Rural Infrastructure,Ministry of Rural Development,NHAI,Larsen & Toubro Infra,Gujarat,864.86,1660.35,91.98,True,2021-03-23,24,32,2023-03-13,2023-11-08,8,True,85.4,64.2,1065.2,100.0,12,10,Delay in tendering/equipment supply,Delayed,68.5,High
PRJ01008,Gujarat Power Infra Development Phase-42,Power,Ministry of Power,IRCON,Shapoorji Pallonji Infra,Gujarat,2973.86,2012.66,0.0,False,2020-03-09,72,72,2026-02-06,2026-02-06,0,False,96.8,98.5,1982.34,66.7,6,6,None,On Track,4.4,Low
PRJ01009,Gujarat Education Infrastructure Infra Development Phase-43,Education Infrastructure,Ministry of Education,NBCC,Larsen & Toubro Infra,Gujarat,2937.44,3585.56,22.06,True,2017-08-06,60,72,2022-07-11,2023-07-06,12,True,83.1,52.4,1878.01,63.9,10,8,Funding constraints,Delayed,32.2,Medium
PRJ01010,Gujarat Water Resources Infra Development Phase-44,Water Resources,Ministry of Jal Shakti,IFFCO,GR Infraprojects,Gujarat,2175.16,2458.33,13.02,True,2020-01-17,72,102,2025-12-16,2028-06-03,30,True,62.7,55.0,1352.63,62.2,8,5,Land acquisition delay,Delayed,34.9,Medium
PRJ01011,Gujarat Steel Infra Development Phase-45,Steel,Ministry of Steel,NMDC,NCC Limited,Gujarat,3761.61,5778.25,53.61,True,2021-05-03,36,40,2024-04-17,2024-08-15,4,True,92.6,12.0,692.85,18.4,6,6,Change in project scope; COVID-19 related disruption,Delayed,48.6,Medium
PRJ01012,Gujarat Mining Infra Development Phase-46,Mining,Ministry of Mines,BSNL,IRB Infrastructure,Gujarat,195.56,916.72,368.77,True,2022-12-18,24,42,2024-12-07,2026-05-31,18,True,69.8,67.2,615.62,100.0,4,3,Geological surprises,Delayed,100.0,High
PRJ01013,Gujarat Telecommunications Infra Development Phase-47,Telecommunications,Ministry of Communications,State Irrigation Dept,KNR Constructions,Gujarat,1774.05,3407.81,92.09,True,2017-03-30,48,59,2021-03-09,2022-02-02,11,True,72.7,28.8,980.34,55.3,4,3,Rehabilitation & resettlement issues,Delayed,79.4,High
PRJ01014,Gujarat Mining Infra Development Phase-48,Mining,Ministry of Mines,BSNL,Shapoorji Pallonji Infra,Gujarat,1248.62,2726.5,118.36,True,2021-05-31,24,54,2023-05-21,2025-11-06,30,True,84.3,72.6,1978.88,100.0,6,5,Court cases/litigation,Delayed,100.0,High
PRJ01015,Gujarat Rural Infrastructure Infra Development Phase-49,Rural Infrastructure,Ministry of Rural Development,AAI,Larsen & Toubro Infra,Gujarat,3028.07,473.15,0.0,False,2020-12-26,36,67,2023-12-11,2026-06-28,31,True,87.1,84.7,400.83,13.2,8,7,Delay in tendering/equipment supply,Delayed,33.8,Medium
PRJ01016,Gujarat Railways Infra Development Phase-50,Railways,Ministry of Railways,NMDC,GMR Infrastructure,Gujarat,1795.42,818.62,0.0,False,2019-11-22,60,105,2024-10-26,2028-07-07,45,True,58.8,100.0,1030.71,57.4,10,6,Delay in tendering/equipment supply,Delayed,45.0,Medium
PRJ01017,Gujarat Petroleum & Natural Gas Infra Development Phase-51,Petroleum & Natural Gas,Ministry of Petroleum & Natural Gas,PowerGrid,Larsen & Toubro Infra,Gujarat,2906.21,3029.78,4.25,True,2020-10-31,60,81,2025-10-05,2027-06-27,21,True,57.6,51.4,1557.12,53.6,10,6,Funding constraints,Delayed,25.3,Medium
PRJ01018,Gujarat Water Resources Infra Development Phase-52,Water Resources,Ministry of Jal Shakti,HUDCO,GMR Infrastructure,Gujarat,2297.29,3934.11,71.25,True,2019-07-21,60,66,2024-06-24,2024-12-21,6,True,81.8,43.8,1724.6,75.1,10,8,Contractual issues,Delayed,64.0,High
PRJ01019,Gujarat Water Supply & Sanitation Infra Development Phase-53,Water Supply & Sanitation,Ministry of Jal Shakti,RITES,Shapoorji Pallonji Infra,Gujarat,2671.99,497.64,0.0,False,2020-09-10,72,72,2026-08-10,2026-08-10,0,False,94.0,100.0,1910.6,71.5,10,9,None,On Track,2.0,Low
PRJ01020,Gujarat Postal Infrastructure Infra Development Phase-54,Postal Infrastructure,Ministry of Communications,PowerGrid,Larsen & Toubro Infra,Gujarat,2502.25,4666.17,86.48,True,2019-04-27,36,64,2022-04-11,2024-07-29,28,True,87.7,22.9,1066.89,42.6,6,5,Contractual issues,Delayed,88.5,High
PRJ01021,Gujarat Steel Infra Development Phase-55,Steel,Ministry of Steel,ABC Infrastructure Ltd.,Patel Engineering,Gujarat,4192.98,1448.4,0.0,False,2022-11-16,48,48,2026-10-26,2026-10-26,0,False,85.1,15.3,221.43,5.3,6,5,None,On Track,8.4,Low
PRJ01022,Gujarat Water Supply & Sanitation Infra Development Phase-56,Water Supply & Sanitation,Ministry of Jal Shakti,PowerGrid,KNR Constructions,Gujarat,1255.77,5078.2,304.39,True,2018-10-10,60,98,2023-09-14,2026-10-28,38,True,74.7,28.2,1431.36,100.0,8,6,Change in project scope,Delayed,100.0,High
PRJ01023,Gujarat Power Infra Development Phase-57,Power,Ministry of Power,IRCTC,Larsen & Toubro Infra,Gujarat,1607.79,3616.84,124.96,True,2018-08-20,24,49,2020-08-09,2022-08-29,25,True,92.9,23.6,852.8,53.0,4,4,Poor contractor mobilization; Geological surprises,Delayed,100.0,High
PRJ01024,Gujarat Steel Infra Development Phase-58,Steel,Ministry of Steel,State Irrigation Dept,Afcons Infrastructure,Gujarat,2305.32,2908.48,26.16,True,2020-01-27,24,40,2022-01-16,2023-05-11,16,True,77.0,22.1,641.46,27.8,6,5,Change in project scope,Delayed,37.9,Medium
PRJ01025,Gujarat Civil Aviation Infra Development Phase-59,Civil Aviation,Ministry of Civil Aviation,GAIL,Larsen & Toubro Infra,Gujarat,3137.77,2224.9,0.0,False,2017-04-18,36,64,2020-04-02,2022-07-21,28,True,90.3,13.2,292.67,9.3,12,11,Shortage of skilled manpower; Rehabilitation & resettlement issues,Delayed,31.3,Medium
PRJ01026,Gujarat Petroleum & Natural Gas Infra Development Phase-60,Petroleum & Natural Gas,Ministry of Petroleum & Natural Gas,Coal India Ltd,Shapoorji Pallonji Infra,Gujarat,2671.68,2608.89,0.0,False,2017-04-17,60,60,2022-03-22,2022-03-22,0,False,100.0,34.0,886.76,33.2,8,8,None,Completed,1.7,Low
PRJ01027,Gujarat Ports & Shipping Infra Development Phase-61,Ports & Shipping,"Ministry of Ports, Shipping & Waterways",ABC Infrastructure Ltd.,Shapoorji Pallonji Infra,Gujarat,2272.75,2640.19,16.17,True,2022-05-07,48,75,2026-04-16,2028-07-04,27,True,45.7,25.6,676.84,29.8,6,3,Court cases/litigation; Funding constraints,Delayed,44.4,Medium
PRJ01028,Gujarat Water Resources Infra Development Phase-62,Water Resources,Ministry of Jal Shakti,BSNL,GR Infraprojects,Gujarat,1588.51,3255.08,104.91,True,2022-04-25,24,60,2024-04-14,2027-03-30,36,True,74.7,22.4,727.94,45.8,6,4,Geological surprises,Delayed,100.0,High
PRJ01029,Gujarat Petroleum & Natural Gas Infra Development Phase-63,Petroleum & Natural Gas,Ministry of Petroleum & Natural Gas,IRCON,Reliance Infrastructure,Gujarat,2275.89,2263.24,0.0,False,2021-08-01,72,72,2027-07-01,2027-07-01,0,False,77.0,47.8,1082.61,47.6,4,3,None,On Track,4.7,Low
PRJ01030,Gujarat Coal Infra Development Phase-64,Coal,Ministry of Coal,State PWD,Dilip Buildcon Ltd,Gujarat,741.75,3650.88,392.2,True,2019-07-01,72,107,2025-05-30,2028-04-14,35,True,64.1,21.6,789.88,100.0,6,4,Funding constraints,Delayed,100.0,High
PRJ01031,Gujarat Power Infra Development Phase-65,Power,Ministry of Power,State Irrigation Dept,Sadbhav Engineering,Gujarat,1324.78,2822.48,113.05,True,2022-06-30,36,82,2025-06-14,2029-03-25,46,True,49.6,20.9,588.8,44.4,8,4,Shortage of skilled manpower; Geological surprises,Delayed,100.0,High
PRJ01032,Gujarat Water Resources Infra Development Phase-66,Water Resources,Ministry of Jal Shakti,IRCON,Larsen & Toubro Infra,Gujarat,3360.61,1781.59,0.0,False,2021-04-08,24,24,2023-03-29,2023-03-29,0,False,86.3,72.4,1290.09,38.4,8,7,None,On Track,4.0,Low
PRJ01033,Gujarat Water Resources Infra Development Phase-67,Water Resources,Ministry of Jal Shakti,Deendayal Port Trust,Shapoorji Pallonji Infra,Gujarat,3295.87,2778.32,0.0,False,2022-11-22,72,72,2028-10-21,2028-10-21,0,False,59.1,41.6,1156.83,35.1,4,2,None,On Track,8.2,Low
PRJ01034,Gujarat Telecommunications Infra Development Phase-68,Telecommunications,Ministry of Communications,NTPC,IRB Infrastructure,Gujarat,2997.71,1884.21,0.0,False,2022-01-24,60,60,2026-12-29,2026-12-29,0,False,76.6,33.6,632.78,21.1,10,8,None,On Track,9.4,Low
PRJ01035,Gujarat Railways Infra Development Phase-69,Railways,Ministry of Railways,Coal India Ltd,GMR Infrastructure,Gujarat,3691.28,3851.02,4.33,True,2022-10-26,84,119,2029-09-19,2032-08-04,35,True,30.0,11.8,453.47,12.3,12,4,Forest/environment clearance delay; Delay in tendering/equipment supply,Delayed,41.3,Medium
PRJ01036,Gujarat Water Resources Infra Development Phase-70,Water Resources,Ministry of Jal Shakti,HUDCO,Dilip Buildcon Ltd,Gujarat,2444.76,4197.09,71.68,True,2017-07-21,36,81,2020-07-05,2024-03-16,45,True,82.9,34.7,1456.75,59.6,6,5,COVID-19 related disruption; Geological surprises,Delayed,90.5,High
PRJ01037,Gujarat Steel Infra Development Phase-71,Steel,Ministry of Steel,RITES,HCC (Hindustan Construction),Gujarat,3138.91,6327.8,101.59,True,2022-03-05,60,72,2027-02-07,2028-02-02,12,True,52.5,7.6,483.73,15.4,6,3,Rehabilitation & resettlement issues; Monsoon/weather delays,Delayed,90.9,High
PRJ01038,Gujarat Railways Infra Development Phase-72,Railways,Ministry of Railways,ABC Infrastructure Ltd.,Shapoorji Pallonji Infra,Gujarat,4325.15,2357.05,0.0,False,2022-10-19,60,105,2027-09-23,2031-06-04,45,True,35.5,83.2,1960.42,45.3,6,2,COVID-19 related disruption; Forest/environment clearance delay,Delayed,43.4,Medium
PRJ01039,Gujarat Telecommunications Infra Development Phase-73,Telecommunications,Ministry of Communications,NTPC,IRB Infrastructure,Gujarat,1549.13,1047.9,0.0,False,2019-01-07,36,36,2021-12-22,2021-12-22,0,False,89.5,38.4,401.93,25.9,12,11,None,On Track,4.3,Low
PRJ01040,Gujarat Postal Infrastructure Infra Development Phase-74,Postal Infrastructure,Ministry of Communications,PowerGrid,Shapoorji Pallonji Infra,Gujarat,931.31,3515.3,277.46,True,2021-05-30,36,53,2024-05-14,2025-10-06,17,True,86.0,42.9,1508.78,100.0,10,9,COVID-19 related disruption; Land acquisition delay,Delayed,100.0,High
PRJ01041,Gujarat Power Infra Development Phase-75,Power,Ministry of Power,State Irrigation Dept,Afcons Infrastructure,Gujarat,974.2,2093.25,114.87,True,2019-04-08,24,44,2021-03-28,2022-11-18,20,True,89.5,29.9,625.77,64.2,10,9,Delay in tendering/equipment supply,Delayed,98.8,High
PRJ01042,Gujarat Mining Infra Development Phase-76,Mining,Ministry of Mines,ABC Infrastructure Ltd.,Larsen & Toubro Infra,Gujarat,3100.5,1989.88,0.0,False,2018-11-03,72,72,2024-10-02,2024-10-02,0,False,89.3,48.6,967.53,31.2,4,4,None,On Track,1.4,Low
PRJ01043,Gujarat Ports & Shipping Infra Development Phase-77,Ports & Shipping,"Ministry of Ports, Shipping & Waterways",NTPC,Larsen & Toubro Infra,Gujarat,6557.02,1474.99,0.0,False,2022-01-15,24,24,2024-01-05,2024-01-05,0,False,100.0,100.0,1697.97,25.9,8,8,None,Completed,2.8,Low
PRJ01044,Gujarat Ports & Shipping Infra Development Phase-78,Ports & Shipping,"Ministry of Ports, Shipping & Waterways",HUDCO,Shapoorji Pallonji Infra,Gujarat,3339.65,1499.71,0.0,False,2021-04-23,36,36,2024-04-07,2024-04-07,0,False,99.0,100.0,2750.67,82.4,12,12,None,Completed,0.0,Low
PRJ01045,Gujarat Education Infrastructure Infra Development Phase-79,Education Infrastructure,Ministry of Education,GAIL,Dilip Buildcon Ltd,Gujarat,1095.44,3272.74,198.76,True,2021-04-01,96,101,2029-02-18,2029-07-18,5,True,49.2,40.5,1325.66,100.0,12,6,Forest/environment clearance delay; Price escalation of raw materials,Delayed,100.0,High
PRJ01046,Gujarat Power Infra Development Phase-80,Power,Ministry of Power,IRCTC,Sadbhav Engineering,Gujarat,1317.74,1719.45,30.48,True,2018-09-07,60,87,2023-08-12,2025-10-30,27,True,70.7,100.0,1954.2,100.0,6,4,Law and order problems,Delayed,42.3,Medium
PRJ01047,Gujarat Railways Infra Development Phase-81,Railways,Ministry of Railways,State PWD,GMR Infrastructure,Gujarat,2689.77,1858.13,0.0,False,2020-06-15,72,72,2026-05-15,2026-05-15,0,False,96.6,82.5,1532.82,57.0,8,8,None,On Track,0.0,Low
PRJ01048,Gujarat Urban Development Infra Development Phase-82,Urban Development,Ministry of Housing & Urban Affairs,RITES,Shapoorji Pallonji Infra,Gujarat,1054.41,2593.65,145.98,True,2019-01-11,24,42,2020-12-31,2022-06-24,18,True,70.7,21.9,567.39,53.8,4,3,Geological surprises,Delayed,100.0,High
PRJ01049,Gujarat Roads & Highways Infra Development Phase-83,Roads & Highways,Ministry of Road Transport & Highways,Deendayal Port Trust,Larsen & Toubro Infra,Gujarat,2055.06,2937.72,42.95,True,2019-11-03,36,44,2022-10-18,2023-06-15,8,True,86.4,45.6,1339.95,65.2,4,3,Monsoon/weather delays; Poor contractor mobilization,Delayed,40.3,Medium
PRJ01050,Gujarat Housing Infra Development Phase-84,Housing,Ministry of Housing & Urban Affairs,NHPC,Simplex Infrastructures,Gujarat,1540.33,799.94,0.0,False,2017-01-24,36,36,2020-01-09,2020-01-09,0,False,88.8,49.0,392.03,25.5,12,11,None,On Track,8.2,Low
PRJ01051,Gujarat Housing Infra Development Phase-85,Housing,Ministry of Housing & Urban Affairs,Coal India Ltd,GR Infraprojects,Gujarat,2194.69,1595.33,0.0,False,2019-06-08,48,48,2023-05-18,2023-05-18,0,False,100.0,100.0,1673.35,76.2,12,12,None,Completed,7.6,Low
PRJ01052,Gujarat Rural Infrastructure Infra Development Phase-86,Rural Infrastructure,Ministry of Rural Development,BSNL,Sadbhav Engineering,Gujarat,1623.13,1439.13,0.0,False,2022-02-02,36,36,2025-01-17,2025-01-17,0,False,100.0,60.0,863.89,53.2,10,10,None,Completed,4.7,Low
PRJ01053,Gujarat Urban Development Infra Development Phase-87,Urban Development,Ministry of Housing & Urban Affairs,RVNL,GR Infraprojects,Gujarat,2236.46,1448.17,0.0,False,2017-01-27,36,36,2020-01-12,2020-01-12,0,False,96.7,62.2,900.85,40.3,6,6,None,On Track,0.0,Low
PRJ01054,Gujarat Postal Infrastructure Infra Development Phase-88,Postal Infrastructure,Ministry of Communications,NBCC,Sadbhav Engineering,Gujarat,2646.84,2211.28,0.0,False,2019-05-01,72,72,2025-03-30,2025-03-30,0,False,100.0,54.6,1206.58,45.6,4,4,None,Completed,1.8,Low
PRJ01055,Gujarat Power Infra Development Phase-89,Power,Ministry of Power,PowerGrid,Gammon India,Gujarat,2355.4,2112.0,0.0,False,2017-08-14,36,60,2020-07-29,2022-07-19,24,True,79.7,44.0,928.44,39.4,8,6,Contractual issues,Delayed,28.1,Medium
PRJ01056,Gujarat Railways Infra Development Phase-90,Railways,Ministry of Railways,IFFCO,Afcons Infrastructure,Gujarat,1413.87,2528.36,78.83,True,2020-05-07,60,97,2025-04-11,2028-04-25,37,True,57.3,18.5,468.41,33.1,8,5,Forest/environment clearance delay,Delayed,95.2,High
PRJ01057,Gujarat Inland Waterways Infra Development Phase-91,Inland Waterways,"Ministry of Ports, Shipping & Waterways",State PWD,Larsen & Toubro Infra,Gujarat,1592.27,2280.41,43.22,True,2019-01-01,72,80,2024-11-30,2025-07-28,8,True,82.3,20.9,476.94,30.0,6,5,Law and order problems; Shortage of skilled manpower,Delayed,44.1,Medium
PRJ01058,Gujarat Healthcare Infrastructure Infra Development Phase-92,Healthcare Infrastructure,Ministry of Health & Family Welfare,AAI,Larsen & Toubro Infra,Gujarat,3166.46,1989.89,0.0,False,2017-05-27,48,48,2021-05-06,2021-05-06,0,False,91.1,30.0,596.42,18.8,4,4,None,On Track,1.8,Low
PRJ01059,Gujarat Steel Infra Development Phase-93,Steel,Ministry of Steel,IRCTC,Afcons Infrastructure,Gujarat,204.62,646.82,216.11,True,2021-02-18,48,65,2025-01-28,2026-06-22,17,True,68.3,40.0,258.67,100.0,10,7,Poor contractor mobilization,Delayed,100.0,High
PRJ01060,Gujarat Postal Infrastructure Infra Development Phase-94,Postal Infrastructure,Ministry of Communications,RVNL,Larsen & Toubro Infra,Gujarat,2544.18,1371.25,0.0,False,2020-04-14,48,48,2024-03-24,2024-03-24,0,False,99.9,80.5,1103.78,43.4,10,10,None,Completed,4.1,Low
PRJ01061,Gujarat Civil Aviation Infra Development Phase-95,Civil Aviation,Ministry of Civil Aviation,NTPC,Shapoorji Pallonji Infra,Gujarat,1428.25,5943.64,316.15,True,2020-01-30,60,94,2025-01-03,2027-10-20,34,True,63.8,18.4,1091.02,76.4,8,5,Geological surprises; Court cases/litigation,Delayed,100.0,High
PRJ01062,Gujarat Renewable Energy Infra Development Phase-96,Renewable Energy,Ministry of New & Renewable Energy,Deendayal Port Trust,Larsen & Toubro Infra,Gujarat,3883.02,4502.01,15.94,True,2017-08-27,96,105,2025-07-16,2026-04-12,9,True,82.5,18.9,849.43,21.9,4,3,Monsoon/weather delays,Delayed,25.6,Medium
PRJ01063,Gujarat Education Infrastructure Infra Development Phase-97,Education Infrastructure,Ministry of Education,ABC Infrastructure Ltd.,Larsen & Toubro Infra,Gujarat,2938.71,6484.39,120.65,True,2020-03-22,60,80,2025-02-24,2026-10-17,20,True,70.9,15.6,1009.76,34.4,10,7,Delay in tendering/equipment supply; Monsoon/weather delays,Delayed,100.0,High
PRJ01064,Gujarat Healthcare Infrastructure Infra Development Phase-98,Healthcare Infrastructure,Ministry of Health & Family Welfare,Deendayal Port Trust,HCC (Hindustan Construction),Gujarat,676.7,2049.59,202.88,True,2020-12-20,60,86,2025-11-24,2028-01-13,26,True,70.0,45.7,935.69,100.0,6,4,Monsoon/weather delays; Shortage of skilled manpower,Delayed,100.0,High
PRJ01065,Gujarat Power Infra Development Phase-99,Power,Ministry of Power,Deendayal Port Trust,Larsen & Toubro Infra,Gujarat,1249.27,1333.5,6.74,True,2019-08-12,60,107,2024-07-16,2028-05-26,47,True,63.4,64.5,860.66,68.9,8,5,Land acquisition delay,Delayed,49.2,Medium
PRJ01066,West Bengal Inland Waterways Infra Development Phase-1,Inland Waterways,"Ministry of Ports, Shipping & Waterways",NHAI,HCC (Hindustan Construction),West Bengal,718.13,2960.96,312.32,True,2022-03-20,36,45,2025-03-04,2025-11-29,9,True,85.9,16.4,485.62,67.6,4,3,Poor contractor mobilization,Delayed,100.0,High
PRJ01067,West Bengal Water Supply & Sanitation Infra Development Phase-2,Water Supply & Sanitation,Ministry of Jal Shakti,IRCON,NCC Limited,West Bengal,3215.67,2377.19,0.0,False,2020-09-29,24,69,2022-09-19,2026-05-31,45,True,69.9,69.3,1646.97,51.2,8,6,Land acquisition delay,Delayed,33.2,Medium
PRJ01068,West Bengal Fertilizers Infra Development Phase-3,Fertilizers,Ministry of Chemicals & Fertilizers,ONGC,Simplex Infrastructures,West Bengal,2038.77,1432.04,0.0,False,2020-02-28,72,72,2026-01-27,2026-01-27,0,False,100.0,57.0,816.15,40.0,8,8,None,Completed,2.7,Low
PRJ01069,West Bengal Ports & Shipping Infra Development Phase-4,Ports & Shipping,"Ministry of Ports, Shipping & Waterways",RITES,IRB Infrastructure,West Bengal,1503.5,1581.72,5.2,True,2020-05-14,48,58,2024-04-23,2025-02-17,10,True,75.8,11.2,177.4,11.8,12,9,Land acquisition delay; Forest/environment clearance delay,Delayed,19.9,Low
PRJ01070,West Bengal Rural Infrastructure Infra Development Phase-5,Rural Infrastructure,Ministry of Rural Development,IRCTC,Afcons Infrastructure,West Bengal,933.39,490.62,0.0,False,2020-10-30,24,42,2022-10-20,2024-04-12,18,True,77.0,100.0,1170.47,100.0,10,8,Law and order problems,Delayed,12.6,Low
PRJ01071,West Bengal Renewable Energy Infra Development Phase-6,Renewable Energy,Ministry of New & Renewable Energy,IRCTC,GR Infraprojects,West Bengal,6405.47,2881.6,0.0,False,2020-10-16,60,60,2025-09-20,2025-09-20,0,False,99.1,12.3,353.32,5.5,10,10,None,Completed,7.8,Low
PRJ01072,West Bengal Housing Infra Development Phase-7,Housing,Ministry of Housing & Urban Affairs,IRCON,Gammon India,West Bengal,1162.85,1011.67,0.0,False,2018-07-11,48,48,2022-06-20,2022-06-20,0,False,100.0,100.0,1099.96,94.6,10,10,None,Completed,2.5,Low
PRJ01073,West Bengal Civil Aviation Infra Development Phase-8,Civil Aviation,Ministry of Civil Aviation,NMDC,HCC (Hindustan Construction),West Bengal,817.63,5129.26,527.33,True,2022-03-02,60,69,2027-02-04,2027-11-01,9,True,51.7,12.0,616.47,75.4,12,6,COVID-19 related disruption; Price escalation of raw materials,Delayed,100.0,High
PRJ01074,West Bengal Water Supply & Sanitation Infra Development Phase-9,Water Supply & Sanitation,Ministry of Jal Shakti,IRCON,Dilip Buildcon Ltd,West Bengal,948.31,751.48,0.0,False,2022-11-05,48,48,2026-10-15,2026-10-15,0,False,79.5,37.0,277.93,29.3,8,6,None,On Track,12.6,Low
PRJ01075,West Bengal Healthcare Infrastructure Infra Development Phase-10,Healthcare Infrastructure,Ministry of Health & Family Welfare,IFFCO,IRB Infrastructure,West Bengal,1160.8,1231.94,6.13,True,2020-07-16,36,66,2023-07-01,2025-12-17,30,True,79.6,63.1,777.89,67.0,12,10,Geological surprises,Delayed,29.4,Medium
PRJ01076,West Bengal Healthcare Infrastructure Infra Development Phase-11,Healthcare Infrastructure,Ministry of Health & Family Welfare,IFFCO,Larsen & Toubro Infra,West Bengal,1072.46,1494.91,39.39,True,2020-09-20,60,73,2025-08-25,2026-09-19,13,True,67.0,84.7,1266.1,100.0,8,5,Contractual issues,Delayed,44.1,Medium
PRJ01077,West Bengal Coal Infra Development Phase-12,Coal,Ministry of Coal,NHAI,Sadbhav Engineering,West Bengal,1808.22,2045.6,13.13,True,2020-10-21,36,60,2023-10-06,2025-09-25,24,True,80.5,70.8,1448.26,80.1,10,8,Price escalation of raw materials,Delayed,29.8,Medium
PRJ01078,West Bengal Power Infra Development Phase-13,Power,Ministry of Power,Deendayal Port Trust,Afcons Infrastructure,West Bengal,1674.87,1894.44,13.11,True,2018-04-24,36,48,2021-04-08,2022-04-03,12,True,79.8,14.4,273.08,16.3,8,6,Forest/environment clearance delay; Contractual issues,Delayed,22.3,Low
PRJ01079,West Bengal Water Supply & Sanitation Infra Development Phase-14,Water Supply & Sanitation,Ministry of Jal Shakti,RVNL,IRB Infrastructure,West Bengal,3613.52,2743.66,0.0,False,2022-07-29,36,36,2025-07-13,2025-07-13,0,False,85.2,18.0,492.88,13.6,6,5,None,On Track,8.8,Low
PRJ01080,West Bengal Irrigation Infra Development Phase-15,Irrigation,Ministry of Jal Shakti,State Irrigation Dept,Tata Projects,West Bengal,1536.27,3821.2,148.73,True,2020-05-24,48,77,2024-05-03,2026-09-20,29,True,69.1,34.2,1306.58,85.0,6,4,Law and order problems; Forest/environment clearance delay,Delayed,100.0,High
PRJ01081,West Bengal Irrigation Infra Development Phase-16,Irrigation,Ministry of Jal Shakti,IRCON,NCC Limited,West Bengal,917.51,954.08,3.99,True,2019-04-08,60,102,2024-03-12,2027-08-24,42,True,68.6,63.5,606.3,66.1,4,3,Land acquisition delay; Price escalation of raw materials,Delayed,37.9,Medium
PRJ01082,West Bengal Housing Infra Development Phase-17,Housing,Ministry of Housing & Urban Affairs,HUDCO,Dilip Buildcon Ltd,West Bengal,2960.22,456.49,0.0,False,2018-09-24,48,48,2022-09-03,2022-09-03,0,False,92.3,99.1,452.26,15.3,6,6,None,On Track,4.7,Low
PRJ01083,West Bengal Mining Infra Development Phase-18,Mining,Ministry of Mines,BSNL,GR Infraprojects,West Bengal,687.82,4253.77,518.44,True,2022-11-15,24,62,2024-11-04,2027-12-19,38,True,58.6,28.1,1193.77,100.0,8,5,Contractual issues; Price escalation of raw materials,Delayed,100.0,High
PRJ01084,West Bengal Inland Waterways Infra Development Phase-19,Inland Waterways,"Ministry of Ports, Shipping & Waterways",HUDCO,Larsen & Toubro Infra,West Bengal,707.03,2690.87,280.59,True,2018-06-28,48,55,2022-06-07,2023-01-03,7,True,75.9,18.4,496.11,70.2,6,5,COVID-19 related disruption,Delayed,100.0,High
PRJ01085,West Bengal Water Resources Infra Development Phase-20,Water Resources,Ministry of Jal Shakti,ABC Infrastructure Ltd.,Afcons Infrastructure,West Bengal,1319.86,1089.39,0.0,False,2022-11-10,36,36,2025-10-25,2025-10-25,0,False,91.3,25.8,280.93,21.3,4,4,None,On Track,2.9,Low
PRJ01086,West Bengal Roads & Highways Infra Development Phase-21,Roads & Highways,Ministry of Road Transport & Highways,RITES,Larsen & Toubro Infra,West Bengal,1212.61,465.73,0.0,False,2017-06-30,24,24,2019-06-20,2019-06-20,0,False,95.7,100.0,684.6,56.5,12,11,None,On Track,0.0,Low
PRJ01087,West Bengal Ports & Shipping Infra Development Phase-22,Ports & Shipping,"Ministry of Ports, Shipping & Waterways",IRCTC,Simplex Infrastructures,West Bengal,291.43,1817.41,523.62,True,2022-03-28,60,111,2027-03-02,2031-05-10,51,True,41.6,45.1,819.87,100.0,4,2,Rehabilitation & resettlement issues,Delayed,100.0,High
PRJ01088,West Bengal Roads & Highways Infra Development Phase-23,Roads & Highways,Ministry of Road Transport & Highways,IWAI,Larsen & Toubro Infra,West Bengal,3114.69,2952.57,0.0,False,2020-07-02,36,58,2023-06-17,2025-04-07,22,True,75.9,16.6,489.91,15.7,6,5,Geological surprises; Change in project scope,Delayed,26.4,Medium
PRJ01089,West Bengal Steel Infra Development Phase-24,Steel,Ministry of Steel,NBCC,Afcons Infrastructure,West Bengal,381.75,824.42,115.96,True,2022-12-21,72,112,2028-11-19,2032-03-03,40,True,30.8,22.2,183.36,48.0,8,2,Change in project scope; Contractual issues,Delayed,100.0,High
PRJ01090,West Bengal Civil Aviation Infra Development Phase-25,Civil Aviation,Ministry of Civil Aviation,GAIL,Larsen & Toubro Infra,West Bengal,380.32,2187.94,475.29,True,2020-01-26,48,57,2024-01-05,2024-10-01,9,True,72.4,38.5,841.84,100.0,4,3,Change in project scope,Delayed,100.0,High
PRJ01091,West Bengal Renewable Energy Infra Development Phase-26,Renewable Energy,Ministry of New & Renewable Energy,NHPC,Shapoorji Pallonji Infra,West Bengal,616.06,1441.1,133.92,True,2020-12-05,60,65,2025-11-09,2026-04-08,5,True,75.9,100.0,1453.2,100.0,12,9,Delay in tendering/equipment supply; Funding constraints,Delayed,99.7,High
PRJ01092,West Bengal Steel Infra Development Phase-27,Steel,Ministry of Steel,IWAI,KNR Constructions,West Bengal,596.77,1299.39,117.74,True,2019-09-30,60,65,2024-09-03,2025-01-31,5,True,83.8,55.3,718.88,100.0,6,5,Rehabilitation & resettlement issues,Delayed,88.7,High
PRJ01093,West Bengal Education Infrastructure Infra Development Phase-28,Education Infrastructure,Ministry of Education,IRCTC,HCC (Hindustan Construction),West Bengal,1994.59,3202.7,60.57,True,2021-12-23,48,95,2025-12-02,2029-10-12,47,True,41.0,10.1,322.05,16.1,4,2,Land acquisition delay,Delayed,88.3,High
PRJ01094,West Bengal Housing Infra Development Phase-29,Housing,Ministry of Housing & Urban Affairs,IFFCO,Larsen & Toubro Infra,West Bengal,1207.09,562.11,0.0,False,2017-07-26,36,36,2020-07-10,2020-07-10,0,False,88.1,100.0,643.82,53.3,4,4,None,On Track,3.5,Low
PRJ01095,West Bengal Water Resources Infra Development Phase-30,Water Resources,Ministry of Jal Shakti,IRCON,Sadbhav Engineering,West Bengal,617.13,2579.05,317.91,True,2017-12-19,96,127,2025-11-07,2028-05-25,31,True,60.9,49.9,1286.49,100.0,10,6,Law and order problems; Court cases/litigation,Delayed,100.0,High
PRJ01096,West Bengal Education Infrastructure Infra Development Phase-31,Education Infrastructure,Ministry of Education,IWAI,Larsen & Toubro Infra,West Bengal,2785.11,2085.34,0.0,False,2022-01-01,72,72,2027-12-01,2027-12-01,0,False,76.5,18.1,376.68,13.5,12,9,None,On Track,6.5,Low
PRJ01097,West Bengal Irrigation Infra Development Phase-32,Irrigation,Ministry of Jal Shakti,RITES,Tata Projects,West Bengal,3119.71,2144.0,0.0,False,2020-09-23,36,36,2023-09-08,2023-09-08,0,False,87.1,37.0,793.61,25.4,6,5,None,On Track,5.7,Low
PRJ01098,West Bengal Rural Infrastructure Infra Development Phase-33,Rural Infrastructure,Ministry of Rural Development,NHPC,Shapoorji Pallonji Infra,West Bengal,1035.7,1603.73,54.85,True,2017-11-18,48,90,2021-10-28,2025-04-10,42,True,74.7,59.3,951.04,91.8,10,7,Funding constraints,Delayed,77.1,High
PRJ01099,West Bengal Urban Development Infra Development Phase-34,Urban Development,Ministry of Housing & Urban Affairs,NTPC,Simplex Infrastructures,West Bengal,2040.34,1312.14,0.0,False,2022-02-10,48,48,2026-01-20,2026-01-20,0,False,91.6,53.2,698.7,34.2,8,7,None,On Track,7.5,Low
PRJ01100,West Bengal Rural Infrastructure Infra Development Phase-35,Rural Infrastructure,Ministry of Rural Development,NMDC,Dilip Buildcon Ltd,West Bengal,227.71,1174.79,415.91,True,2022-03-22,36,40,2025-03-06,2025-07-04,4,True,91.5,33.1,389.4,100.0,10,9,Shortage of skilled manpower,Delayed,100.0,High
PRJ01101,West Bengal Civil Aviation Infra Development Phase-36,Civil Aviation,Ministry of Civil Aviation,Deendayal Port Trust,Larsen & Toubro Infra,West Bengal,3010.53,3602.51,19.66,True,2019-11-23,48,68,2023-11-02,2025-06-24,20,True,87.6,10.9,392.93,13.1,8,7,Law and order problems; Court cases/litigation,Delayed,36.5,Medium
PRJ01102,West Bengal Rural Infrastructure Infra Development Phase-37,Rural Infrastructure,Ministry of Rural Development,IRCTC,Larsen & Toubro Infra,West Bengal,2443.66,1625.62,0.0,False,2020-08-23,36,36,2023-08-08,2023-08-08,0,False,100.0,59.6,969.62,39.7,10,10,None,Completed,3.9,Low
PRJ01103,West Bengal Housing Infra Development Phase-38,Housing,Ministry of Housing & Urban Affairs,NHAI,Larsen & Toubro Infra,West Bengal,509.17,1383.43,171.7,True,2017-09-25,48,76,2021-09-04,2023-12-23,28,True,78.9,24.0,332.33,65.3,10,8,Court cases/litigation,Delayed,100.0,High
PRJ01104,West Bengal Housing Infra Development Phase-39,Housing,Ministry of Housing & Urban Affairs,State Irrigation Dept,Shapoorji Pallonji Infra,West Bengal,3464.71,2336.8,0.0,False,2018-12-01,48,71,2022-11-10,2024-09-30,23,True,93.5,11.7,273.37,7.9,8,7,Contractual issues; Delay in tendering/equipment supply,Delayed,30.1,Medium
PRJ01105,West Bengal Inland Waterways Infra Development Phase-40,Inland Waterways,"Ministry of Ports, Shipping & Waterways",SAIL,Shapoorji Pallonji Infra,West Bengal,2160.69,4214.3,95.04,True,2018-03-15,60,90,2023-02-17,2025-08-05,30,True,77.1,27.8,1170.19,54.2,8,6,Rehabilitation & resettlement issues,Delayed,99.0,High
PRJ01106,West Bengal Postal Infrastructure Infra Development Phase-41,Postal Infrastructure,Ministry of Communications,State Irrigation Dept,GR Infraprojects,West Bengal,346.83,2300.18,563.2,True,2021-06-30,24,29,2023-06-20,2023-11-17,5,True,94.0,57.7,1328.08,100.0,12,11,Shortage of skilled manpower; Rehabilitation & resettlement issues,Delayed,100.0,High
PRJ01107,West Bengal Petroleum & Natural Gas Infra Development Phase-42,Petroleum & Natural Gas,Ministry of Petroleum & Natural Gas,NHPC,KNR Constructions,West Bengal,868.18,1980.43,128.11,True,2018-10-14,36,86,2021-09-28,2025-11-06,50,True,80.6,32.6,645.77,74.4,10,8,Funding constraints; Law and order problems,Delayed,100.0,High
PRJ01108,West Bengal Renewable Energy Infra Development Phase-43,Renewable Energy,Ministry of New & Renewable Energy,ABC Infrastructure Ltd.,Ashoka Buildcon,West Bengal,1542.24,1765.7,14.49,True,2021-11-01,36,66,2024-10-16,2027-04-04,30,True,61.8,100.0,1902.33,100.0,10,6,Shortage of skilled manpower; Funding constraints,Delayed,33.5,Medium
PRJ01109,West Bengal Rural Infrastructure Infra Development Phase-44,Rural Infrastructure,Ministry of Rural Development,IFFCO,Larsen & Toubro Infra,West Bengal,973.58,2897.07,197.57,True,2017-11-16,48,81,2021-10-26,2024-07-12,33,True,71.5,19.5,564.5,58.0,12,9,Change in project scope; Rehabilitation & resettlement issues,Delayed,100.0,High
PRJ01110,West Bengal Education Infrastructure Infra Development Phase-45,Education Infrastructure,Ministry of Education,State Irrigation Dept,Shapoorji Pallonji Infra,West Bengal,1612.48,1469.36,0.0,False,2020-08-25,24,24,2022-08-15,2022-08-15,0,False,99.3,61.4,902.72,56.0,12,12,None,Completed,7.0,Low
PRJ01111,West Bengal Inland Waterways Infra Development Phase-46,Inland Waterways,"Ministry of Ports, Shipping & Waterways",State Irrigation Dept,Larsen & Toubro Infra,West Bengal,2459.86,3073.81,24.96,True,2018-12-23,84,106,2025-11-16,2027-09-07,22,True,58.9,48.1,1479.03,60.1,8,5,Funding constraints; Rehabilitation & resettlement issues,Delayed,40.5,Medium
PRJ01112,West Bengal Inland Waterways Infra Development Phase-47,Inland Waterways,"Ministry of Ports, Shipping & Waterways",IFFCO,Dilip Buildcon Ltd,West Bengal,2111.83,3312.95,56.88,True,2021-04-02,36,80,2024-03-17,2027-10-28,44,True,70.1,19.1,634.38,30.0,8,6,Forest/environment clearance delay; Monsoon/weather delays,Delayed,77.0,High
PRJ01113,West Bengal Renewable Energy Infra Development Phase-48,Renewable Energy,Ministry of New & Renewable Energy,PowerGrid,Shapoorji Pallonji Infra,West Bengal,2134.8,398.14,0.0,False,2017-01-01,60,60,2021-12-06,2021-12-06,0,False,100.0,100.0,1682.38,78.8,6,6,None,Completed,4.9,Low
PRJ01114,West Bengal Rural Infrastructure Infra Development Phase-49,Rural Infrastructure,Ministry of Rural Development,PowerGrid,Patel Engineering,West Bengal,3622.28,3072.47,0.0,False,2022-01-30,48,90,2026-01-09,2029-06-22,42,True,46.3,49.1,1507.96,41.6,12,6,Price escalation of raw materials; Rehabilitation & resettlement issues,Delayed,42.3,Medium
PRJ01115,West Bengal Healthcare Infrastructure Infra Development Phase-50,Healthcare Infrastructure,Ministry of Health & Family Welfare,State Irrigation Dept,Shapoorji Pallonji Infra,West Bengal,1014.53,3364.92,231.67,True,2019-03-13,72,97,2025-02-09,2027-03-01,25,True,81.3,39.8,1340.25,100.0,6,5,Rehabilitation & resettlement issues; Monsoon/weather delays,Delayed,100.0,High
PRJ01116,West Bengal Rural Infrastructure Infra Development Phase-51,Rural Infrastructure,Ministry of Rural Development,RITES,GR Infraprojects,West Bengal,349.7,1525.56,336.25,True,2021-11-16,24,39,2023-11-06,2025-01-29,15,True,94.0,26.1,397.48,100.0,8,8,Land acquisition delay,Delayed,100.0,High
PRJ01117,West Bengal Education Infrastructure Infra Development Phase-52,Education Infrastructure,Ministry of Education,HUDCO,Larsen & Toubro Infra,West Bengal,1957.88,554.18,0.0,False,2021-07-14,36,87,2024-06-28,2028-09-05,51,True,61.1,100.0,1519.46,77.6,6,4,Forest/environment clearance delay; Law and order problems,Delayed,51.3,High
PRJ01118,West Bengal Postal Infrastructure Infra Development Phase-53,Postal Infrastructure,Ministry of Communications,IRCON,Dilip Buildcon Ltd,West Bengal,3480.44,1845.88,0.0,False,2017-01-04,36,50,2019-12-20,2021-02-12,14,True,82.8,70.1,1293.38,37.2,12,10,Change in project scope; Poor contractor mobilization,Delayed,20.0,Low
PRJ01119,West Bengal Steel Infra Development Phase-54,Steel,Ministry of Steel,NHAI,Afcons Infrastructure,West Bengal,1943.54,1959.78,0.84,False,2019-08-22,60,60,2024-07-26,2024-07-26,0,False,100.0,37.8,739.99,38.1,10,10,None,Completed,8.2,Low
PRJ01120,West Bengal Healthcare Infrastructure Infra Development Phase-55,Healthcare Infrastructure,Ministry of Health & Family Welfare,SAIL,KNR Constructions,West Bengal,690.77,1368.39,98.1,True,2020-07-27,48,65,2024-07-06,2025-11-28,17,True,94.0,32.3,442.47,64.1,10,9,Price escalation of raw materials; Geological surprises,Delayed,87.0,High
PRJ01121,West Bengal Postal Infrastructure Infra Development Phase-56,Postal Infrastructure,Ministry of Communications,ONGC,Larsen & Toubro Infra,West Bengal,1882.79,850.86,0.0,False,2018-12-12,72,72,2024-11-10,2024-11-10,0,False,99.8,100.0,1345.3,71.5,10,10,None,Completed,7.8,Low
PRJ01122,West Bengal Civil Aviation Infra Development Phase-57,Civil Aviation,Ministry of Civil Aviation,ONGC,IRB Infrastructure,West Bengal,1511.42,1212.0,0.0,False,2021-04-25,48,48,2025-04-04,2025-04-04,0,False,100.0,100.0,1518.34,100.0,8,8,None,Completed,5.3,Low
PRJ01123,West Bengal Water Supply & Sanitation Infra Development Phase-58,Water Supply & Sanitation,Ministry of Jal Shakti,PowerGrid,Larsen & Toubro Infra,West Bengal,1767.71,2938.99,66.26,True,2020-03-27,36,43,2023-03-12,2023-10-08,7,True,87.2,24.2,712.53,40.3,6,5,Land acquisition delay,Delayed,60.3,High
PRJ01124,West Bengal Ports & Shipping Infra Development Phase-59,Ports & Shipping,"Ministry of Ports, Shipping & Waterways",NMDC,Afcons Infrastructure,West Bengal,779.81,1686.65,116.29,True,2017-03-06,36,76,2020-02-19,2023-06-03,40,True,91.5,67.5,1138.58,100.0,6,5,Poor contractor mobilization; Funding constraints,Delayed,100.0,High
PRJ01125,West Bengal Ports & Shipping Infra Development Phase-60,Ports & Shipping,"Ministry of Ports, Shipping & Waterways",PowerGrid,Larsen & Toubro Infra,West Bengal,1050.93,924.52,0.0,False,2021-08-31,24,44,2023-08-21,2025-04-12,20,True,90.0,100.0,1238.38,100.0,10,9,Law and order problems; Shortage of skilled manpower,Delayed,13.6,Low
PRJ01126,West Bengal Telecommunications Infra Development Phase-61,Telecommunications,Ministry of Communications,State PWD,GR Infraprojects,West Bengal,1591.04,3690.03,131.93,True,2022-01-18,24,53,2024-01-08,2026-05-27,29,True,79.2,9.1,337.33,21.2,10,8,Shortage of skilled manpower; Funding constraints,Delayed,100.0,High
PRJ01127,West Bengal Water Supply & Sanitation Infra Development Phase-62,Water Supply & Sanitation,Ministry of Jal Shakti,Deendayal Port Trust,Dilip Buildcon Ltd,West Bengal,2744.54,3015.6,9.88,True,2017-01-31,24,66,2019-01-21,2022-07-04,42,True,82.8,50.0,1507.15,54.9,12,10,Shortage of skilled manpower; Court cases/litigation,Delayed,41.5,Medium
PRJ01128,West Bengal Telecommunications Infra Development Phase-63,Telecommunications,Ministry of Communications,NBCC,GMR Infrastructure,West Bengal,1295.2,2003.3,54.67,True,2021-08-10,96,146,2029-06-29,2033-08-07,50,True,31.8,83.1,1665.64,100.0,12,4,Forest/environment clearance delay; Land acquisition delay,Delayed,87.3,High
PRJ01129,West Bengal Healthcare Infrastructure Infra Development Phase-64,Healthcare Infrastructure,Ministry of Health & Family Welfare,BSNL,Simplex Infrastructures,West Bengal,2590.93,628.79,0.0,False,2021-02-18,48,48,2025-01-28,2025-01-28,0,False,100.0,61.8,388.74,15.0,4,4,None,Completed,1.3,Low
PRJ01130,West Bengal Healthcare Infrastructure Infra Development Phase-65,Healthcare Infrastructure,Ministry of Health & Family Welfare,BSNL,Afcons Infrastructure,West Bengal,911.0,3781.07,315.05,True,2017-11-24,72,80,2023-10-24,2024-06-20,8,True,75.7,12.4,468.84,51.5,6,5,COVID-19 related disruption; Delay in tendering/equipment supply,Delayed,100.0,High
PRJ01131,West Bengal Ports & Shipping Infra Development Phase-66,Ports & Shipping,"Ministry of Ports, Shipping & Waterways",HUDCO,Larsen & Toubro Infra,West Bengal,5389.11,4986.54,0.0,False,2017-12-29,84,84,2024-11-22,2024-11-22,0,False,100.0,18.5,924.38,17.2,6,6,None,Completed,0.0,Low
PRJ01132,West Bengal Housing Infra Development Phase-67,Housing,Ministry of Housing & Urban Affairs,NMDC,Larsen & Toubro Infra,West Bengal,941.82,2884.5,206.27,True,2017-11-16,60,86,2022-10-21,2024-12-09,26,True,94.0,56.4,1626.72,100.0,12,11,Forest/environment clearance delay; COVID-19 related disruption,Delayed,100.0,High
PRJ01133,West Bengal Mining Infra Development Phase-68,Mining,Ministry of Mines,NHPC,Afcons Infrastructure,West Bengal,1043.04,2603.19,149.58,True,2017-02-14,84,133,2024-01-09,2028-01-18,49,True,77.1,67.0,1745.15,100.0,10,8,Monsoon/weather delays; Rehabilitation & resettlement issues,Delayed,100.0,High
PRJ01134,West Bengal Mining Infra Development Phase-69,Mining,Ministry of Mines,State PWD,Larsen & Toubro Infra,West Bengal,1972.25,2896.56,46.87,True,2020-12-16,48,69,2024-11-25,2026-08-17,21,True,86.3,12.5,361.19,18.3,8,7,Law and order problems; Land acquisition delay,Delayed,51.2,High
PRJ01135,West Bengal Education Infrastructure Infra Development Phase-70,Education Infrastructure,Ministry of Education,RITES,Larsen & Toubro Infra,West Bengal,1869.98,5123.56,173.99,True,2019-12-03,36,87,2022-11-17,2027-01-25,51,True,70.8,19.9,1020.43,54.6,4,3,Law and order problems; Rehabilitation & resettlement issues,Delayed,100.0,High
PRJ01136,West Bengal Railways Infra Development Phase-71,Railways,Ministry of Railways,IFFCO,Shapoorji Pallonji Infra,West Bengal,2755.9,2958.94,7.37,True,2020-04-10,36,85,2023-03-26,2027-04-04,49,True,63.9,15.9,471.57,17.1,12,8,Rehabilitation & resettlement issues,Delayed,47.2,Medium
PRJ01137,West Bengal Housing Infra Development Phase-72,Housing,Ministry of Housing & Urban Affairs,RVNL,Larsen & Toubro Infra,West Bengal,1958.83,408.81,0.0,False,2018-06-04,48,48,2022-05-14,2022-05-14,0,False,100.0,71.1,290.83,14.8,12,12,None,Completed,6.3,Low
PRJ01138,West Bengal Ports & Shipping Infra Development Phase-73,Ports & Shipping,"Ministry of Ports, Shipping & Waterways",NBCC,Larsen & Toubro Infra,West Bengal,1111.99,1259.02,13.22,True,2019-10-30,84,134,2026-09-23,2030-11-01,50,True,46.9,85.4,1074.61,96.6,6,3,Delay in tendering/equipment supply; Poor contractor mobilization,Delayed,57.1,High
PRJ01139,West Bengal Coal Infra Development Phase-74,Coal,Ministry of Coal,NHAI,Larsen & Toubro Infra,West Bengal,2686.96,1558.24,0.0,False,2018-04-02,60,60,2023-03-07,2023-03-07,0,False,98.7,61.9,965.32,35.9,12,12,None,Completed,4.5,Low
PRJ01140,West Bengal Power Infra Development Phase-75,Power,Ministry of Power,IWAI,KNR Constructions,West Bengal,880.96,1722.37,95.51,True,2018-09-12,48,95,2022-08-22,2026-07-02,47,True,84.2,72.6,1249.81,100.0,10,8,Law and order problems; Contractual issues,Delayed,100.0,High
PRJ01141,West Bengal Petroleum & Natural Gas Infra Development Phase-76,Petroleum & Natural Gas,Ministry of Petroleum & Natural Gas,BSNL,IRB Infrastructure,West Bengal,1832.17,2059.73,12.42,True,2019-01-11,36,57,2021-12-26,2023-09-17,21,True,84.4,77.0,1586.96,86.6,12,10,Utility shifting delay,Delayed,31.0,Medium
PRJ01142,West Bengal Ports & Shipping Infra Development Phase-77,Ports & Shipping,"Ministry of Ports, Shipping & Waterways",PowerGrid,Shapoorji Pallonji Infra,West Bengal,459.41,3388.81,637.64,True,2018-09-24,36,40,2021-09-08,2022-01-06,4,True,72.4,60.6,2054.91,100.0,10,7,Price escalation of raw materials; Change in project scope,Delayed,100.0,High
PRJ01143,West Bengal Rural Infrastructure Infra Development Phase-78,Rural Infrastructure,Ministry of Rural Development,State Irrigation Dept,Afcons Infrastructure,West Bengal,4110.41,1380.7,0.0,False,2018-11-17,72,72,2024-10-16,2024-10-16,0,False,100.0,100.0,1509.81,36.7,6,6,None,Completed,2.1,Low
PRJ01144,Chhattisgarh Healthcare Infrastructure Infra Development Phase-1,Healthcare Infrastructure,Ministry of Health & Family Welfare,AAI,Afcons Infrastructure,Chhattisgarh,762.82,1562.73,104.86,True,2017-08-11,48,64,2021-07-21,2022-11-13,16,True,86.3,87.4,1366.59,100.0,8,7,Forest/environment clearance delay,Delayed,85.6,High
PRJ01145,Chhattisgarh Power Infra Development Phase-2,Power,Ministry of Power,State Irrigation Dept,Larsen & Toubro Infra,Chhattisgarh,1471.46,2250.76,52.96,True,2021-06-22,36,49,2024-06-06,2025-07-01,13,True,92.1,29.9,673.0,45.7,10,9,Monsoon/weather delays; Court cases/litigation,Delayed,54.0,High
PRJ01146,Chhattisgarh Postal Infrastructure Infra Development Phase-3,Postal Infrastructure,Ministry of Communications,Coal India Ltd,GMR Infrastructure,Chhattisgarh,2820.16,811.59,0.0,False,2021-04-05,48,48,2025-03-15,2025-03-15,0,False,85.5,28.6,232.0,8.2,10,9,None,On Track,7.7,Low
PRJ01147,Chhattisgarh Housing Infra Development Phase-4,Housing,Ministry of Housing & Urban Affairs,NBCC,Dilip Buildcon Ltd,Chhattisgarh,2189.95,1205.74,0.0,False,2018-08-18,84,84,2025-07-12,2025-07-12,0,False,85.9,72.3,872.06,39.8,12,10,None,On Track,9.1,Low
PRJ01148,Chhattisgarh Water Supply & Sanitation Infra Development Phase-5,Water Supply & Sanitation,Ministry of Jal Shakti,NHAI,Megha Engineering (MEIL),Chhattisgarh,216.81,1335.31,515.89,True,2020-03-28,48,58,2024-03-07,2025-01-01,10,True,94.0,100.0,1900.71,100.0,10,9,Utility shifting delay; Delay in tendering/equipment supply,Delayed,100.0,High
PRJ01149,Chhattisgarh Rural Infrastructure Infra Development Phase-6,Rural Infrastructure,Ministry of Rural Development,IRCON,Gammon India,Chhattisgarh,881.65,1929.85,118.89,True,2018-02-03,48,75,2022-01-13,2024-04-02,27,True,77.4,30.8,594.3,67.4,12,9,Poor contractor mobilization; Rehabilitation & resettlement issues,Delayed,100.0,High
PRJ01150,Chhattisgarh Fertilizers Infra Development Phase-7,Fertilizers,Ministry of Chemicals & Fertilizers,NBCC,Megha Engineering (MEIL),Chhattisgarh,832.62,750.35,0.0,False,2020-10-04,60,60,2025-09-08,2025-09-08,0,False,94.3,100.0,971.58,100.0,8,8,None,On Track,0.0,Low
PRJ01151,Chhattisgarh Coal Infra Development Phase-8,Coal,Ministry of Coal,NTPC,Afcons Infrastructure,Chhattisgarh,771.04,616.36,0.0,False,2019-11-12,48,99,2023-10-22,2027-12-30,51,True,70.8,84.0,517.5,67.1,12,8,COVID-19 related disruption; Price escalation of raw materials,Delayed,47.9,Medium
PRJ01152,Chhattisgarh Rural Infrastructure Infra Development Phase-9,Rural Infrastructure,Ministry of Rural Development,Coal India Ltd,GR Infraprojects,Chhattisgarh,2199.01,643.74,0.0,False,2019-03-10,60,60,2024-02-12,2024-02-12,0,False,100.0,92.5,595.64,27.1,12,12,None,Completed,7.2,Low
PRJ01153,Chhattisgarh Mining Infra Development Phase-10,Mining,Ministry of Mines,IFFCO,Dilip Buildcon Ltd,Chhattisgarh,843.04,5076.28,502.14,True,2019-01-07,72,122,2024-12-06,2029-01-14,50,True,55.4,5.4,274.13,32.5,8,4,Land acquisition delay,Delayed,100.0,High
PRJ01154,Chhattisgarh Ports & Shipping Infra Development Phase-11,Ports & Shipping,"Ministry of Ports, Shipping & Waterways",NHAI,Afcons Infrastructure,Chhattisgarh,737.86,3202.3,334.0,True,2021-08-12,96,111,2029-07-01,2030-09-24,15,True,41.2,30.5,975.96,100.0,4,2,COVID-19 related disruption,Delayed,100.0,High
PRJ01155,Chhattisgarh Irrigation Infra Development Phase-12,Irrigation,Ministry of Jal Shakti,Coal India Ltd,Larsen & Toubro Infra,Chhattisgarh,2043.05,3206.07,56.93,True,2020-03-06,24,36,2022-02-24,2023-02-19,12,True,89.8,16.5,527.71,25.8,8,7,Forest/environment clearance delay,Delayed,57.2,High
PRJ01156,Chhattisgarh Roads & Highways Infra Development Phase-13,Roads & Highways,Ministry of Road Transport & Highways,Deendayal Port Trust,Larsen & Toubro Infra,Chhattisgarh,2115.75,3337.24,57.73,True,2018-01-12,48,83,2021-12-22,2024-11-06,35,True,88.9,26.1,870.93,41.2,4,4,Change in project scope,Delayed,70.8,High
PRJ01157,Chhattisgarh Inland Waterways Infra Development Phase-14,Inland Waterways,"Ministry of Ports, Shipping & Waterways",RVNL,NCC Limited,Chhattisgarh,1784.69,997.89,0.0,False,2018-06-17,48,48,2022-05-27,2022-05-27,0,False,100.0,61.5,613.68,34.4,10,10,None,Completed,1.7,Low
PRJ01158,Chhattisgarh Rural Infrastructure Infra Development Phase-15,Rural Infrastructure,Ministry of Rural Development,NMDC,Larsen & Toubro Infra,Chhattisgarh,790.15,3947.32,399.57,True,2019-01-27,72,95,2024-12-26,2026-11-16,23,True,75.7,17.2,678.81,85.9,4,3,Delay in tendering/equipment supply,Delayed,100.0,High
PRJ01159,Chhattisgarh Steel Infra Development Phase-16,Steel,Ministry of Steel,State Irrigation Dept,Larsen & Toubro Infra,Chhattisgarh,2752.05,560.45,0.0,False,2017-11-07,60,60,2022-10-12,2022-10-12,0,False,90.2,100.0,967.28,35.1,10,9,None,On Track,7.8,Low
PRJ01160,Chhattisgarh Coal Infra Development Phase-17,Coal,Ministry of Coal,State PWD,Sadbhav Engineering,Chhattisgarh,1794.09,1495.32,0.0,False,2020-08-17,84,84,2027-07-12,2027-07-12,0,False,84.2,65.0,971.51,54.2,8,7,None,On Track,0.0,Low
PRJ01161,Chhattisgarh Power Infra Development Phase-18,Power,Ministry of Power,RVNL,NCC Limited,Chhattisgarh,432.06,971.82,124.93,True,2020-02-10,72,123,2026-01-09,2030-03-19,51,True,43.9,100.0,1436.06,100.0,4,2,Price escalation of raw materials; Law and order problems,Delayed,100.0,High
PRJ01162,Chhattisgarh Railways Infra Development Phase-19,Railways,Ministry of Railways,NBCC,GMR Infrastructure,Chhattisgarh,3280.31,4508.8,37.45,True,2019-12-21,84,100,2026-11-14,2028-03-08,16,True,72.3,34.5,1554.17,47.4,6,4,Funding constraints; Shortage of skilled manpower,Delayed,52.8,High
PRJ01163,Chhattisgarh Renewable Energy Infra Development Phase-20,Renewable Energy,Ministry of New & Renewable Energy,Deendayal Port Trust,Larsen & Toubro Infra,Chhattisgarh,2698.35,2282.43,0.0,False,2021-05-28,60,60,2026-05-02,2026-05-02,0,False,100.0,29.2,665.9,24.7,6,6,None,Completed,0.0,Low
PRJ01164,Chhattisgarh Fertilizers Infra Development Phase-21,Fertilizers,Ministry of Chemicals & Fertilizers,BSNL,Larsen & Toubro Infra,Chhattisgarh,684.0,2138.5,212.65,True,2018-03-21,48,91,2022-02-28,2025-09-10,43,True,85.3,56.4,1206.31,100.0,6,5,Geological surprises; Rehabilitation & resettlement issues,Delayed,100.0,High
PRJ01165,Chhattisgarh Fertilizers Infra Development Phase-22,Fertilizers,Ministry of Chemicals & Fertilizers,NTPC,HCC (Hindustan Construction),Chhattisgarh,1348.47,958.02,0.0,False,2021-12-14,48,48,2025-11-23,2025-11-23,0,False,100.0,46.2,442.18,32.8,8,8,None,Completed,0.0,Low
PRJ01166,Chhattisgarh Inland Waterways Infra Development Phase-23,Inland Waterways,"Ministry of Ports, Shipping & Waterways",IRCON,GR Infraprojects,Chhattisgarh,1645.83,1119.21,0.0,False,2017-10-26,60,60,2022-09-30,2022-09-30,0,False,100.0,57.0,638.25,38.8,4,4,None,Completed,4.7,Low
PRJ01167,Chhattisgarh Healthcare Infrastructure Infra Development Phase-24,Healthcare Infrastructure,Ministry of Health & Family Welfare,NBCC,Megha Engineering (MEIL),Chhattisgarh,1200.17,979.63,0.0,False,2022-01-01,36,36,2024-12-16,2024-12-16,0,False,98.5,85.5,837.16,69.8,4,4,None,Completed,0.0,Low
PRJ01168,Chhattisgarh Housing Infra Development Phase-25,Housing,Ministry of Housing & Urban Affairs,PowerGrid,Shapoorji Pallonji Infra,Chhattisgarh,2747.01,1766.53,0.0,False,2017-01-04,72,72,2022-12-04,2022-12-04,0,False,86.0,20.5,361.73,13.2,4,3,None,On Track,9.0,Low
PRJ01169,Chhattisgarh Rural Infrastructure Infra Development Phase-26,Rural Infrastructure,Ministry of Rural Development,SAIL,GMR Infrastructure,Chhattisgarh,678.24,1289.7,90.15,True,2019-12-28,24,75,2021-12-17,2026-02-24,51,True,78.5,60.9,785.76,100.0,6,5,Price escalation of raw materials; Rehabilitation & resettlement issues,Delayed,97.7,High
PRJ01170,Chhattisgarh Roads & Highways Infra Development Phase-27,Roads & Highways,Ministry of Road Transport & Highways,HUDCO,GR Infraprojects,Chhattisgarh,1618.31,1720.12,6.29,True,2022-07-03,24,70,2024-06-22,2028-04-02,46,True,57.3,50.7,872.03,53.9,10,6,Price escalation of raw materials; Poor contractor mobilization,Delayed,45.4,Medium
PRJ01171,Chhattisgarh Ports & Shipping Infra Development Phase-28,Ports & Shipping,"Ministry of Ports, Shipping & Waterways",NHPC,Afcons Infrastructure,Chhattisgarh,5800.78,2825.18,0.0,False,2019-07-15,60,60,2024-06-18,2024-06-18,0,False,93.1,18.6,524.59,9.0,4,4,None,On Track,1.2,Low
PRJ01172,Chhattisgarh Water Resources Infra Development Phase-29,Water Resources,Ministry of Jal Shakti,ABC Infrastructure Ltd.,Tata Projects,Chhattisgarh,2363.56,2783.58,17.77,True,2022-05-29,48,88,2026-05-08,2029-08-20,40,True,50.3,43.4,1208.89,51.1,4,2,Utility shifting delay; Monsoon/weather delays,Delayed,51.7,High
PRJ01173,Chhattisgarh Steel Infra Development Phase-30,Steel,Ministry of Steel,SAIL,Tata Projects,Chhattisgarh,892.39,2482.03,178.13,True,2017-08-15,96,118,2025-07-04,2027-04-25,22,True,83.6,26.5,657.83,73.7,4,3,Utility shifting delay; Forest/environment clearance delay,Delayed,100.0,High
PRJ01174,Chhattisgarh Urban Development Infra Development Phase-31,Urban Development,Ministry of Housing & Urban Affairs,RITES,Shapoorji Pallonji Infra,Chhattisgarh,2264.17,2823.68,24.71,True,2019-04-12,48,53,2023-03-22,2023-08-19,5,True,85.1,56.2,1587.3,70.1,6,5,Price escalation of raw materials,Delayed,25.0,Low
PRJ01175,Chhattisgarh Rural Infrastructure Infra Development Phase-32,Rural Infrastructure,Ministry of Rural Development,ONGC,KNR Constructions,Chhattisgarh,1462.95,3120.98,113.33,True,2020-05-09,24,49,2022-04-29,2024-05-18,25,True,79.1,58.8,1835.62,100.0,10,8,Court cases/litigation,Delayed,100.0,High
PRJ01176,Chhattisgarh Housing Infra Development Phase-33,Housing,Ministry of Housing & Urban Affairs,RVNL,Sadbhav Engineering,Chhattisgarh,1679.32,4363.07,159.81,True,2021-11-29,24,41,2023-11-19,2025-04-12,17,True,92.2,13.2,576.63,34.3,6,6,Forest/environment clearance delay,Delayed,100.0,High
PRJ01177,Chhattisgarh Renewable Energy Infra Development Phase-34,Renewable Energy,Ministry of New & Renewable Energy,NHAI,Patel Engineering,Chhattisgarh,1715.97,4247.83,147.55,True,2019-09-04,24,33,2021-08-24,2022-05-21,9,True,82.9,14.6,620.97,36.2,10,8,Funding constraints; Price escalation of raw materials,Delayed,100.0,High
PRJ01178,Chhattisgarh Postal Infrastructure Infra Development Phase-35,Postal Infrastructure,Ministry of Communications,NMDC,HCC (Hindustan Construction),Chhattisgarh,1288.29,2545.42,97.58,True,2020-06-14,36,71,2023-05-30,2026-04-14,35,True,91.5,20.1,510.63,39.6,10,9,Land acquisition delay; Monsoon/weather delays,Delayed,99.8,High
PRJ01179,Chhattisgarh Mining Infra Development Phase-36,Mining,Ministry of Mines,IRCON,GMR Infrastructure,Chhattisgarh,1174.04,4299.17,266.19,True,2020-10-15,48,98,2024-09-24,2028-11-02,50,True,54.5,7.7,331.88,28.3,4,2,Change in project scope; Monsoon/weather delays,Delayed,100.0,High
PRJ01180,Chhattisgarh Fertilizers Infra Development Phase-37,Fertilizers,Ministry of Chemicals & Fertilizers,IFFCO,Larsen & Toubro Infra,Chhattisgarh,588.42,1261.15,114.33,True,2022-11-13,72,121,2028-10-12,2032-10-21,49,True,25.9,100.0,1896.29,100.0,10,3,Shortage of skilled manpower,Delayed,100.0,High
PRJ01181,Chhattisgarh Ports & Shipping Infra Development Phase-38,Ports & Shipping,"Ministry of Ports, Shipping & Waterways",IRCON,Larsen & Toubro Infra,Chhattisgarh,959.49,7554.01,687.29,True,2018-08-03,48,89,2022-07-13,2025-11-24,41,True,75.5,6.4,481.6,50.2,10,8,Monsoon/weather delays,Delayed,100.0,High
PRJ01182,Chhattisgarh Education Infrastructure Infra Development Phase-39,Education Infrastructure,Ministry of Education,IRCON,Shapoorji Pallonji Infra,Chhattisgarh,812.53,5468.68,573.04,True,2019-09-22,72,105,2025-08-21,2028-05-07,33,True,65.0,15.3,834.19,100.0,6,4,Law and order problems,Delayed,100.0,High
PRJ01183,Chhattisgarh Fertilizers Infra Development Phase-40,Fertilizers,Ministry of Chemicals & Fertilizers,IRCON,IRB Infrastructure,Chhattisgarh,2106.46,1004.0,0.0,False,2020-06-12,72,72,2026-05-12,2026-05-12,0,False,83.8,100.0,1381.63,65.6,4,3,None,On Track,5.2,Low
PRJ01184,Chhattisgarh Urban Development Infra Development Phase-41,Urban Development,Ministry of Housing & Urban Affairs,Deendayal Port Trust,Dilip Buildcon Ltd,Chhattisgarh,2272.9,1008.06,0.0,False,2018-12-01,84,84,2025-10-25,2025-10-25,0,False,85.6,100.0,1393.42,61.3,12,10,None,On Track,3.9,Low
PRJ01185,Chhattisgarh Ports & Shipping Infra Development Phase-42,Ports & Shipping,"Ministry of Ports, Shipping & Waterways",NTPC,Patel Engineering,Chhattisgarh,873.64,449.54,0.0,False,2018-04-13,48,48,2022-03-23,2022-03-23,0,False,89.5,100.0,991.55,100.0,10,9,None,On Track,1.0,Low
PRJ01186,Chhattisgarh Education Infrastructure Infra Development Phase-43,Education Infrastructure,Ministry of Education,Deendayal Port Trust,Reliance Infrastructure,Chhattisgarh,655.68,308.16,0.0,False,2019-06-23,36,79,2022-06-07,2025-12-18,43,True,93.9,100.0,1315.56,100.0,4,4,Poor contractor mobilization,Delayed,30.4,Medium
PRJ01187,Chhattisgarh Mining Infra Development Phase-44,Mining,Ministry of Mines,IFFCO,Afcons Infrastructure,Chhattisgarh,2262.69,525.53,0.0,False,2021-07-05,72,72,2027-06-04,2027-06-04,0,False,85.7,100.0,982.69,43.4,8,7,None,On Track,4.6,Low
PRJ01188,Chhattisgarh Inland Waterways Infra Development Phase-45,Inland Waterways,"Ministry of Ports, Shipping & Waterways",IFFCO,Shapoorji Pallonji Infra,Chhattisgarh,369.91,3701.44,900.63,True,2018-07-17,48,64,2022-06-26,2023-10-19,16,True,81.6,40.5,1497.4,100.0,8,7,Forest/environment clearance delay,Delayed,100.0,High
PRJ01189,Chhattisgarh Healthcare Infrastructure Infra Development Phase-46,Healthcare Infrastructure,Ministry of Health & Family Welfare,GAIL,Dilip Buildcon Ltd,Chhattisgarh,480.53,3176.71,561.08,True,2020-10-06,60,84,2025-09-10,2027-08-31,24,True,75.2,45.0,1430.2,100.0,4,3,Delay in tendering/equipment supply,Delayed,100.0,High
PRJ01190,Chhattisgarh Civil Aviation Infra Development Phase-47,Civil Aviation,Ministry of Civil Aviation,State PWD,NCC Limited,Chhattisgarh,1655.0,2374.86,43.5,True,2018-11-20,36,73,2021-11-04,2024-11-18,37,True,75.7,9.7,229.96,13.9,8,6,COVID-19 related disruption,Delayed,64.1,High
PRJ01191,Chhattisgarh Petroleum & Natural Gas Infra Development Phase-48,Petroleum & Natural Gas,Ministry of Petroleum & Natural Gas,IWAI,KNR Constructions,Chhattisgarh,817.16,369.36,0.0,False,2017-06-16,48,48,2021-05-26,2021-05-26,0,False,100.0,100.0,1300.21,100.0,6,6,None,Completed,0.0,Low
PRJ01192,Chhattisgarh Inland Waterways Infra Development Phase-49,Inland Waterways,"Ministry of Ports, Shipping & Waterways",NMDC,Reliance Infrastructure,Chhattisgarh,774.92,644.95,0.0,False,2021-03-21,48,48,2025-02-28,2025-02-28,0,False,100.0,57.5,370.96,47.9,6,6,None,Completed,0.0,Low
PRJ01193,Chhattisgarh Roads & Highways Infra Development Phase-50,Roads & Highways,Ministry of Road Transport & Highways,BSNL,IRB Infrastructure,Chhattisgarh,4394.08,5755.94,30.99,True,2017-11-27,36,42,2020-11-11,2021-05-10,6,True,77.7,16.3,940.61,21.4,4,3,Law and order problems,Delayed,34.9,Medium
PRJ01194,Chhattisgarh Ports & Shipping Infra Development Phase-51,Ports & Shipping,"Ministry of Ports, Shipping & Waterways",ABC Infrastructure Ltd.,Reliance Infrastructure,Chhattisgarh,1592.17,1521.33,0.0,False,2020-03-08,36,36,2023-02-21,2023-02-21,0,False,97.5,18.4,280.12,17.6,10,10,None,On Track,2.6,Low
PRJ01195,Chhattisgarh Housing Infra Development Phase-52,Housing,Ministry of Housing & Urban Affairs,ABC Infrastructure Ltd.,GMR Infrastructure,Chhattisgarh,1375.62,1913.85,39.13,True,2018-06-04,60,87,2023-05-09,2025-07-27,27,True,88.0,37.8,723.86,52.6,6,5,Delay in tendering/equipment supply,Delayed,52.4,High
PRJ01196,Chhattisgarh Telecommunications Infra Development Phase-53,Telecommunications,Ministry of Communications,State Irrigation Dept,Tata Projects,Chhattisgarh,668.59,2900.07,333.76,True,2021-08-15,48,85,2025-07-25,2028-08-08,37,True,52.2,22.1,641.7,96.0,6,3,Forest/environment clearance delay,Delayed,100.0,High
PRJ01197,Chhattisgarh Education Infrastructure Infra Development Phase-54,Education Infrastructure,Ministry of Education,GAIL,KNR Constructions,Chhattisgarh,460.14,1840.48,299.98,True,2022-08-10,36,64,2025-07-25,2027-11-12,28,True,55.6,38.0,698.65,100.0,12,7,Rehabilitation & resettlement issues,Delayed,100.0,High
PRJ01198,Chhattisgarh Irrigation Infra Development Phase-55,Irrigation,Ministry of Jal Shakti,State PWD,Shapoorji Pallonji Infra,Chhattisgarh,1175.52,534.86,0.0,False,2017-01-19,48,48,2020-12-29,2020-12-29,0,False,98.0,100.0,830.8,70.7,12,12,None,Completed,1.8,Low
PRJ01199,Chhattisgarh Petroleum & Natural Gas Infra Development Phase-56,Petroleum & Natural Gas,Ministry of Petroleum & Natural Gas,ONGC,Larsen & Toubro Infra,Chhattisgarh,1754.02,1386.17,0.0,False,2018-04-27,36,36,2021-04-11,2021-04-11,0,False,86.1,22.8,315.63,18.0,12,10,None,On Track,0.0,Low
PRJ01200,Chhattisgarh Inland Waterways Infra Development Phase-57,Inland Waterways,"Ministry of Ports, Shipping & Waterways",Deendayal Port Trust,NCC Limited,Chhattisgarh,1892.77,2043.5,7.96,True,2021-01-22,48,83,2025-01-01,2027-11-17,35,True,61.3,75.1,1535.25,81.1,12,7,COVID-19 related disruption,Delayed,35.7,Medium
PRJ01201,Chhattisgarh Fertilizers Infra Development Phase-58,Fertilizers,Ministry of Chemicals & Fertilizers,IFFCO,Reliance Infrastructure,Chhattisgarh,922.12,2999.94,225.33,True,2019-05-03,36,43,2022-04-17,2022-11-13,7,True,84.8,3.3,99.59,10.8,8,7,Geological surprises,Delayed,100.0,High
PRJ01202,Chhattisgarh Inland Waterways Infra Development Phase-59,Inland Waterways,"Ministry of Ports, Shipping & Waterways",PowerGrid,Larsen & Toubro Infra,Chhattisgarh,515.47,725.73,40.79,True,2022-04-28,36,40,2025-04-12,2025-08-10,4,True,79.9,100.0,1341.81,100.0,10,8,Law and order problems,Delayed,38.4,Medium
PRJ01203,Chhattisgarh Rural Infrastructure Infra Development Phase-60,Rural Infrastructure,Ministry of Rural Development,IRCON,Patel Engineering,Chhattisgarh,3843.49,766.65,0.0,False,2017-08-10,36,55,2020-07-25,2022-02-15,19,True,70.4,68.8,527.66,13.7,8,6,Geological surprises; Monsoon/weather delays,Delayed,20.4,Low
PRJ01204,Chhattisgarh Coal Infra Development Phase-61,Coal,Ministry of Coal,IRCTC,GMR Infrastructure,Chhattisgarh,1668.43,4893.44,193.3,True,2022-01-31,36,69,2025-01-15,2027-10-02,33,True,60.9,17.4,851.27,51.0,4,2,Forest/environment clearance delay,Delayed,100.0,High
PRJ01205,Chhattisgarh Postal Infrastructure Infra Development Phase-62,Postal Infrastructure,Ministry of Communications,GAIL,Dilip Buildcon Ltd,Chhattisgarh,4225.46,915.51,0.0,False,2018-10-10,48,48,2022-09-19,2022-09-19,0,False,100.0,100.0,1349.05,31.9,4,4,None,Completed,4.4,Low
PRJ01206,Chhattisgarh Housing Infra Development Phase-63,Housing,Ministry of Housing & Urban Affairs,HUDCO,Gammon India,Chhattisgarh,5718.0,920.34,0.0,False,2018-04-21,36,36,2021-04-05,2021-04-05,0,False,100.0,100.0,980.67,17.2,4,4,None,Completed,9.8,Low
PRJ01207,Chhattisgarh Petroleum & Natural Gas Infra Development Phase-64,Petroleum & Natural Gas,Ministry of Petroleum & Natural Gas,State Irrigation Dept,Afcons Infrastructure,Chhattisgarh,2188.38,2759.08,26.08,True,2020-08-28,84,116,2027-07-23,2030-03-09,32,True,46.5,23.6,650.82,29.7,10,5,Utility shifting delay,Delayed,53.0,High
PRJ01208,Chhattisgarh Petroleum & Natural Gas Infra Development Phase-65,Petroleum & Natural Gas,Ministry of Petroleum & Natural Gas,NTPC,GMR Infrastructure,Chhattisgarh,3615.77,396.57,0.0,False,2020-08-28,48,91,2024-08-07,2028-02-18,43,True,64.6,100.0,765.32,21.2,6,4,Shortage of skilled manpower,Delayed,44.2,Medium
PRJ01209,Chhattisgarh Water Supply & Sanitation Infra Development Phase-66,Water Supply & Sanitation,Ministry of Jal Shakti,ONGC,Shapoorji Pallonji Infra,Chhattisgarh,1563.03,2336.95,49.51,True,2021-03-19,36,54,2024-03-03,2025-08-25,18,True,74.8,27.9,651.53,41.7,6,4,Monsoon/weather delays,Delayed,58.6,High
PRJ01210,Chhattisgarh Healthcare Infrastructure Infra Development Phase-67,Healthcare Infrastructure,Ministry of Health & Family Welfare,BSNL,Larsen & Toubro Infra,Chhattisgarh,768.53,1972.76,156.69,True,2017-08-11,36,85,2020-07-26,2024-08-04,49,True,87.5,73.7,1454.71,100.0,10,9,Geological surprises,Delayed,100.0,High
PRJ01211,Chhattisgarh Education Infrastructure Infra Development Phase-68,Education Infrastructure,Ministry of Education,State Irrigation Dept,KNR Constructions,Chhattisgarh,2153.17,464.58,0.0,False,2018-12-31,48,48,2022-12-10,2022-12-10,0,False,100.0,100.0,1481.64,68.8,10,10,None,Completed,5.4,Low
PRJ01212,Chhattisgarh Irrigation Infra Development Phase-69,Irrigation,Ministry of Jal Shakti,PowerGrid,Shapoorji Pallonji Infra,Chhattisgarh,1351.32,708.98,0.0,False,2022-02-18,84,84,2029-01-12,2029-01-12,0,False,63.0,63.5,450.52,33.3,6,4,None,On Track,9.9,Low
PRJ01213,Chhattisgarh Fertilizers Infra Development Phase-70,Fertilizers,Ministry of Chemicals & Fertilizers,AAI,GMR Infrastructure,Chhattisgarh,2960.35,3429.58,15.85,True,2020-01-10,36,86,2022-12-25,2027-02-02,50,True,64.2,37.4,1283.56,43.4,6,4,Contractual issues; Land acquisition delay,Delayed,58.6,High
PRJ01214,Chhattisgarh Healthcare Infrastructure Infra Development Phase-71,Healthcare Infrastructure,Ministry of Health & Family Welfare,IRCON,IRB Infrastructure,Chhattisgarh,888.78,942.7,6.07,True,2020-02-24,24,70,2022-02-13,2025-11-24,46,True,87.1,100.0,1882.65,100.0,6,5,COVID-19 related disruption,Delayed,40.4,Medium
PRJ01215,Chhattisgarh Urban Development Infra Development Phase-72,Urban Development,Ministry of Housing & Urban Affairs,State PWD,Larsen & Toubro Infra,Chhattisgarh,1528.35,790.78,0.0,False,2018-12-03,96,96,2026-10-22,2026-10-22,0,False,97.3,100.0,1061.48,69.5,8,8,None,On Track,2.8,Low
PRJ01216,Chhattisgarh Petroleum & Natural Gas Infra Development Phase-73,Petroleum & Natural Gas,Ministry of Petroleum & Natural Gas,RITES,Larsen & Toubro Infra,Chhattisgarh,1433.19,2295.63,60.18,True,2018-10-05,48,84,2022-09-14,2025-08-29,36,True,83.8,23.2,532.18,37.1,12,10,Shortage of skilled manpower,Delayed,68.7,High
PRJ01217,Chhattisgarh Ports & Shipping Infra Development Phase-74,Ports & Shipping,"Ministry of Ports, Shipping & Waterways",State PWD,KNR Constructions,Chhattisgarh,2308.25,919.33,0.0,False,2022-11-08,48,48,2026-10-18,2026-10-18,0,False,92.0,34.1,313.06,13.6,10,9,None,On Track,6.4,Low
PRJ01218,Chhattisgarh Renewable Energy Infra Development Phase-75,Renewable Energy,Ministry of New & Renewable Energy,IWAI,Larsen & Toubro Infra,Chhattisgarh,1179.22,1529.96,29.74,True,2022-04-24,24,74,2024-04-13,2028-05-22,50,True,57.7,58.8,899.69,76.3,10,6,Land acquisition delay; Court cases/litigation,Delayed,64.8,High
PRJ01219,Chhattisgarh Water Supply & Sanitation Infra Development Phase-76,Water Supply & Sanitation,Ministry of Jal Shakti,Coal India Ltd,Shapoorji Pallonji Infra,Chhattisgarh,1959.9,1556.93,0.0,False,2019-10-13,72,72,2025-09-11,2025-09-11,0,False,85.6,16.9,262.52,13.4,8,7,None,On Track,4.4,Low
PRJ01220,Chhattisgarh Water Supply & Sanitation Infra Development Phase-77,Water Supply & Sanitation,Ministry of Jal Shakti,IWAI,HCC (Hindustan Construction),Chhattisgarh,1301.92,1809.79,39.01,True,2019-06-30,36,82,2022-06-14,2026-03-25,46,True,71.2,42.1,762.24,58.5,12,9,Land acquisition delay,Delayed,68.6,High
PRJ01221,Assam Water Supply & Sanitation Infra Development Phase-1,Water Supply & Sanitation,Ministry of Jal Shakti,IRCON,Larsen & Toubro Infra,Assam,2446.67,3921.43,60.28,True,2017-06-14,36,55,2020-05-29,2021-12-20,19,True,80.6,29.8,1169.46,47.8,10,8,Poor contractor mobilization,Delayed,57.6,High
PRJ01222,Assam Telecommunications Infra Development Phase-2,Telecommunications,Ministry of Communications,SAIL,GMR Infrastructure,Assam,1969.79,828.31,0.0,False,2022-05-18,96,129,2030-04-06,2032-12-21,33,True,28.5,54.5,451.28,22.9,4,1,Monsoon/weather delays; Change in project scope,Delayed,40.0,Medium
PRJ01223,Assam Ports & Shipping Infra Development Phase-3,Ports & Shipping,"Ministry of Ports, Shipping & Waterways",NHPC,Tata Projects,Assam,2467.4,2647.52,7.3,True,2017-02-20,72,78,2023-01-20,2023-07-19,6,True,90.5,70.6,1869.35,75.8,10,9,Contractual issues,Delayed,18.7,Low
PRJ01224,Assam Irrigation Infra Development Phase-4,Irrigation,Ministry of Jal Shakti,RITES,GMR Infrastructure,Assam,1086.57,1366.17,25.73,True,2019-09-07,48,82,2023-08-17,2026-06-02,34,True,73.8,66.9,913.7,84.1,4,3,Monsoon/weather delays,Delayed,50.1,High
PRJ01225,Assam Rural Infrastructure Infra Development Phase-5,Rural Infrastructure,Ministry of Rural Development,RITES,Larsen & Toubro Infra,Assam,719.94,744.06,3.35,True,2018-10-25,60,84,2023-09-29,2025-09-18,24,True,74.4,60.6,451.11,62.7,10,7,COVID-19 related disruption,Delayed,23.6,Low
PRJ01226,Assam Urban Development Infra Development Phase-6,Urban Development,Ministry of Housing & Urban Affairs,PowerGrid,Sadbhav Engineering,Assam,686.29,967.15,40.92,True,2021-07-19,36,65,2024-07-03,2026-11-20,29,True,73.2,37.2,359.88,52.4,6,4,COVID-19 related disruption; Court cases/litigation,Delayed,58.1,High
PRJ01227,Assam Fertilizers Infra Development Phase-7,Fertilizers,Ministry of Chemicals & Fertilizers,NHAI,GMR Infrastructure,Assam,1590.46,1129.25,0.0,False,2017-10-17,72,111,2023-09-16,2026-11-29,39,True,71.0,100.0,1260.53,79.3,10,7,Forest/environment clearance delay; Contractual issues,Delayed,36.1,Medium
PRJ01228,Assam Water Supply & Sanitation Infra Development Phase-8,Water Supply & Sanitation,Ministry of Jal Shakti,NBCC,Shapoorji Pallonji Infra,Assam,564.78,3442.37,509.51,True,2019-04-29,96,125,2027-03-18,2029-08-04,29,True,47.3,47.4,1632.0,100.0,4,2,Forest/environment clearance delay; Delay in tendering/equipment supply,Delayed,100.0,High
PRJ01229,Assam Rural Infrastructure Infra Development Phase-9,Rural Infrastructure,Ministry of Rural Development,AAI,Larsen & Toubro Infra,Assam,2800.23,1134.32,0.0,False,2017-07-31,36,36,2020-07-15,2020-07-15,0,False,100.0,100.0,1432.06,51.1,4,4,None,Completed,4.6,Low
PRJ01230,Assam Water Resources Infra Development Phase-10,Water Resources,Ministry of Jal Shakti,AAI,Afcons Infrastructure,Assam,590.56,1374.4,132.73,True,2022-03-22,36,74,2025-03-06,2028-04-19,38,True,52.6,55.5,762.37,100.0,12,6,Court cases/litigation,Delayed,100.0,High
PRJ01231,Assam Irrigation Infra Development Phase-11,Irrigation,Ministry of Jal Shakti,GAIL,GMR Infrastructure,Assam,2673.01,1541.77,0.0,False,2017-10-02,48,96,2021-09-11,2025-08-21,48,True,80.4,51.6,795.24,29.8,12,10,Contractual issues,Delayed,40.2,Medium
PRJ01232,Assam Mining Infra Development Phase-12,Mining,Ministry of Mines,Coal India Ltd,Larsen & Toubro Infra,Assam,1038.07,1527.46,47.14,True,2018-04-11,72,123,2024-03-10,2028-05-18,51,True,71.0,78.8,1203.99,100.0,10,7,Shortage of skilled manpower,Delayed,80.8,High
PRJ01233,Assam Mining Infra Development Phase-13,Mining,Ministry of Mines,AAI,Larsen & Toubro Infra,Assam,1498.81,3683.09,145.73,True,2020-01-01,24,65,2021-12-21,2025-05-04,41,True,84.6,12.1,445.86,29.7,12,10,Delay in tendering/equipment supply; Land acquisition delay,Delayed,100.0,High
PRJ01234,Assam Ports & Shipping Infra Development Phase-14,Ports & Shipping,"Ministry of Ports, Shipping & Waterways",AAI,Megha Engineering (MEIL),Assam,838.0,522.22,0.0,False,2020-11-15,60,60,2025-10-20,2025-10-20,0,False,100.0,100.0,1634.83,100.0,10,10,None,Completed,0.0,Low
PRJ01235,Assam Housing Infra Development Phase-15,Housing,Ministry of Housing & Urban Affairs,HUDCO,GMR Infrastructure,Assam,1267.2,3379.16,166.66,True,2022-11-28,36,44,2025-11-12,2026-07-10,8,True,83.9,38.3,1293.53,100.0,4,3,Rehabilitation & resettlement issues; Shortage of skilled manpower,Delayed,100.0,High
PRJ01236,Assam Education Infrastructure Infra Development Phase-16,Education Infrastructure,Ministry of Education,AAI,KNR Constructions,Assam,1551.34,1872.29,20.69,True,2017-09-26,36,69,2020-09-10,2023-05-28,33,True,71.8,29.9,560.01,36.1,6,4,Funding constraints; Forest/environment clearance delay,Delayed,54.8,High
PRJ01237,Assam Water Resources Infra Development Phase-17,Water Resources,Ministry of Jal Shakti,GAIL,IRB Infrastructure,Assam,1309.84,2820.03,115.3,True,2020-03-27,72,113,2026-02-24,2029-07-08,41,True,45.4,31.5,889.21,67.9,4,2,Law and order problems,Delayed,100.0,High
PRJ01238,Assam Coal Infra Development Phase-18,Coal,Ministry of Coal,NTPC,IRB Infrastructure,Assam,453.46,1039.61,129.26,True,2018-08-30,48,57,2022-08-09,2023-05-06,9,True,85.6,80.0,832.11,100.0,10,9,Geological surprises,Delayed,100.0,High
PRJ01239,Assam Telecommunications Infra Development Phase-19,Telecommunications,Ministry of Communications,NMDC,Larsen & Toubro Infra,Assam,2043.71,1222.83,0.0,False,2017-04-03,48,72,2021-03-13,2023-03-03,24,True,93.4,51.2,626.52,30.7,8,7,Contractual issues; Shortage of skilled manpower,Delayed,28.4,Medium
PRJ01240,Assam Irrigation Infra Development Phase-20,Irrigation,Ministry of Jal Shakti,State PWD,IRB Infrastructure,Assam,1422.92,1844.23,29.61,True,2021-12-24,60,86,2026-11-28,2029-01-16,26,True,57.0,85.0,1566.84,100.0,4,2,Geological surprises; Forest/environment clearance delay,Delayed,40.7,Medium
PRJ01241,Assam Roads & Highways Infra Development Phase-21,Roads & Highways,Ministry of Road Transport & Highways,Coal India Ltd,Shapoorji Pallonji Infra,Assam,693.78,1105.0,59.27,True,2022-10-30,60,67,2027-10-04,2028-05-01,7,True,57.4,18.7,207.07,29.8,8,5,Utility shifting delay; Monsoon/weather delays,Delayed,54.5,High
PRJ01242,Assam Fertilizers Infra Development Phase-22,Fertilizers,Ministry of Chemicals & Fertilizers,IRCTC,Dilip Buildcon Ltd,Assam,1415.18,943.44,0.0,False,2022-06-15,24,24,2024-06-04,2024-06-04,0,False,93.7,100.0,1363.65,96.4,12,11,None,On Track,3.3,Low
PRJ01243,Assam Rural Infrastructure Infra Development Phase-23,Rural Infrastructure,Ministry of Rural Development,ABC Infrastructure Ltd.,Tata Projects,Assam,1798.9,555.23,0.0,False,2022-12-12,48,48,2026-11-21,2026-11-21,0,False,91.8,100.0,1542.35,85.7,12,11,None,On Track,0.0,Low
PRJ01244,Assam Urban Development Infra Development Phase-24,Urban Development,Ministry of Housing & Urban Affairs,State Irrigation Dept,Afcons Infrastructure,Assam,1442.82,1209.54,0.0,False,2020-05-30,48,48,2024-05-09,2024-05-09,0,False,98.6,73.5,889.59,61.7,12,12,None,Completed,3.8,Low
PRJ01245,Assam Civil Aviation Infra Development Phase-25,Civil Aviation,Ministry of Civil Aviation,RITES,Larsen & Toubro Infra,Assam,2896.82,1699.87,0.0,False,2018-12-05,48,55,2022-11-14,2023-06-12,7,True,91.0,7.0,119.83,4.1,8,7,Monsoon/weather delays,Delayed,13.4,Low
PRJ01246,Assam Irrigation Infra Development Phase-26,Irrigation,Ministry of Jal Shakti,RITES,NCC Limited,Assam,316.96,1663.74,424.91,True,2017-07-13,60,99,2022-06-17,2025-08-30,39,True,92.3,22.1,367.89,100.0,6,6,Rehabilitation & resettlement issues; Shortage of skilled manpower,Delayed,100.0,High
PRJ01247,Assam Power Infra Development Phase-27,Power,Ministry of Power,Deendayal Port Trust,Larsen & Toubro Infra,Assam,791.27,1958.08,147.46,True,2018-10-21,60,70,2023-09-25,2024-07-21,10,True,83.7,28.6,560.0,70.8,12,10,Law and order problems; Funding constraints,Delayed,100.0,High
PRJ01248,Assam Rural Infrastructure Infra Development Phase-28,Rural Infrastructure,Ministry of Rural Development,PowerGrid,Shapoorji Pallonji Infra,Assam,1914.4,2376.87,24.16,True,2018-10-23,60,96,2023-09-27,2026-09-11,36,True,87.6,40.4,959.69,50.1,6,5,Forest/environment clearance delay,Delayed,46.2,Medium
PRJ01249,Assam Mining Infra Development Phase-29,Mining,Ministry of Mines,IWAI,Afcons Infrastructure,Assam,1025.0,511.95,0.0,False,2018-06-03,48,48,2022-05-13,2022-05-13,0,False,85.4,100.0,1484.8,100.0,10,9,None,On Track,0.0,Low
PRJ01250,Assam Coal Infra Development Phase-30,Coal,Ministry of Coal,AAI,Shapoorji Pallonji Infra,Assam,407.78,2426.18,494.97,True,2019-01-26,48,86,2023-01-05,2026-02-18,38,True,76.8,17.2,417.73,100.0,6,5,Utility shifting delay,Delayed,100.0,High
PRJ01251,Assam Irrigation Infra Development Phase-31,Irrigation,Ministry of Jal Shakti,PowerGrid,Larsen & Toubro Infra,Assam,3256.77,1647.9,0.0,False,2021-03-08,60,60,2026-02-10,2026-02-10,0,False,94.9,57.1,941.55,28.9,10,9,None,On Track,0.6,Low
PRJ01252,Assam Postal Infrastructure Infra Development Phase-32,Postal Infrastructure,Ministry of Communications,GAIL,GR Infraprojects,Assam,766.86,2935.07,282.74,True,2022-12-26,24,65,2024-12-15,2028-04-28,41,True,53.0,8.7,255.4,33.3,8,4,Land acquisition delay,Delayed,100.0,High
PRJ01253,Assam Water Resources Infra Development Phase-33,Water Resources,Ministry of Jal Shakti,BSNL,Larsen & Toubro Infra,Assam,983.66,832.33,0.0,False,2018-08-19,60,60,2023-07-24,2023-07-24,0,False,98.3,100.0,1722.78,100.0,10,10,None,Completed,1.7,Low
PRJ01254,Assam Mining Infra Development Phase-34,Mining,Ministry of Mines,PowerGrid,GMR Infrastructure,Assam,1337.99,3096.42,131.42,True,2017-01-18,48,74,2020-12-28,2023-02-16,26,True,71.2,12.6,391.08,29.2,12,9,Rehabilitation & resettlement issues; Shortage of skilled manpower,Delayed,100.0,High
PRJ01255,Assam Steel Infra Development Phase-35,Steel,Ministry of Steel,IWAI,Larsen & Toubro Infra,Assam,3166.38,4659.52,47.16,True,2018-08-26,24,35,2020-08-15,2021-07-11,11,True,90.6,18.0,839.84,26.5,12,11,Utility shifting delay; Court cases/litigation,Delayed,48.9,Medium
PRJ01256,Assam Inland Waterways Infra Development Phase-36,Inland Waterways,"Ministry of Ports, Shipping & Waterways",BSNL,Larsen & Toubro Infra,Assam,1414.53,2443.02,72.71,True,2017-06-14,72,115,2023-05-14,2026-11-24,43,True,69.5,38.1,930.79,65.8,6,4,Rehabilitation & resettlement issues,Delayed,87.0,High
PRJ01257,Assam Roads & Highways Infra Development Phase-37,Roads & Highways,Ministry of Road Transport & Highways,SAIL,GR Infraprojects,Assam,963.85,601.53,0.0,False,2019-06-22,60,60,2024-05-26,2024-05-26,0,False,86.0,100.0,933.54,96.9,10,9,None,On Track,4.6,Low
PRJ01258,Assam Irrigation Infra Development Phase-38,Irrigation,Ministry of Jal Shakti,RVNL,Dilip Buildcon Ltd,Assam,5589.47,1144.77,0.0,False,2020-08-29,72,116,2026-07-29,2030-03-10,44,True,51.4,33.9,388.05,6.9,4,2,Shortage of skilled manpower,Delayed,46.5,Medium
PRJ01259,Assam Coal Infra Development Phase-39,Coal,Ministry of Coal,ONGC,Sadbhav Engineering,Assam,1736.79,1094.31,0.0,False,2017-04-03,60,60,2022-03-08,2022-03-08,0,False,100.0,63.4,693.36,39.9,4,4,None,Completed,4.6,Low
PRJ01260,Assam Postal Infrastructure Infra Development Phase-40,Postal Infrastructure,Ministry of Communications,State Irrigation Dept,Larsen & Toubro Infra,Assam,1527.09,1643.92,7.65,True,2017-12-24,48,72,2021-12-03,2023-11-23,24,True,73.7,24.7,406.61,26.6,12,9,Geological surprises; Shortage of skilled manpower,Delayed,33.2,Medium
PRJ01261,Assam Mining Infra Development Phase-41,Mining,Ministry of Mines,Deendayal Port Trust,Tata Projects,Assam,443.45,2932.29,561.24,True,2022-09-27,36,49,2025-09-11,2026-10-06,13,True,73.1,30.7,899.22,100.0,4,3,Price escalation of raw materials; Funding constraints,Delayed,100.0,High
PRJ01262,Assam Water Supply & Sanitation Infra Development Phase-42,Water Supply & Sanitation,Ministry of Jal Shakti,AAI,Shapoorji Pallonji Infra,Assam,1791.4,910.88,0.0,False,2021-05-01,72,72,2027-03-31,2027-03-31,0,False,75.2,57.4,522.6,29.2,8,6,None,On Track,5.0,Low
PRJ01263,Assam Roads & Highways Infra Development Phase-43,Roads & Highways,Ministry of Road Transport & Highways,RITES,Larsen & Toubro Infra,Assam,2363.03,3952.83,67.28,True,2020-11-13,48,97,2024-10-23,2028-11-01,49,True,50.6,20.5,810.21,34.3,8,4,COVID-19 related disruption; Poor contractor mobilization,Delayed,94.5,High
PRJ01264,Assam Postal Infrastructure Infra Development Phase-44,Postal Infrastructure,Ministry of Communications,RVNL,IRB Infrastructure,Assam,490.79,2649.38,439.82,True,2019-06-03,36,77,2022-05-18,2025-09-29,41,True,77.8,39.0,1032.57,100.0,10,8,COVID-19 related disruption; Contractual issues,Delayed,100.0,High
PRJ01265,Assam Power Infra Development Phase-45,Power,Ministry of Power,State PWD,IRB Infrastructure,Assam,3048.62,2310.93,0.0,False,2021-08-24,60,60,2026-07-29,2026-07-29,0,False,86.6,33.3,769.53,25.2,6,5,None,On Track,9.5,Low
PRJ01266,Assam Healthcare Infrastructure Infra Development Phase-46,Healthcare Infrastructure,Ministry of Health & Family Welfare,Deendayal Port Trust,Larsen & Toubro Infra,Assam,4896.02,836.58,0.0,False,2017-12-19,48,48,2021-11-28,2021-11-28,0,False,93.9,83.5,698.3,14.3,6,6,None,On Track,6.7,Low
PRJ01267,Assam Renewable Energy Infra Development Phase-47,Renewable Energy,Ministry of New & Renewable Energy,RITES,Shapoorji Pallonji Infra,Assam,3269.56,4911.79,50.23,True,2022-04-29,60,93,2027-04-03,2029-12-18,33,True,45.1,11.0,539.54,16.5,12,5,Funding constraints; COVID-19 related disruption,Delayed,73.2,High
PRJ01268,Assam Healthcare Infrastructure Infra Development Phase-48,Healthcare Infrastructure,Ministry of Health & Family Welfare,SAIL,GR Infraprojects,Assam,838.85,4945.67,489.58,True,2017-12-29,24,63,2019-12-19,2023-03-03,39,True,92.8,15.8,783.4,93.4,4,4,Delay in tendering/equipment supply; Geological surprises,Delayed,100.0,High
PRJ01269,Assam Power Infra Development Phase-49,Power,Ministry of Power,NHPC,Afcons Infrastructure,Assam,3121.35,1177.92,0.0,False,2022-03-08,24,24,2024-02-26,2024-02-26,0,False,86.7,37.6,442.5,14.2,12,10,None,On Track,5.9,Low
PRJ01270,Assam Civil Aviation Infra Development Phase-50,Civil Aviation,Ministry of Civil Aviation,ONGC,Shapoorji Pallonji Infra,Assam,2107.27,1069.74,0.0,False,2019-02-01,48,48,2023-01-11,2023-01-11,0,False,100.0,100.0,1118.36,53.1,10,10,None,Completed,5.3,Low
PRJ01271,Assam Steel Infra Development Phase-51,Steel,Ministry of Steel,NHPC,Afcons Infrastructure,Assam,1183.78,1474.55,24.56,True,2022-07-03,60,109,2027-06-07,2031-06-16,49,True,34.7,63.5,935.61,79.0,4,1,Rehabilitation & resettlement issues; Shortage of skilled manpower,Delayed,63.2,High
PRJ01272,Assam Postal Infrastructure Infra Development Phase-52,Postal Infrastructure,Ministry of Communications,State Irrigation Dept,Shapoorji Pallonji Infra,Assam,2743.47,2155.72,0.0,False,2019-07-09,48,48,2023-06-18,2023-06-18,0,False,96.0,39.5,851.7,31.0,4,4,None,On Track,10.3,Low
PRJ01273,Assam Roads & Highways Infra Development Phase-53,Roads & Highways,Ministry of Road Transport & Highways,PowerGrid,Shapoorji Pallonji Infra,Assam,1854.12,576.19,0.0,False,2019-12-12,60,80,2024-11-15,2026-07-08,20,True,80.9,100.0,2100.25,100.0,8,6,Change in project scope; Utility shifting delay,Delayed,16.7,Low
PRJ01274,Assam Rural Infrastructure Infra Development Phase-54,Rural Infrastructure,Ministry of Rural Development,RITES,Larsen & Toubro Infra,Assam,1440.87,876.53,0.0,False,2021-09-05,84,84,2028-07-30,2028-07-30,0,False,69.0,100.0,1822.98,100.0,6,4,None,On Track,3.3,Low
PRJ01275,Assam Housing Infra Development Phase-55,Housing,Ministry of Housing & Urban Affairs,ABC Infrastructure Ltd.,Shapoorji Pallonji Infra,Assam,1031.37,2311.77,124.15,True,2019-09-30,84,134,2026-08-24,2030-10-02,50,True,52.4,15.0,347.68,33.7,4,2,Delay in tendering/equipment supply,Delayed,100.0,High
PRJ01276,Assam Housing Infra Development Phase-56,Housing,Ministry of Housing & Urban Affairs,RVNL,GR Infraprojects,Assam,872.98,3161.56,262.16,True,2021-01-21,84,124,2027-12-16,2031-03-30,40,True,36.4,35.4,1118.6,100.0,12,4,Poor contractor mobilization; Monsoon/weather delays,Delayed,100.0,High
PRJ01277,Assam Coal Infra Development Phase-57,Coal,Ministry of Coal,NMDC,NCC Limited,Assam,1603.88,2468.56,53.91,True,2022-05-04,60,94,2027-04-08,2030-01-22,34,True,42.1,30.9,762.19,47.5,4,2,Land acquisition delay; Poor contractor mobilization,Delayed,73.8,High
PRJ01278,Assam Coal Infra Development Phase-58,Coal,Ministry of Coal,GAIL,Shapoorji Pallonji Infra,Assam,1133.24,2994.15,164.21,True,2017-08-28,48,64,2021-08-07,2022-11-30,16,True,74.6,33.1,991.1,87.5,6,4,COVID-19 related disruption; Monsoon/weather delays,Delayed,100.0,High
PRJ01279,Assam Civil Aviation Infra Development Phase-59,Civil Aviation,Ministry of Civil Aviation,AAI,GR Infraprojects,Assam,1853.14,3146.68,69.8,True,2018-10-31,36,41,2021-10-15,2022-03-14,5,True,70.2,19.3,607.69,32.8,4,3,Court cases/litigation; Geological surprises,Delayed,58.1,High
PRJ01280,Assam Fertilizers Infra Development Phase-60,Fertilizers,Ministry of Chemicals & Fertilizers,AAI,GMR Infrastructure,Assam,2754.16,3263.22,18.48,True,2017-07-19,84,90,2024-06-12,2024-12-09,6,True,82.5,23.8,775.64,28.2,8,7,Funding constraints; Delay in tendering/equipment supply,Delayed,19.9,Low
PRJ01281,Assam Renewable Energy Infra Development Phase-61,Renewable Energy,Ministry of New & Renewable Energy,NMDC,Larsen & Toubro Infra,Assam,1344.34,2364.96,75.92,True,2019-01-21,60,107,2023-12-26,2027-11-05,47,True,70.0,25.1,593.17,44.1,4,3,Utility shifting delay,Delayed,90.8,High
PRJ01282,Assam Mining Infra Development Phase-62,Mining,Ministry of Mines,IFFCO,Shapoorji Pallonji Infra,Assam,975.96,1335.47,36.84,True,2020-05-18,60,108,2025-04-22,2029-04-01,48,True,60.5,26.2,349.66,35.8,8,5,Change in project scope; Delay in tendering/equipment supply,Delayed,70.1,High
PRJ01283,Assam Healthcare Infrastructure Infra Development Phase-63,Healthcare Infrastructure,Ministry of Health & Family Welfare,AAI,Megha Engineering (MEIL),Assam,1871.26,395.17,0.0,False,2018-08-12,60,60,2023-07-17,2023-07-17,0,False,100.0,100.0,1891.45,100.0,4,4,None,Completed,2.8,Low
PRJ01284,Assam Civil Aviation Infra Development Phase-64,Civil Aviation,Ministry of Civil Aviation,HUDCO,NCC Limited,Assam,1095.48,3648.96,233.09,True,2020-02-27,48,62,2024-02-06,2025-04-01,14,True,74.7,5.2,190.68,17.4,8,6,Poor contractor mobilization; Law and order problems,Delayed,100.0,High
PRJ01285,Assam Power Infra Development Phase-65,Power,Ministry of Power,NTPC,Shapoorji Pallonji Infra,Assam,1944.23,2077.5,6.85,True,2019-06-12,72,100,2025-05-11,2027-08-29,28,True,71.2,14.4,299.75,15.4,6,4,Geological surprises,Delayed,29.5,Medium
PRJ01286,Assam Postal Infrastructure Infra Development Phase-66,Postal Infrastructure,Ministry of Communications,Deendayal Port Trust,Tata Projects,Assam,580.27,2062.49,255.44,True,2022-11-24,36,82,2025-11-08,2029-08-19,46,True,34.9,18.5,382.43,65.9,12,4,Poor contractor mobilization,Delayed,100.0,High
PRJ01287,Assam Urban Development Infra Development Phase-67,Urban Development,Ministry of Housing & Urban Affairs,RVNL,Patel Engineering,Assam,2219.17,3235.39,45.79,True,2018-04-23,48,69,2022-04-02,2023-12-23,21,True,92.6,49.6,1605.54,72.3,6,6,Monsoon/weather delays,Delayed,47.2,Medium
PRJ01288,Assam Irrigation Infra Development Phase-68,Irrigation,Ministry of Jal Shakti,RITES,Shapoorji Pallonji Infra,Assam,2092.86,695.64,0.0,False,2021-01-25,36,36,2024-01-10,2024-01-10,0,False,100.0,100.0,822.12,39.3,6,6,None,Completed,5.1,Low
PRJ01289,Assam Urban Development Infra Development Phase-69,Urban Development,Ministry of Housing & Urban Affairs,Deendayal Port Trust,Sadbhav Engineering,Assam,1368.89,2154.32,57.38,True,2022-11-13,72,95,2028-10-12,2030-09-02,23,True,31.3,19.0,409.98,29.9,8,3,Rehabilitation & resettlement issues,Delayed,71.7,High
PRJ01290,Assam Roads & Highways Infra Development Phase-70,Roads & Highways,Ministry of Road Transport & Highways,NTPC,Shapoorji Pallonji Infra,Assam,1638.99,1300.52,0.0,False,2019-06-30,60,60,2024-06-03,2024-06-03,0,False,99.9,54.7,711.39,43.4,6,6,None,Completed,2.0,Low
PRJ01291,Assam Civil Aviation Infra Development Phase-71,Civil Aviation,Ministry of Civil Aviation,ABC Infrastructure Ltd.,Shapoorji Pallonji Infra,Assam,2085.61,1980.08,0.0,False,2019-07-18,36,67,2022-07-02,2025-01-17,31,True,86.6,92.2,1825.53,87.5,8,7,Geological surprises,Delayed,27.4,Medium
PRJ01292,Assam Civil Aviation Infra Development Phase-72,Civil Aviation,Ministry of Civil Aviation,RVNL,Dilip Buildcon Ltd,Assam,3166.19,4439.24,40.21,True,2021-10-07,72,91,2027-09-06,2029-03-29,19,True,54.1,18.4,817.03,25.8,4,2,Land acquisition delay,Delayed,53.1,High
PRJ01293,Assam Housing Infra Development Phase-73,Housing,Ministry of Housing & Urban Affairs,State PWD,Afcons Infrastructure,Assam,721.38,1469.84,103.75,True,2017-06-24,48,70,2021-06-03,2023-03-25,22,True,93.5,50.8,746.54,100.0,6,6,Forest/environment clearance delay,Delayed,93.5,High
PRJ01294,Assam Rural Infrastructure Infra Development Phase-74,Rural Infrastructure,Ministry of Rural Development,HUDCO,Afcons Infrastructure,Assam,1754.97,2227.15,26.91,True,2017-08-31,36,68,2020-08-15,2023-04-02,32,True,93.0,29.8,662.81,37.8,10,9,Delay in tendering/equipment supply,Delayed,46.3,Medium
PRJ01295,Assam Railways Infra Development Phase-75,Railways,Ministry of Railways,RVNL,Ashoka Buildcon,Assam,509.02,2007.32,294.35,True,2020-05-20,48,57,2024-04-29,2025-01-24,9,True,82.4,18.0,361.55,71.0,4,3,Change in project scope,Delayed,100.0,High
PRJ01296,Assam Education Infrastructure Infra Development Phase-76,Education Infrastructure,Ministry of Education,ONGC,Larsen & Toubro Infra,Assam,697.05,3016.62,332.77,True,2019-03-31,84,101,2026-02-22,2027-07-17,17,True,68.7,32.5,979.08,100.0,6,4,Land acquisition delay; Forest/environment clearance delay,Delayed,100.0,High
PRJ01297,Rajasthan Civil Aviation Infra Development Phase-1,Civil Aviation,Ministry of Civil Aviation,NBCC,Larsen & Toubro Infra,Rajasthan,1809.07,479.24,0.0,False,2020-11-25,36,67,2023-11-10,2026-05-28,31,True,73.3,100.0,509.81,28.2,8,6,Shortage of skilled manpower,Delayed,31.2,Medium
PRJ01298,Rajasthan Telecommunications Infra Development Phase-2,Telecommunications,Ministry of Communications,IWAI,Simplex Infrastructures,Rajasthan,2850.27,2333.65,0.0,False,2017-10-07,48,48,2021-09-16,2021-09-16,0,False,100.0,28.9,675.52,23.7,4,4,None,Completed,1.6,Low
PRJ01299,Rajasthan Healthcare Infrastructure Infra Development Phase-3,Healthcare Infrastructure,Ministry of Health & Family Welfare,NHAI,Shapoorji Pallonji Infra,Rajasthan,1895.13,2863.62,51.1,True,2022-12-07,84,123,2029-10-31,2033-01-13,39,True,27.5,24.5,701.15,37.0,6,2,Rehabilitation & resettlement issues,Delayed,75.7,High
PRJ01300,Rajasthan Power Infra Development Phase-4,Power,Ministry of Power,NHPC,Patel Engineering,Rajasthan,690.73,1423.86,106.14,True,2017-01-18,72,112,2022-12-18,2026-04-01,40,True,73.6,38.0,540.75,78.3,4,3,Monsoon/weather delays,Delayed,100.0,High
PRJ01301,Rajasthan Irrigation Infra Development Phase-5,Irrigation,Ministry of Jal Shakti,ABC Infrastructure Ltd.,Afcons Infrastructure,Rajasthan,2347.82,2242.29,0.0,False,2019-01-29,60,60,2024-01-03,2024-01-03,0,False,100.0,22.3,500.77,21.3,10,10,None,Completed,4.7,Low
PRJ01302,Rajasthan Rural Infrastructure Infra Development Phase-6,Rural Infrastructure,Ministry of Rural Development,NTPC,GMR Infrastructure,Rajasthan,2494.16,4062.11,62.86,True,2019-01-11,48,78,2022-12-21,2025-06-08,30,True,94.0,17.7,718.44,28.8,8,8,Poor contractor mobilization; Change in project scope,Delayed,70.7,High
PRJ01303,Rajasthan Telecommunications Infra Development Phase-7,Telecommunications,Ministry of Communications,Coal India Ltd,Afcons Infrastructure,Rajasthan,1865.07,1817.17,0.0,False,2021-07-28,48,48,2025-07-07,2025-07-07,0,False,100.0,50.5,917.38,49.2,4,4,None,Completed,1.3,Low
PRJ01304,Rajasthan Mining Infra Development Phase-8,Mining,Ministry of Mines,NTPC,GMR Infrastructure,Rajasthan,577.87,854.8,47.92,True,2022-03-24,24,56,2024-03-13,2026-10-29,32,True,75.7,100.0,1114.98,100.0,4,3,Monsoon/weather delays,Delayed,61.7,High
PRJ01305,Rajasthan Irrigation Infra Development Phase-9,Irrigation,Ministry of Jal Shakti,ABC Infrastructure Ltd.,Afcons Infrastructure,Rajasthan,1196.54,3289.81,174.94,True,2020-03-26,72,85,2026-02-23,2027-03-20,13,True,61.3,7.8,255.35,21.3,12,7,Funding constraints,Delayed,100.0,High
PRJ01306,Rajasthan Mining Infra Development Phase-10,Mining,Ministry of Mines,BSNL,Larsen & Toubro Infra,Rajasthan,636.32,1649.19,159.18,True,2018-04-19,48,87,2022-03-29,2025-06-11,39,True,90.6,38.1,627.52,98.6,10,9,COVID-19 related disruption; Rehabilitation & resettlement issues,Delayed,100.0,High
PRJ01307,Rajasthan Steel Infra Development Phase-11,Steel,Ministry of Steel,IFFCO,Simplex Infrastructures,Rajasthan,2996.06,1358.18,0.0,False,2021-12-24,84,84,2028-11-17,2028-11-17,0,False,57.2,20.5,278.14,9.3,6,3,None,On Track,13.9,Low
PRJ01308,Rajasthan Postal Infrastructure Infra Development Phase-12,Postal Infrastructure,Ministry of Communications,State PWD,KNR Constructions,Rajasthan,3762.92,1738.46,0.0,False,2020-04-05,36,36,2023-03-21,2023-03-21,0,False,97.7,47.9,833.38,22.1,10,10,None,On Track,2.4,Low
PRJ01309,Rajasthan Renewable Energy Infra Development Phase-13,Renewable Energy,Ministry of New & Renewable Energy,RVNL,GMR Infrastructure,Rajasthan,1293.8,1701.04,31.48,True,2022-05-03,84,88,2029-03-27,2029-07-25,4,True,50.2,48.5,825.37,63.8,8,4,Land acquisition delay,Delayed,39.2,Medium
PRJ01310,Rajasthan Rural Infrastructure Infra Development Phase-14,Rural Infrastructure,Ministry of Rural Development,BSNL,Sadbhav Engineering,Rajasthan,1060.84,611.39,0.0,False,2018-03-07,84,133,2025-01-29,2029-02-07,49,True,53.8,100.0,785.61,74.1,10,5,Funding constraints; Forest/environment clearance delay,Delayed,44.4,Medium
PRJ01311,Rajasthan Civil Aviation Infra Development Phase-15,Civil Aviation,Ministry of Civil Aviation,SAIL,Dilip Buildcon Ltd,Rajasthan,958.09,2453.53,156.09,True,2021-06-29,48,61,2025-06-08,2026-07-03,13,True,88.9,29.2,716.46,74.8,12,11,Law and order problems,Delayed,100.0,High
PRJ01312,Rajasthan Ports & Shipping Infra Development Phase-16,Ports & Shipping,"Ministry of Ports, Shipping & Waterways",AAI,Larsen & Toubro Infra,Rajasthan,2332.57,2427.83,4.08,True,2019-03-27,84,102,2026-02-18,2027-08-12,18,True,68.6,26.2,634.92,27.2,8,5,Price escalation of raw materials,Delayed,22.7,Low
PRJ01313,Rajasthan Inland Waterways Infra Development Phase-17,Inland Waterways,"Ministry of Ports, Shipping & Waterways",Coal India Ltd,Larsen & Toubro Infra,Rajasthan,3254.85,1768.56,0.0,False,2021-10-06,72,72,2027-09-05,2027-09-05,0,False,71.2,44.5,787.64,24.2,10,7,None,On Track,14.2,Low
PRJ01314,Rajasthan Coal Infra Development Phase-18,Coal,Ministry of Coal,ABC Infrastructure Ltd.,Shapoorji Pallonji Infra,Rajasthan,2043.53,2319.27,13.49,True,2020-01-24,60,106,2024-12-28,2028-10-08,46,True,56.7,48.8,1130.67,55.3,10,6,Monsoon/weather delays; Utility shifting delay,Delayed,57.4,High
PRJ01315,Rajasthan Education Infrastructure Infra Development Phase-19,Education Infrastructure,Ministry of Education,SAIL,Larsen & Toubro Infra,Rajasthan,2380.79,2972.78,24.87,True,2022-06-08,48,93,2026-05-18,2030-01-27,45,True,37.4,22.3,663.95,27.9,12,4,Contractual issues; Price escalation of raw materials,Delayed,71.6,High
PRJ01316,Rajasthan Urban Development Infra Development Phase-20,Urban Development,Ministry of Housing & Urban Affairs,NTPC,GR Infraprojects,Rajasthan,2871.48,2407.33,0.0,False,2018-05-16,48,48,2022-04-25,2022-04-25,0,False,100.0,16.4,395.89,13.8,8,8,None,Completed,7.1,Low
PRJ01317,Rajasthan Housing Infra Development Phase-21,Housing,Ministry of Housing & Urban Affairs,BSNL,Afcons Infrastructure,Rajasthan,3820.54,1321.19,0.0,False,2019-08-04,96,96,2027-06-23,2027-06-23,0,False,85.5,73.6,972.47,25.5,6,5,None,On Track,6.7,Low
PRJ01318,Rajasthan Roads & Highways Infra Development Phase-22,Roads & Highways,Ministry of Road Transport & Highways,NTPC,Reliance Infrastructure,Rajasthan,2085.54,1137.41,0.0,False,2017-08-05,84,84,2024-06-29,2024-06-29,0,False,92.1,100.0,1277.53,61.3,4,4,None,On Track,0.7,Low
PRJ01319,Rajasthan Housing Infra Development Phase-23,Housing,Ministry of Housing & Urban Affairs,IFFCO,GMR Infrastructure,Rajasthan,1257.71,5550.25,341.3,True,2017-04-20,48,68,2021-03-30,2022-11-20,20,True,73.9,6.9,383.0,30.5,6,4,Utility shifting delay; Funding constraints,Delayed,100.0,High
PRJ01320,Rajasthan Steel Infra Development Phase-24,Steel,Ministry of Steel,Deendayal Port Trust,Larsen & Toubro Infra,Rajasthan,2473.1,2442.75,0.0,False,2018-01-30,60,60,2023-01-04,2023-01-04,0,False,100.0,14.1,343.7,13.9,4,4,None,Completed,3.1,Low
PRJ01321,Rajasthan Rural Infrastructure Infra Development Phase-25,Rural Infrastructure,Ministry of Rural Development,HUDCO,KNR Constructions,Rajasthan,3059.59,1886.99,0.0,False,2022-07-10,60,60,2027-06-14,2027-06-14,0,False,65.1,19.8,374.03,12.2,10,7,None,On Track,9.4,Low
PRJ01322,Rajasthan Renewable Energy Infra Development Phase-26,Renewable Energy,Ministry of New & Renewable Energy,RITES,Patel Engineering,Rajasthan,1380.31,2778.93,101.33,True,2022-08-02,48,72,2026-07-12,2028-07-01,24,True,51.7,28.1,781.16,56.6,10,5,Utility shifting delay; Price escalation of raw materials,Delayed,100.0,High
PRJ01323,Rajasthan Postal Infrastructure Infra Development Phase-27,Postal Infrastructure,Ministry of Communications,NHPC,Larsen & Toubro Infra,Rajasthan,340.77,1433.12,320.55,True,2017-03-14,48,62,2021-02-21,2022-04-17,14,True,89.5,100.0,1947.5,100.0,4,4,Change in project scope; Geological surprises,Delayed,100.0,High
PRJ01324,Rajasthan Urban Development Infra Development Phase-28,Urban Development,Ministry of Housing & Urban Affairs,IRCTC,J Kumar Infraprojects,Rajasthan,1236.05,3307.56,167.59,True,2021-03-22,96,125,2029-02-08,2031-06-28,29,True,41.7,53.8,1779.48,100.0,10,4,Forest/environment clearance delay; Land acquisition delay,Delayed,100.0,High
PRJ01325,Rajasthan Power Infra Development Phase-29,Power,Ministry of Power,NHPC,Larsen & Toubro Infra,Rajasthan,695.13,1662.7,139.19,True,2020-05-26,36,85,2023-05-11,2027-05-20,49,True,65.7,58.6,974.38,100.0,6,4,Poor contractor mobilization; Funding constraints,Delayed,100.0,High
PRJ01326,Rajasthan Steel Infra Development Phase-30,Steel,Ministry of Steel,ABC Infrastructure Ltd.,Shapoorji Pallonji Infra,Rajasthan,206.1,514.84,149.8,True,2021-05-13,60,67,2026-04-17,2026-11-13,7,True,64.9,71.4,367.79,100.0,10,6,Monsoon/weather delays,Delayed,100.0,High
PRJ01327,Rajasthan Rural Infrastructure Infra Development Phase-31,Rural Infrastructure,Ministry of Rural Development,NHPC,Afcons Infrastructure,Rajasthan,1275.87,1961.3,53.72,True,2022-04-09,84,92,2029-03-03,2029-10-29,8,True,48.2,90.2,1768.48,100.0,10,5,Forest/environment clearance delay,Delayed,46.9,Medium
PRJ01328,Rajasthan Water Resources Infra Development Phase-32,Water Resources,Ministry of Jal Shakti,NBCC,GMR Infrastructure,Rajasthan,1540.74,1045.72,0.0,False,2022-07-20,24,24,2024-07-09,2024-07-09,0,False,88.6,100.0,1819.94,100.0,12,11,None,On Track,0.0,Low
PRJ01329,Rajasthan Water Resources Infra Development Phase-33,Water Resources,Ministry of Jal Shakti,Deendayal Port Trust,Gammon India,Rajasthan,2163.05,1826.77,0.0,False,2020-12-15,24,24,2022-12-05,2022-12-05,0,False,88.8,26.7,486.95,22.5,8,7,None,On Track,8.7,Low
PRJ01330,Rajasthan Mining Infra Development Phase-34,Mining,Ministry of Mines,IRCON,GMR Infrastructure,Rajasthan,2366.35,1682.47,0.0,False,2017-04-26,36,36,2020-04-10,2020-04-10,0,False,96.3,49.9,839.48,35.5,12,12,None,On Track,0.2,Low
PRJ01331,Rajasthan Railways Infra Development Phase-35,Railways,Ministry of Railways,PowerGrid,IRB Infrastructure,Rajasthan,1328.2,2588.65,94.9,True,2021-02-09,48,66,2025-01-19,2026-07-13,18,True,67.8,49.2,1273.89,95.9,8,5,Utility shifting delay,Delayed,89.1,High
PRJ01332,Rajasthan Water Resources Infra Development Phase-36,Water Resources,Ministry of Jal Shakti,NTPC,J Kumar Infraprojects,Rajasthan,2242.99,4558.27,103.22,True,2021-10-20,48,66,2025-09-29,2027-03-23,18,True,71.2,36.0,1641.53,73.2,8,6,Poor contractor mobilization; Law and order problems,Delayed,92.8,High
PRJ01333,Rajasthan Railways Infra Development Phase-37,Railways,Ministry of Railways,IFFCO,Dilip Buildcon Ltd,Rajasthan,2142.52,3126.68,45.93,True,2019-09-28,24,55,2021-09-17,2024-04-04,31,True,79.7,24.6,768.39,35.9,6,5,Rehabilitation & resettlement issues,Delayed,65.7,High
PRJ01334,Rajasthan Healthcare Infrastructure Infra Development Phase-38,Healthcare Infrastructure,Ministry of Health & Family Welfare,RVNL,Shapoorji Pallonji Infra,Rajasthan,2121.87,2439.15,14.95,True,2017-09-26,60,70,2022-08-31,2023-06-27,10,True,88.4,55.2,1346.02,63.4,8,7,Utility shifting delay,Delayed,19.7,Low
PRJ01335,Rajasthan Power Infra Development Phase-39,Power,Ministry of Power,NHAI,Larsen & Toubro Infra,Rajasthan,993.58,2218.73,123.31,True,2020-08-28,24,46,2022-08-18,2024-06-08,22,True,77.9,46.4,1028.89,100.0,4,3,Poor contractor mobilization; Rehabilitation & resettlement issues,Delayed,100.0,High
PRJ01336,Rajasthan Telecommunications Infra Development Phase-40,Telecommunications,Ministry of Communications,State PWD,KNR Constructions,Rajasthan,2492.82,2486.77,0.0,False,2019-12-29,60,60,2024-12-02,2024-12-02,0,False,94.3,40.1,996.92,40.0,4,4,None,On Track,6.0,Low
PRJ01337,Rajasthan Housing Infra Development Phase-41,Housing,Ministry of Housing & Urban Affairs,IWAI,GMR Infrastructure,Rajasthan,1824.09,4246.45,132.8,True,2017-04-02,24,64,2019-03-23,2022-07-05,40,True,78.4,22.3,945.3,51.8,8,6,Price escalation of raw materials; Law and order problems,Delayed,100.0,High
PRJ01338,Rajasthan Healthcare Infrastructure Infra Development Phase-42,Healthcare Infrastructure,Ministry of Health & Family Welfare,NTPC,Sadbhav Engineering,Rajasthan,1566.29,2755.82,75.95,True,2022-06-24,60,101,2027-05-29,2030-10-10,41,True,40.2,72.5,1998.21,100.0,4,2,Utility shifting delay,Delayed,89.2,High
PRJ01339,Rajasthan Housing Infra Development Phase-43,Housing,Ministry of Housing & Urban Affairs,HUDCO,Larsen & Toubro Infra,Rajasthan,1052.36,522.31,0.0,False,2020-10-22,48,48,2024-10-01,2024-10-01,0,False,98.8,100.0,868.17,82.5,6,6,None,Completed,3.2,Low
PRJ01340,Rajasthan Education Infrastructure Infra Development Phase-44,Education Infrastructure,Ministry of Education,RITES,Dilip Buildcon Ltd,Rajasthan,1306.31,1082.28,0.0,False,2021-01-28,60,60,2026-01-02,2026-01-02,0,False,100.0,100.0,1103.21,84.5,10,10,None,Completed,1.4,Low
PRJ01341,Rajasthan Renewable Energy Infra Development Phase-45,Renewable Energy,Ministry of New & Renewable Energy,BSNL,HCC (Hindustan Construction),Rajasthan,2704.62,3630.89,34.25,True,2017-11-05,96,110,2025-09-24,2026-11-18,14,True,65.9,55.2,2004.7,74.1,12,8,Rehabilitation & resettlement issues,Delayed,42.4,Medium
PRJ01342,Rajasthan Coal Infra Development Phase-46,Coal,Ministry of Coal,IRCON,Reliance Infrastructure,Rajasthan,2236.9,2405.36,7.53,True,2020-05-02,36,56,2023-04-17,2024-12-07,20,True,72.4,47.7,1147.89,51.3,12,9,Shortage of skilled manpower; Rehabilitation & resettlement issues,Delayed,24.9,Low
PRJ01343,Rajasthan Ports & Shipping Infra Development Phase-47,Ports & Shipping,"Ministry of Ports, Shipping & Waterways",ABC Infrastructure Ltd.,Larsen & Toubro Infra,Rajasthan,1121.77,4200.37,274.44,True,2018-01-24,60,72,2022-12-29,2023-12-24,12,True,86.4,14.5,607.19,54.1,12,10,Delay in tendering/equipment supply; Forest/environment clearance delay,Delayed,100.0,High
PRJ01344,Rajasthan Healthcare Infrastructure Infra Development Phase-48,Healthcare Infrastructure,Ministry of Health & Family Welfare,HUDCO,Shapoorji Pallonji Infra,Rajasthan,1761.5,3017.21,71.29,True,2022-05-01,48,95,2026-04-10,2030-02-18,47,True,46.2,27.0,814.89,46.3,10,5,Court cases/litigation,Delayed,91.8,High
PRJ01345,Rajasthan Ports & Shipping Infra Development Phase-49,Ports & Shipping,"Ministry of Ports, Shipping & Waterways",NMDC,Larsen & Toubro Infra,Rajasthan,2180.39,2177.13,0.0,False,2020-05-21,36,36,2023-05-06,2023-05-06,0,False,96.0,23.7,516.41,23.7,12,12,None,On Track,5.0,Low
PRJ01346,Rajasthan Steel Infra Development Phase-50,Steel,Ministry of Steel,State PWD,Reliance Infrastructure,Rajasthan,1171.53,2155.16,83.96,True,2020-07-07,48,99,2024-06-16,2028-08-24,51,True,52.8,37.4,806.85,68.9,6,3,Price escalation of raw materials; Contractual issues,Delayed,100.0,High
PRJ01347,Rajasthan Education Infrastructure Infra Development Phase-51,Education Infrastructure,Ministry of Education,HUDCO,Afcons Infrastructure,Rajasthan,2468.8,1420.66,0.0,False,2022-01-31,48,48,2026-01-10,2026-01-10,0,False,91.1,54.1,768.98,31.1,12,11,None,On Track,7.5,Low
PRJ01348,Rajasthan Power Infra Development Phase-52,Power,Ministry of Power,NHAI,Ashoka Buildcon,Rajasthan,453.9,1800.58,296.69,True,2022-10-16,84,96,2029-09-09,2030-09-04,12,True,41.5,37.2,669.99,100.0,6,2,Geological surprises; Utility shifting delay,Delayed,100.0,High
PRJ01349,Rajasthan Urban Development Infra Development Phase-53,Urban Development,Ministry of Housing & Urban Affairs,NBCC,Shapoorji Pallonji Infra,Rajasthan,2456.35,899.91,0.0,False,2022-12-23,72,72,2028-11-21,2028-11-21,0,False,59.0,100.0,945.96,38.5,12,7,None,On Track,10.8,Low
PRJ01350,Rajasthan Water Supply & Sanitation Infra Development Phase-54,Water Supply & Sanitation,Ministry of Jal Shakti,IWAI,Sadbhav Engineering,Rajasthan,2365.32,1219.84,0.0,False,2017-09-03,36,36,2020-08-18,2020-08-18,0,False,92.6,24.1,293.53,12.4,12,11,None,On Track,0.3,Low
PRJ01351,Rajasthan Renewable Energy Infra Development Phase-55,Renewable Energy,Ministry of New & Renewable Energy,AAI,Gammon India,Rajasthan,1918.88,1034.79,0.0,False,2022-03-10,72,72,2028-02-07,2028-02-07,0,False,61.2,100.0,2245.49,100.0,6,4,None,On Track,0.0,Low
PRJ01352,Rajasthan Petroleum & Natural Gas Infra Development Phase-56,Petroleum & Natural Gas,Ministry of Petroleum & Natural Gas,PowerGrid,J Kumar Infraprojects,Rajasthan,1424.91,2014.26,41.36,True,2020-05-14,48,96,2024-04-23,2028-04-02,48,True,52.5,38.6,778.18,54.6,10,5,Utility shifting delay; Poor contractor mobilization,Delayed,72.2,High
PRJ01353,Rajasthan Ports & Shipping Infra Development Phase-57,Ports & Shipping,"Ministry of Ports, Shipping & Waterways",NMDC,GMR Infrastructure,Rajasthan,912.72,1520.22,66.56,True,2019-04-14,36,41,2022-03-29,2022-08-26,5,True,86.6,55.4,841.5,92.2,10,9,Rehabilitation & resettlement issues; Utility shifting delay,Delayed,55.2,High
PRJ01354,Rajasthan Power Infra Development Phase-58,Power,Ministry of Power,NBCC,Afcons Infrastructure,Rajasthan,1671.95,659.68,0.0,False,2019-08-26,48,48,2023-08-05,2023-08-05,0,False,95.2,100.0,1751.84,100.0,10,10,None,On Track,0.1,Low
PRJ01355,Rajasthan Petroleum & Natural Gas Infra Development Phase-59,Petroleum & Natural Gas,Ministry of Petroleum & Natural Gas,NTPC,Larsen & Toubro Infra,Rajasthan,2102.11,2783.52,32.42,True,2018-09-07,24,65,2020-08-27,2024-01-09,41,True,79.0,40.9,1138.85,54.2,6,5,Shortage of skilled manpower,Delayed,60.2,High
PRJ01356,Rajasthan Steel Infra Development Phase-60,Steel,Ministry of Steel,State Irrigation Dept,Shapoorji Pallonji Infra,Rajasthan,2498.8,1613.15,0.0,False,2022-06-12,24,24,2024-06-01,2024-06-01,0,False,100.0,40.9,660.2,26.4,12,12,None,Completed,2.4,Low
PRJ01357,Rajasthan Water Supply & Sanitation Infra Development Phase-61,Water Supply & Sanitation,Ministry of Jal Shakti,State PWD,Larsen & Toubro Infra,Rajasthan,1026.37,3245.12,216.17,True,2017-06-01,48,84,2021-05-11,2024-04-25,36,True,84.7,22.0,715.17,69.7,6,5,Delay in tendering/equipment supply,Delayed,100.0,High
PRJ01358,Rajasthan Civil Aviation Infra Development Phase-62,Civil Aviation,Ministry of Civil Aviation,NHAI,Afcons Infrastructure,Rajasthan,1279.83,2683.07,109.64,True,2019-11-25,24,57,2021-11-14,2024-07-31,33,True,70.6,55.3,1484.04,100.0,8,6,Forest/environment clearance delay,Delayed,100.0,High
PRJ01359,Rajasthan Housing Infra Development Phase-63,Housing,Ministry of Housing & Urban Affairs,NHAI,NCC Limited,Rajasthan,1307.41,5909.31,351.99,True,2017-08-15,84,89,2024-07-09,2024-12-06,5,True,93.7,27.0,1598.15,100.0,4,4,Rehabilitation & resettlement issues; Poor contractor mobilization,Delayed,100.0,High
PRJ01360,Rajasthan Ports & Shipping Infra Development Phase-64,Ports & Shipping,"Ministry of Ports, Shipping & Waterways",State PWD,GMR Infrastructure,Rajasthan,583.28,2024.45,247.08,True,2021-01-28,48,93,2025-01-07,2028-09-18,45,True,59.8,30.5,618.39,100.0,4,2,Contractual issues; Change in project scope,Delayed,100.0,High
PRJ01361,Rajasthan Inland Waterways Infra Development Phase-65,Inland Waterways,"Ministry of Ports, Shipping & Waterways",IWAI,GMR Infrastructure,Rajasthan,3151.02,1438.18,0.0,False,2022-08-12,36,36,2025-07-27,2025-07-27,0,False,100.0,100.0,1728.88,54.9,4,4,None,Completed,0.0,Low
PRJ01362,Rajasthan Telecommunications Infra Development Phase-66,Telecommunications,Ministry of Communications,IFFCO,Reliance Infrastructure,Rajasthan,3318.84,1207.79,0.0,False,2022-11-22,48,81,2026-11-01,2029-07-18,33,True,47.6,25.7,310.98,9.4,8,4,Funding constraints; Change in project scope,Delayed,37.6,Medium
PRJ01363,Rajasthan Education Infrastructure Infra Development Phase-67,Education Infrastructure,Ministry of Education,NTPC,Larsen & Toubro Infra,Rajasthan,960.33,2941.51,206.3,True,2020-07-07,84,109,2027-06-01,2029-06-20,25,True,56.0,63.1,1856.07,100.0,8,4,Shortage of skilled manpower; COVID-19 related disruption,Delayed,100.0,High
PRJ01364,Rajasthan Water Supply & Sanitation Infra Development Phase-68,Water Supply & Sanitation,Ministry of Jal Shakti,ONGC,GMR Infrastructure,Rajasthan,4088.93,3101.15,0.0,False,2018-08-14,48,68,2022-07-24,2024-03-15,20,True,92.5,33.5,1038.86,25.4,4,4,Geological surprises,Delayed,17.5,Low
PRJ01365,Rajasthan Coal Infra Development Phase-69,Coal,Ministry of Coal,State Irrigation Dept,Shapoorji Pallonji Infra,Rajasthan,1452.62,2045.97,40.85,True,2021-07-31,60,89,2026-07-05,2028-11-21,29,True,54.4,83.9,1716.73,100.0,8,4,Monsoon/weather delays,Delayed,58.2,High
PRJ01366,Rajasthan Postal Infrastructure Infra Development Phase-70,Postal Infrastructure,Ministry of Communications,AAI,KNR Constructions,Rajasthan,2478.15,2373.43,0.0,False,2018-04-08,84,84,2025-03-02,2025-03-02,0,False,95.1,50.8,1205.97,48.7,8,8,None,On Track,0.0,Low
PRJ01367,Rajasthan Postal Infrastructure Infra Development Phase-71,Postal Infrastructure,Ministry of Communications,State PWD,IRB Infrastructure,Rajasthan,2390.97,3687.94,54.24,True,2022-04-30,84,112,2029-03-24,2031-07-12,28,True,32.4,17.4,642.26,26.9,6,2,Contractual issues; Law and order problems,Delayed,73.2,High
PRJ01368,Rajasthan Housing Infra Development Phase-72,Housing,Ministry of Housing & Urban Affairs,ABC Infrastructure Ltd.,Dilip Buildcon Ltd,Rajasthan,247.96,3021.46,1118.53,True,2021-02-15,36,66,2024-01-31,2026-07-19,30,True,78.8,26.5,801.61,100.0,8,6,Forest/environment clearance delay,Delayed,100.0,High
PRJ01369,Rajasthan Rural Infrastructure Infra Development Phase-73,Rural Infrastructure,Ministry of Rural Development,IRCON,Reliance Infrastructure,Rajasthan,1714.87,2448.99,42.81,True,2019-09-09,48,56,2023-08-19,2024-04-15,8,True,87.9,26.8,656.68,38.3,8,7,Rehabilitation & resettlement issues; Utility shifting delay,Delayed,39.1,Medium
PRJ01370,Rajasthan Irrigation Infra Development Phase-74,Irrigation,Ministry of Jal Shakti,IFFCO,Shapoorji Pallonji Infra,Rajasthan,918.39,927.25,0.96,False,2018-05-15,60,60,2023-04-19,2023-04-19,0,False,100.0,59.0,546.68,59.5,12,12,None,Completed,5.1,Low
PRJ01371,Tamil Nadu Petroleum & Natural Gas Infra Development Phase-1,Petroleum & Natural Gas,Ministry of Petroleum & Natural Gas,State Irrigation Dept,IRB Infrastructure,Tamil Nadu,805.47,3345.38,315.33,True,2021-05-11,60,66,2026-04-15,2026-10-12,6,True,69.3,38.8,1297.32,100.0,4,3,Delay in tendering/equipment supply; Contractual issues,Delayed,100.0,High
PRJ01372,Tamil Nadu Ports & Shipping Infra Development Phase-2,Ports & Shipping,"Ministry of Ports, Shipping & Waterways",Coal India Ltd,Simplex Infrastructures,Tamil Nadu,3555.41,1490.38,0.0,False,2020-05-03,96,96,2028-03-22,2028-03-22,0,False,78.6,22.1,330.11,9.3,6,5,None,On Track,3.2,Low
PRJ01373,Tamil Nadu Power Infra Development Phase-3,Power,Ministry of Power,State Irrigation Dept,Reliance Infrastructure,Tamil Nadu,2015.97,1746.48,0.0,False,2020-07-23,60,60,2025-06-27,2025-06-27,0,False,100.0,49.4,862.4,42.8,10,10,None,Completed,8.2,Low
PRJ01374,Tamil Nadu Railways Infra Development Phase-4,Railways,Ministry of Railways,NBCC,GR Infraprojects,Tamil Nadu,858.05,1440.64,67.9,True,2017-11-25,72,88,2023-10-25,2025-02-16,16,True,77.1,98.3,1416.53,100.0,10,8,Poor contractor mobilization; COVID-19 related disruption,Delayed,66.8,High
PRJ01375,Tamil Nadu Mining Infra Development Phase-5,Mining,Ministry of Mines,ABC Infrastructure Ltd.,Larsen & Toubro Infra,Tamil Nadu,1783.53,1103.48,0.0,False,2021-09-27,48,48,2025-09-06,2025-09-06,0,False,100.0,78.6,867.4,48.6,4,4,None,Completed,2.3,Low
PRJ01376,Tamil Nadu Power Infra Development Phase-6,Power,Ministry of Power,ABC Infrastructure Ltd.,Larsen & Toubro Infra,Tamil Nadu,1760.07,5141.21,192.1,True,2019-12-05,84,94,2026-10-29,2027-08-25,10,True,69.0,17.8,916.83,52.1,12,8,Court cases/litigation,Delayed,100.0,High
PRJ01377,Tamil Nadu Water Supply & Sanitation Infra Development Phase-7,Water Supply & Sanitation,Ministry of Jal Shakti,Deendayal Port Trust,Larsen & Toubro Infra,Tamil Nadu,1320.53,2458.87,86.2,True,2020-08-31,84,119,2027-07-26,2030-06-10,35,True,42.8,11.5,282.01,21.4,10,4,Forest/environment clearance delay,Delayed,99.5,High
PRJ01378,Tamil Nadu Fertilizers Infra Development Phase-8,Fertilizers,Ministry of Chemicals & Fertilizers,NMDC,Afcons Infrastructure,Tamil Nadu,1750.29,854.98,0.0,False,2019-01-23,48,48,2023-01-02,2023-01-02,0,False,100.0,69.0,590.25,33.7,10,10,None,Completed,1.6,Low
PRJ01379,Tamil Nadu Fertilizers Infra Development Phase-9,Fertilizers,Ministry of Chemicals & Fertilizers,PowerGrid,KNR Constructions,Tamil Nadu,2863.6,4322.81,50.96,True,2017-01-13,36,73,2019-12-29,2023-01-12,37,True,88.2,26.5,1145.24,40.0,10,9,Rehabilitation & resettlement issues,Delayed,70.2,High
PRJ01380,Tamil Nadu Mining Infra Development Phase-10,Mining,Ministry of Mines,IWAI,Larsen & Toubro Infra,Tamil Nadu,2387.18,1206.32,0.0,False,2017-12-03,36,42,2020-11-17,2021-05-16,6,True,78.6,65.2,786.47,32.9,4,3,Shortage of skilled manpower,Delayed,11.2,Low
PRJ01381,Tamil Nadu Telecommunications Infra Development Phase-11,Telecommunications,Ministry of Communications,ABC Infrastructure Ltd.,Larsen & Toubro Infra,Tamil Nadu,2067.9,2209.4,6.84,True,2018-06-17,36,61,2021-06-01,2023-06-21,25,True,71.0,14.1,312.15,15.1,12,9,Utility shifting delay; Shortage of skilled manpower,Delayed,31.0,Medium
PRJ01382,Tamil Nadu Housing Infra Development Phase-12,Housing,Ministry of Housing & Urban Affairs,PowerGrid,Larsen & Toubro Infra,Tamil Nadu,842.29,2018.67,139.66,True,2019-12-04,36,60,2022-11-18,2024-11-07,24,True,85.6,69.6,1404.35,100.0,6,5,Rehabilitation & resettlement issues; Change in project scope,Delayed,100.0,High
PRJ01383,Tamil Nadu Ports & Shipping Infra Development Phase-13,Ports & Shipping,"Ministry of Ports, Shipping & Waterways",State PWD,Larsen & Toubro Infra,Tamil Nadu,613.58,672.25,9.56,True,2021-02-14,96,113,2029-01-03,2030-05-28,17,True,43.7,100.0,765.37,100.0,6,3,Price escalation of raw materials; Poor contractor mobilization,Delayed,22.9,Low
PRJ01384,Tamil Nadu Healthcare Infrastructure Infra Development Phase-14,Healthcare Infrastructure,Ministry of Health & Family Welfare,Coal India Ltd,Larsen & Toubro Infra,Tamil Nadu,1457.91,454.35,0.0,False,2017-03-26,72,72,2023-02-23,2023-02-23,0,False,87.0,100.0,908.66,62.3,4,3,None,On Track,5.4,Low
PRJ01385,Tamil Nadu Postal Infrastructure Infra Development Phase-15,Postal Infrastructure,Ministry of Communications,NMDC,Shapoorji Pallonji Infra,Tamil Nadu,2417.33,3000.72,24.13,True,2019-07-26,84,94,2026-06-19,2027-04-15,10,True,79.6,11.1,332.73,13.8,4,3,Geological surprises; Contractual issues,Delayed,33.1,Medium
PRJ01386,Tamil Nadu Power Infra Development Phase-16,Power,Ministry of Power,IRCON,Larsen & Toubro Infra,Tamil Nadu,348.66,3770.68,981.48,True,2021-07-01,72,110,2027-05-31,2030-07-14,38,True,39.5,6.8,257.66,73.9,12,5,Delay in tendering/equipment supply; Funding constraints,Delayed,100.0,High
PRJ01387,Tamil Nadu Ports & Shipping Infra Development Phase-17,Ports & Shipping,"Ministry of Ports, Shipping & Waterways",AAI,Gammon India,Tamil Nadu,1131.63,2292.24,102.56,True,2018-11-28,84,117,2025-10-22,2028-07-08,33,True,66.8,40.9,938.48,82.9,12,8,Land acquisition delay,Delayed,98.4,High
PRJ01388,Tamil Nadu Telecommunications Infra Development Phase-18,Telecommunications,Ministry of Communications,State PWD,Larsen & Toubro Infra,Tamil Nadu,1989.29,6988.26,251.29,True,2022-02-02,48,75,2026-01-12,2028-04-01,27,True,51.0,24.7,1725.51,86.7,10,5,Shortage of skilled manpower,Delayed,100.0,High
PRJ01389,Tamil Nadu Renewable Energy Infra Development Phase-19,Renewable Energy,Ministry of New & Renewable Energy,ONGC,GR Infraprojects,Tamil Nadu,3087.62,1271.53,0.0,False,2019-12-27,60,60,2024-11-30,2024-11-30,0,False,86.5,100.0,1380.03,44.7,8,7,None,On Track,4.7,Low
PRJ01390,Tamil Nadu Housing Infra Development Phase-20,Housing,Ministry of Housing & Urban Affairs,SAIL,GMR Infrastructure,Tamil Nadu,226.25,548.32,142.35,True,2018-06-18,24,36,2020-06-07,2021-06-02,12,True,76.1,100.0,1268.89,100.0,10,8,Geological surprises,Delayed,100.0,High
PRJ01391,Tamil Nadu Steel Infra Development Phase-21,Steel,Ministry of Steel,IFFCO,Gammon India,Tamil Nadu,1452.12,2502.59,72.34,True,2019-02-15,24,41,2021-02-04,2022-06-29,17,True,91.5,39.5,987.37,68.0,10,9,Poor contractor mobilization,Delayed,65.1,High
PRJ01392,Tamil Nadu Civil Aviation Infra Development Phase-22,Civil Aviation,Ministry of Civil Aviation,NHAI,Larsen & Toubro Infra,Tamil Nadu,1082.81,1009.69,0.0,False,2020-04-03,60,60,2025-03-08,2025-03-08,0,False,93.3,37.1,374.71,34.6,8,7,None,On Track,3.9,Low
PRJ01393,Tamil Nadu Petroleum & Natural Gas Infra Development Phase-23,Petroleum & Natural Gas,Ministry of Petroleum & Natural Gas,Deendayal Port Trust,Larsen & Toubro Infra,Tamil Nadu,1534.83,1859.23,21.14,True,2022-01-22,36,86,2025-01-06,2029-02-14,50,True,55.8,9.3,172.9,11.3,6,3,COVID-19 related disruption; Forest/environment clearance delay,Delayed,64.1,High
PRJ01394,Tamil Nadu Roads & Highways Infra Development Phase-24,Roads & Highways,Ministry of Road Transport & Highways,BSNL,GMR Infrastructure,Tamil Nadu,2070.93,3385.41,63.47,True,2018-06-30,24,55,2020-06-19,2023-01-05,31,True,91.1,90.7,3070.51,100.0,8,7,Geological surprises; Court cases/litigation,Delayed,67.2,High
PRJ01395,Tamil Nadu Water Resources Infra Development Phase-25,Water Resources,Ministry of Jal Shakti,ABC Infrastructure Ltd.,KNR Constructions,Tamil Nadu,460.69,1371.78,197.77,True,2021-09-30,84,135,2028-08-24,2032-11-01,51,True,35.6,55.6,762.88,100.0,12,4,Funding constraints; Forest/environment clearance delay,Delayed,100.0,High
PRJ01396,Tamil Nadu Postal Infrastructure Infra Development Phase-26,Postal Infrastructure,Ministry of Communications,IRCON,KNR Constructions,Tamil Nadu,816.53,1860.46,127.85,True,2017-08-02,84,126,2024-06-26,2027-12-08,42,True,59.3,32.3,601.07,73.6,8,5,Monsoon/weather delays,Delayed,100.0,High
PRJ01397,Tamil Nadu Irrigation Infra Development Phase-27,Irrigation,Ministry of Jal Shakti,Deendayal Port Trust,KNR Constructions,Tamil Nadu,882.44,3671.31,316.04,True,2017-07-06,48,85,2021-06-15,2024-06-29,37,True,93.3,24.5,898.77,100.0,4,4,Price escalation of raw materials; Contractual issues,Delayed,100.0,High
PRJ01398,Tamil Nadu Water Resources Infra Development Phase-28,Water Resources,Ministry of Jal Shakti,IFFCO,HCC (Hindustan Construction),Tamil Nadu,1220.13,1716.53,40.68,True,2021-02-28,60,67,2026-02-02,2026-08-31,7,True,76.5,26.7,458.15,37.5,6,5,Law and order problems,Delayed,39.9,Medium
PRJ01399,Tamil Nadu Coal Infra Development Phase-29,Coal,Ministry of Coal,GAIL,GR Infraprojects,Tamil Nadu,2767.99,2502.4,0.0,False,2022-08-26,60,60,2027-07-31,2027-07-31,0,False,75.7,25.8,646.71,23.4,10,8,None,On Track,5.9,Low
PRJ01400,Tamil Nadu Mining Infra Development Phase-30,Mining,Ministry of Mines,State Irrigation Dept,KNR Constructions,Tamil Nadu,769.53,2684.06,248.79,True,2018-06-25,72,107,2024-05-24,2027-04-09,35,True,62.3,82.7,2220.84,100.0,4,2,Poor contractor mobilization; Funding constraints,Delayed,100.0,High
PRJ01401,Tamil Nadu Coal Infra Development Phase-31,Coal,Ministry of Coal,NTPC,HCC (Hindustan Construction),Tamil Nadu,988.64,1725.49,74.53,True,2020-07-07,48,87,2024-06-16,2027-08-30,39,True,68.4,61.4,1059.32,100.0,4,3,Monsoon/weather delays,Delayed,85.7,High
PRJ01402,Tamil Nadu Coal Infra Development Phase-32,Coal,Ministry of Coal,AAI,Tata Projects,Tamil Nadu,598.7,1759.04,193.81,True,2021-10-28,48,79,2025-10-07,2028-04-24,31,True,62.2,68.6,1206.84,100.0,8,5,Delay in tendering/equipment supply; Monsoon/weather delays,Delayed,100.0,High
PRJ01403,Tamil Nadu Mining Infra Development Phase-33,Mining,Ministry of Mines,State PWD,Afcons Infrastructure,Tamil Nadu,1227.03,1905.06,55.26,True,2018-11-07,72,93,2024-10-06,2026-06-28,21,True,80.9,42.3,805.19,65.6,8,6,Contractual issues; Delay in tendering/equipment supply,Delayed,61.8,High
PRJ01404,Tamil Nadu Rural Infrastructure Infra Development Phase-34,Rural Infrastructure,Ministry of Rural Development,NMDC,KNR Constructions,Tamil Nadu,1299.15,1275.86,0.0,False,2021-12-08,48,98,2025-11-17,2029-12-26,50,True,47.1,100.0,1600.76,100.0,4,2,Contractual issues,Delayed,46.1,Medium
PRJ01405,Tamil Nadu Railways Infra Development Phase-35,Railways,Ministry of Railways,Coal India Ltd,Larsen & Toubro Infra,Tamil Nadu,1362.38,2430.6,78.41,True,2019-01-21,60,96,2023-12-26,2026-12-10,36,True,65.9,64.9,1576.64,100.0,4,3,Delay in tendering/equipment supply; Funding constraints,Delayed,83.1,High
PRJ01406,Tamil Nadu Urban Development Infra Development Phase-36,Urban Development,Ministry of Housing & Urban Affairs,State PWD,KNR Constructions,Tamil Nadu,4924.78,1294.22,0.0,False,2018-04-21,36,36,2021-04-05,2021-04-05,0,False,98.9,58.0,750.46,15.2,10,10,None,Completed,1.3,Low
PRJ01407,Tamil Nadu Railways Infra Development Phase-37,Railways,Ministry of Railways,State Irrigation Dept,Afcons Infrastructure,Tamil Nadu,2405.55,1406.34,0.0,False,2020-12-31,48,48,2024-12-10,2024-12-10,0,False,85.6,61.5,865.18,36.0,12,10,None,On Track,5.8,Low
PRJ01408,Tamil Nadu Housing Infra Development Phase-38,Housing,Ministry of Housing & Urban Affairs,State Irrigation Dept,Larsen & Toubro Infra,Tamil Nadu,1490.09,1021.93,0.0,False,2022-07-13,60,60,2027-06-17,2027-06-17,0,False,64.6,100.0,1751.59,100.0,4,3,None,On Track,4.4,Low
PRJ01409,Tamil Nadu Civil Aviation Infra Development Phase-39,Civil Aviation,Ministry of Civil Aviation,NTPC,Sadbhav Engineering,Tamil Nadu,2051.14,3836.53,87.04,True,2020-12-02,24,71,2022-11-22,2026-10-02,47,True,76.4,23.4,896.36,43.7,4,3,Rehabilitation & resettlement issues,Delayed,100.0,High
PRJ01410,Tamil Nadu Power Infra Development Phase-40,Power,Ministry of Power,GAIL,GMR Infrastructure,Tamil Nadu,1049.55,770.32,0.0,False,2022-09-15,60,60,2027-08-20,2027-08-20,0,False,71.4,90.5,696.91,66.4,8,6,None,On Track,8.3,Low
PRJ01411,Tamil Nadu Healthcare Infrastructure Infra Development Phase-41,Healthcare Infrastructure,Ministry of Health & Family Welfare,IFFCO,Larsen & Toubro Infra,Tamil Nadu,4386.55,5014.25,14.31,True,2019-05-20,36,68,2022-05-04,2024-12-19,32,True,83.5,14.5,728.32,16.6,12,10,Law and order problems,Delayed,39.0,Medium
PRJ01412,Tamil Nadu Water Supply & Sanitation Infra Development Phase-42,Water Supply & Sanitation,Ministry of Jal Shakti,RVNL,Larsen & Toubro Infra,Tamil Nadu,2468.24,1794.83,0.0,False,2019-10-06,84,84,2026-08-30,2026-08-30,0,False,97.1,35.9,643.69,26.1,10,10,None,On Track,0.0,Low
PRJ01413,Tamil Nadu Rural Infrastructure Infra Development Phase-43,Rural Infrastructure,Ministry of Rural Development,NTPC,KNR Constructions,Tamil Nadu,2277.14,1494.79,0.0,False,2020-09-08,60,91,2025-08-13,2028-02-29,31,True,67.4,59.5,889.68,39.1,4,3,Change in project scope; Geological surprises,Delayed,25.0,Low
PRJ01414,Tamil Nadu Irrigation Infra Development Phase-44,Irrigation,Ministry of Jal Shakti,IWAI,GMR Infrastructure,Tamil Nadu,3145.26,1023.33,0.0,False,2018-03-11,72,72,2024-02-08,2024-02-08,0,False,100.0,64.2,656.95,20.9,8,8,None,Completed,2.1,Low
PRJ01415,Tamil Nadu Civil Aviation Infra Development Phase-45,Civil Aviation,Ministry of Civil Aviation,NHAI,Afcons Infrastructure,Tamil Nadu,3788.95,1092.95,0.0,False,2017-11-29,60,108,2022-11-03,2026-10-13,48,True,80.7,81.3,888.28,23.4,10,8,COVID-19 related disruption; Utility shifting delay,Delayed,41.0,Medium
PRJ01416,Tamil Nadu Coal Infra Development Phase-46,Coal,Ministry of Coal,Deendayal Port Trust,IRB Infrastructure,Tamil Nadu,783.02,1289.64,64.7,True,2017-01-24,60,83,2021-12-29,2023-11-19,23,True,88.3,42.5,548.28,70.0,8,7,COVID-19 related disruption,Delayed,65.3,High
PRJ01417,Tamil Nadu Mining Infra Development Phase-47,Mining,Ministry of Mines,IWAI,Tata Projects,Tamil Nadu,2935.66,8035.4,173.72,True,2018-06-14,60,87,2023-05-19,2025-08-06,27,True,80.7,13.3,1071.88,36.5,6,5,Rehabilitation & resettlement issues,Delayed,100.0,High
PRJ01418,Tamil Nadu Mining Infra Development Phase-48,Mining,Ministry of Mines,IRCON,Shapoorji Pallonji Infra,Tamil Nadu,1963.7,1288.09,0.0,False,2017-10-17,24,24,2019-10-07,2019-10-07,0,False,98.6,90.4,1164.58,59.3,12,12,None,Completed,4.2,Low
PRJ01419,Tamil Nadu Education Infrastructure Infra Development Phase-49,Education Infrastructure,Ministry of Education,SAIL,Larsen & Toubro Infra,Tamil Nadu,1802.39,2539.32,40.89,True,2018-01-15,36,68,2020-12-30,2023-08-17,32,True,74.2,50.5,1282.58,71.2,10,7,Law and order problems; Change in project scope,Delayed,58.3,High
PRJ01420,Tamil Nadu Water Resources Infra Development Phase-50,Water Resources,Ministry of Jal Shakti,RVNL,GMR Infrastructure,Tamil Nadu,3524.57,1665.49,0.0,False,2017-03-26,36,36,2020-03-10,2020-03-10,0,False,95.3,70.7,1176.96,33.4,6,6,None,On Track,7.6,Low
PRJ01421,Tamil Nadu Power Infra Development Phase-51,Power,Ministry of Power,SAIL,HCC (Hindustan Construction),Tamil Nadu,830.13,5246.32,531.99,True,2021-07-07,72,99,2027-06-06,2029-08-24,27,True,41.6,29.2,1531.86,100.0,8,3,Change in project scope,Delayed,100.0,High
PRJ01422,Tamil Nadu Steel Infra Development Phase-52,Steel,Ministry of Steel,BSNL,Sadbhav Engineering,Tamil Nadu,1505.56,2185.59,45.17,True,2021-11-06,60,85,2026-10-11,2028-10-30,25,True,55.1,42.6,931.66,61.9,8,4,Court cases/litigation,Delayed,58.2,High
PRJ01423,Tamil Nadu Rural Infrastructure Infra Development Phase-53,Rural Infrastructure,Ministry of Rural Development,NTPC,HCC (Hindustan Construction),Tamil Nadu,1385.42,865.06,0.0,False,2021-02-14,60,60,2026-01-19,2026-01-19,0,False,100.0,100.0,883.63,63.8,12,12,None,Completed,6.9,Low
PRJ01424,Tamil Nadu Renewable Energy Infra Development Phase-54,Renewable Energy,Ministry of New & Renewable Energy,BSNL,Reliance Infrastructure,Tamil Nadu,1947.41,1430.89,0.0,False,2021-12-30,60,60,2026-12-04,2026-12-04,0,False,78.4,41.6,595.39,30.6,10,8,None,On Track,10.1,Low
PRJ01425,Tamil Nadu Housing Infra Development Phase-55,Housing,Ministry of Housing & Urban Affairs,NBCC,Shapoorji Pallonji Infra,Tamil Nadu,1999.67,6348.51,217.48,True,2021-09-29,36,61,2024-09-13,2026-10-03,25,True,75.8,21.3,1352.39,67.6,4,3,Court cases/litigation; Rehabilitation & resettlement issues,Delayed,100.0,High
PRJ01426,Tamil Nadu Power Infra Development Phase-56,Power,Ministry of Power,State PWD,Dilip Buildcon Ltd,Tamil Nadu,2868.81,3060.81,6.69,True,2021-10-11,48,96,2025-09-20,2029-08-30,48,True,51.5,20.3,619.9,21.6,4,2,Utility shifting delay,Delayed,47.6,Medium
PRJ01427,Tamil Nadu Urban Development Infra Development Phase-57,Urban Development,Ministry of Housing & Urban Affairs,IFFCO,GR Infraprojects,Tamil Nadu,1586.36,1871.65,17.98,True,2019-07-08,60,70,2024-06-11,2025-04-07,10,True,71.7,13.4,250.34,15.8,6,4,Funding constraints; Contractual issues,Delayed,27.7,Medium
PRJ01428,Tamil Nadu Urban Development Infra Development Phase-58,Urban Development,Ministry of Housing & Urban Affairs,State PWD,Megha Engineering (MEIL),Tamil Nadu,3687.37,1053.74,0.0,False,2017-11-21,60,65,2022-10-26,2023-03-25,5,True,84.2,54.8,577.35,15.7,10,8,Contractual issues; Funding constraints,Delayed,10.7,Low
PRJ01429,Tamil Nadu Rural Infrastructure Infra Development Phase-59,Rural Infrastructure,Ministry of Rural Development,RITES,Shapoorji Pallonji Infra,Tamil Nadu,2075.11,1131.56,0.0,False,2019-10-16,72,72,2025-09-14,2025-09-14,0,False,95.8,100.0,1411.44,68.0,12,11,None,On Track,2.5,Low
PRJ01430,Tamil Nadu Water Supply & Sanitation Infra Development Phase-60,Water Supply & Sanitation,Ministry of Jal Shakti,RITES,Shapoorji Pallonji Infra,Tamil Nadu,772.55,949.06,22.85,True,2017-07-15,60,65,2022-06-19,2022-11-16,5,True,80.6,100.0,1253.32,100.0,12,10,Forest/environment clearance delay,Delayed,23.5,Low
PRJ01431,Tamil Nadu Telecommunications Infra Development Phase-61,Telecommunications,Ministry of Communications,NTPC,Shapoorji Pallonji Infra,Tamil Nadu,1066.95,640.24,0.0,False,2022-09-23,72,72,2028-08-22,2028-08-22,0,False,65.1,100.0,1006.95,94.4,10,7,None,On Track,3.0,Low
PRJ01432,Tamil Nadu Water Supply & Sanitation Infra Development Phase-62,Water Supply & Sanitation,Ministry of Jal Shakti,NTPC,Shapoorji Pallonji Infra,Tamil Nadu,2272.93,2949.72,29.78,True,2022-03-19,36,74,2025-03-03,2028-04-16,38,True,51.6,92.4,2726.42,100.0,12,6,Court cases/litigation; Contractual issues,Delayed,63.3,High
PRJ01433,Tamil Nadu Healthcare Infrastructure Infra Development Phase-63,Healthcare Infrastructure,Ministry of Health & Family Welfare,RVNL,Larsen & Toubro Infra,Tamil Nadu,1994.9,2653.37,33.01,True,2022-08-25,36,63,2025-08-09,2027-10-28,27,True,49.9,40.5,1074.88,53.9,4,2,COVID-19 related disruption,Delayed,52.9,High
PRJ01434,Tamil Nadu Power Infra Development Phase-64,Power,Ministry of Power,GAIL,Shapoorji Pallonji Infra,Tamil Nadu,1929.67,2087.29,8.17,True,2021-05-29,36,55,2024-05-13,2025-12-04,19,True,72.6,24.8,516.95,26.8,4,3,Poor contractor mobilization,Delayed,26.7,Medium
PRJ01435,Tamil Nadu Steel Infra Development Phase-65,Steel,Ministry of Steel,IRCTC,GMR Infrastructure,Tamil Nadu,3993.06,4129.56,3.42,True,2022-02-07,24,58,2024-01-28,2026-11-13,34,True,80.2,11.8,487.12,12.2,10,8,Utility shifting delay; COVID-19 related disruption,Delayed,33.7,Medium
PRJ01436,Telangana Power Infra Development Phase-1,Power,Ministry of Power,ONGC,Tata Projects,Telangana,1161.22,1161.26,0.0,False,2019-01-29,48,48,2023-01-08,2023-01-08,0,False,100.0,100.0,1388.67,100.0,4,4,None,Completed,0.0,Low
PRJ01437,Telangana Education Infrastructure Infra Development Phase-2,Education Infrastructure,Ministry of Education,NBCC,Simplex Infrastructures,Telangana,1986.32,2503.07,26.02,True,2018-03-12,24,30,2020-03-01,2020-08-28,6,True,89.6,100.0,2578.99,100.0,10,9,Land acquisition delay,Delayed,24.7,Low
PRJ01438,Telangana Water Resources Infra Development Phase-3,Water Resources,Ministry of Jal Shakti,NTPC,NCC Limited,Telangana,1663.75,2322.18,39.58,True,2017-02-24,84,91,2024-01-19,2024-08-16,7,True,71.3,35.4,821.25,49.4,6,4,COVID-19 related disruption; Court cases/litigation,Delayed,37.6,Medium
PRJ01439,Telangana Water Resources Infra Development Phase-4,Water Resources,Ministry of Jal Shakti,IFFCO,Larsen & Toubro Infra,Telangana,1419.59,2717.59,91.43,True,2022-06-17,48,61,2026-05-27,2027-06-21,13,True,54.0,6.9,187.95,13.2,8,4,Price escalation of raw materials; Monsoon/weather delays,Delayed,86.4,High
PRJ01440,Telangana Steel Infra Development Phase-5,Steel,Ministry of Steel,RVNL,Larsen & Toubro Infra,Telangana,2740.85,779.52,0.0,False,2018-05-28,60,60,2023-05-02,2023-05-02,0,False,94.2,100.0,796.81,29.1,6,6,None,On Track,4.5,Low
PRJ01441,Telangana Roads & Highways Infra Development Phase-6,Roads & Highways,Ministry of Road Transport & Highways,ONGC,Shapoorji Pallonji Infra,Telangana,894.48,2057.13,129.98,True,2018-04-04,36,46,2021-03-19,2022-01-13,10,True,84.0,7.3,149.87,16.8,4,3,Land acquisition delay,Delayed,100.0,High
PRJ01442,Telangana Renewable Energy Infra Development Phase-7,Renewable Energy,Ministry of New & Renewable Energy,BSNL,Shapoorji Pallonji Infra,Telangana,2413.06,1319.22,0.0,False,2018-08-18,60,104,2023-07-23,2027-03-04,44,True,81.6,26.4,347.73,14.4,6,5,Geological surprises; Forest/environment clearance delay,Delayed,47.5,Medium
PRJ01443,Telangana Steel Infra Development Phase-8,Steel,Ministry of Steel,State Irrigation Dept,Reliance Infrastructure,Telangana,494.47,1191.14,140.89,True,2018-08-30,24,31,2020-08-19,2021-03-17,7,True,72.9,100.0,1481.13,100.0,10,7,Land acquisition delay; Forest/environment clearance delay,Delayed,100.0,High
PRJ01444,Telangana Power Infra Development Phase-9,Power,Ministry of Power,PowerGrid,Tata Projects,Telangana,1250.82,3297.86,163.66,True,2021-12-29,72,110,2027-11-28,2031-01-11,38,True,40.7,28.0,921.9,73.7,10,4,Land acquisition delay; Poor contractor mobilization,Delayed,100.0,High
PRJ01445,Telangana Urban Development Infra Development Phase-10,Urban Development,Ministry of Housing & Urban Affairs,IWAI,Larsen & Toubro Infra,Telangana,2001.81,4632.52,131.42,True,2019-09-21,48,84,2023-08-31,2026-08-15,36,True,77.5,60.5,2803.62,100.0,6,5,Price escalation of raw materials; Land acquisition delay,Delayed,100.0,High
PRJ01446,Telangana Mining Infra Development Phase-11,Mining,Ministry of Mines,NHAI,Afcons Infrastructure,Telangana,1200.5,3409.0,183.97,True,2018-02-25,48,78,2022-02-04,2024-07-23,30,True,79.2,33.9,1154.41,96.2,10,8,Monsoon/weather delays; Court cases/litigation,Delayed,100.0,High
PRJ01447,Telangana Healthcare Infrastructure Infra Development Phase-12,Healthcare Infrastructure,Ministry of Health & Family Welfare,Deendayal Port Trust,Larsen & Toubro Infra,Telangana,2470.97,5046.01,104.21,True,2020-04-06,60,108,2025-03-11,2029-02-18,48,True,54.4,11.2,565.07,22.9,4,2,Price escalation of raw materials; Shortage of skilled manpower,Delayed,100.0,High
PRJ01448,Telangana Telecommunications Infra Development Phase-13,Telecommunications,Ministry of Communications,IWAI,GMR Infrastructure,Telangana,1755.26,1770.71,0.88,False,2022-06-22,84,100,2029-05-16,2030-09-08,16,True,39.2,46.0,815.14,46.4,6,2,Land acquisition delay,Delayed,16.6,Low
PRJ01449,Telangana Water Supply & Sanitation Infra Development Phase-14,Water Supply & Sanitation,Ministry of Jal Shakti,IWAI,KNR Constructions,Telangana,2010.78,8213.73,308.48,True,2020-07-17,60,83,2025-06-21,2027-05-12,23,True,67.9,10.2,837.91,41.7,12,8,Delay in tendering/equipment supply,Delayed,100.0,High
PRJ01450,Telangana Fertilizers Infra Development Phase-15,Fertilizers,Ministry of Chemicals & Fertilizers,State PWD,Larsen & Toubro Infra,Telangana,2411.28,346.23,0.0,False,2022-04-23,48,48,2026-04-02,2026-04-02,0,False,93.2,100.0,415.69,17.2,4,4,None,On Track,0.8,Low
PRJ01451,Telangana Housing Infra Development Phase-16,Housing,Ministry of Housing & Urban Affairs,Deendayal Port Trust,Afcons Infrastructure,Telangana,1988.68,5428.51,172.97,True,2020-11-21,24,37,2022-11-11,2023-12-06,13,True,82.2,17.4,943.39,47.4,10,8,Land acquisition delay; Funding constraints,Delayed,100.0,High
PRJ01452,Telangana Steel Infra Development Phase-17,Steel,Ministry of Steel,ONGC,Tata Projects,Telangana,3772.7,2239.34,0.0,False,2022-04-07,36,36,2025-03-22,2025-03-22,0,False,93.6,10.9,244.9,6.5,8,7,None,On Track,3.8,Low
PRJ01453,Telangana Urban Development Infra Development Phase-18,Urban Development,Ministry of Housing & Urban Affairs,Coal India Ltd,Patel Engineering,Telangana,1192.08,2265.66,90.06,True,2022-09-11,48,99,2026-08-21,2030-10-29,51,True,38.5,67.4,1526.38,100.0,6,2,COVID-19 related disruption; Funding constraints,Delayed,100.0,High
PRJ01454,Telangana Steel Infra Development Phase-19,Steel,Ministry of Steel,ABC Infrastructure Ltd.,Larsen & Toubro Infra,Telangana,1135.81,436.77,0.0,False,2021-05-18,36,36,2024-05-02,2024-05-02,0,False,100.0,100.0,907.16,79.9,10,10,None,Completed,0.5,Low
PRJ01455,Telangana Rural Infrastructure Infra Development Phase-20,Rural Infrastructure,Ministry of Rural Development,NMDC,Larsen & Toubro Infra,Telangana,2500.76,1918.93,0.0,False,2021-01-15,36,36,2023-12-31,2023-12-31,0,False,87.4,24.8,476.62,19.1,10,9,None,On Track,3.4,Low
PRJ01456,Telangana Power Infra Development Phase-21,Power,Ministry of Power,Deendayal Port Trust,Reliance Infrastructure,Telangana,746.99,1330.78,78.15,True,2019-04-29,36,64,2022-04-13,2024-07-31,28,True,73.2,15.5,206.07,27.6,8,6,Monsoon/weather delays,Delayed,92.9,High
PRJ01457,Telangana Civil Aviation Infra Development Phase-22,Civil Aviation,Ministry of Civil Aviation,GAIL,GMR Infrastructure,Telangana,1292.76,812.0,0.0,False,2019-03-29,60,108,2024-03-02,2028-02-10,48,True,71.3,67.7,549.46,42.5,6,4,Change in project scope; Price escalation of raw materials,Delayed,46.0,Medium
PRJ01458,Telangana Water Supply & Sanitation Infra Development Phase-23,Water Supply & Sanitation,Ministry of Jal Shakti,BSNL,KNR Constructions,Telangana,499.5,2720.2,444.58,True,2020-05-28,72,123,2026-04-27,2030-07-05,51,True,48.7,29.3,796.15,100.0,6,3,Forest/environment clearance delay,Delayed,100.0,High
PRJ01459,Telangana Roads & Highways Infra Development Phase-24,Roads & Highways,Ministry of Road Transport & Highways,AAI,GR Infraprojects,Telangana,3858.92,3763.23,0.0,False,2019-12-05,36,36,2022-11-19,2022-11-19,0,False,100.0,29.8,1120.59,29.0,8,8,None,Completed,4.3,Low
PRJ01460,Telangana Rural Infrastructure Infra Development Phase-25,Rural Infrastructure,Ministry of Rural Development,GAIL,Dilip Buildcon Ltd,Telangana,1594.57,1783.61,11.86,True,2018-12-17,36,57,2021-12-01,2023-08-23,21,True,93.9,100.0,1817.86,100.0,12,11,Funding constraints,Delayed,25.6,Medium
PRJ01461,Telangana Mining Infra Development Phase-26,Mining,Ministry of Mines,State PWD,GMR Infrastructure,Telangana,582.55,1365.28,134.36,True,2018-04-12,36,52,2021-03-27,2022-07-20,16,True,77.0,71.3,973.71,100.0,12,9,Change in project scope,Delayed,100.0,High
PRJ01462,Telangana Postal Infrastructure Infra Development Phase-27,Postal Infrastructure,Ministry of Communications,Coal India Ltd,Shapoorji Pallonji Infra,Telangana,3479.52,2274.16,0.0,False,2022-06-16,84,84,2029-05-10,2029-05-10,0,False,47.6,42.3,962.65,27.7,8,4,None,On Track,8.2,Low
PRJ01463,Telangana Mining Infra Development Phase-28,Mining,Ministry of Mines,AAI,HCC (Hindustan Construction),Telangana,4660.69,1438.7,0.0,False,2017-07-11,60,60,2022-06-15,2022-06-15,0,False,100.0,78.1,1123.24,24.1,12,12,None,Completed,4.6,Low
PRJ01464,Telangana Coal Infra Development Phase-29,Coal,Ministry of Coal,PowerGrid,Larsen & Toubro Infra,Telangana,1532.8,3059.46,99.6,True,2022-10-13,48,58,2026-09-22,2027-07-19,10,True,68.1,12.4,379.72,24.8,12,8,Forest/environment clearance delay,Delayed,83.1,High
PRJ01465,Telangana Urban Development Infra Development Phase-30,Urban Development,Ministry of Housing & Urban Affairs,State Irrigation Dept,GR Infraprojects,Telangana,1062.82,1413.58,33.0,True,2018-03-31,60,108,2023-03-05,2027-02-12,48,True,65.4,35.3,498.9,46.9,4,3,Forest/environment clearance delay,Delayed,64.2,High
PRJ01466,Telangana Telecommunications Infra Development Phase-31,Telecommunications,Ministry of Communications,NTPC,Larsen & Toubro Infra,Telangana,1724.22,3471.63,101.34,True,2018-11-16,60,88,2023-10-21,2026-02-07,28,True,91.0,25.4,882.95,51.2,4,4,Court cases/litigation,Delayed,86.8,High
PRJ01467,Telangana Power Infra Development Phase-32,Power,Ministry of Power,RITES,Shapoorji Pallonji Infra,Telangana,1925.36,545.3,0.0,False,2021-12-14,72,72,2027-11-13,2027-11-13,0,False,66.5,61.9,337.71,17.5,12,8,None,On Track,5.6,Low
PRJ01468,Telangana Housing Infra Development Phase-33,Housing,Ministry of Housing & Urban Affairs,NTPC,Larsen & Toubro Infra,Telangana,610.45,2049.97,235.81,True,2018-09-24,36,49,2021-09-08,2022-10-03,13,True,80.9,67.8,1389.9,100.0,8,6,Contractual issues; Forest/environment clearance delay,Delayed,100.0,High
PRJ01469,Telangana Renewable Energy Infra Development Phase-34,Renewable Energy,Ministry of New & Renewable Energy,State Irrigation Dept,GMR Infrastructure,Telangana,978.85,918.21,0.0,False,2021-08-30,72,72,2027-07-30,2027-07-30,0,False,69.3,38.7,355.35,36.3,4,3,None,On Track,4.4,Low
PRJ01470,Telangana Petroleum & Natural Gas Infra Development Phase-35,Petroleum & Natural Gas,Ministry of Petroleum & Natural Gas,BSNL,Larsen & Toubro Infra,Telangana,1354.49,1816.17,34.09,True,2020-10-30,48,84,2024-10-09,2027-09-24,36,True,58.5,9.5,172.24,12.7,8,5,Funding constraints,Delayed,67.2,High
PRJ01471,Telangana Coal Infra Development Phase-36,Coal,Ministry of Coal,AAI,Afcons Infrastructure,Telangana,1192.59,1709.62,43.35,True,2021-08-27,60,71,2026-08-01,2027-06-27,11,True,66.4,100.0,2085.52,100.0,8,5,Contractual issues,Delayed,43.4,Medium
PRJ01472,Telangana Telecommunications Infra Development Phase-37,Telecommunications,Ministry of Communications,State PWD,HCC (Hindustan Construction),Telangana,3571.16,5583.91,56.36,True,2019-07-24,60,96,2024-06-27,2027-06-12,36,True,59.9,9.2,515.58,14.4,6,4,Poor contractor mobilization; COVID-19 related disruption,Delayed,78.5,High
PRJ01473,Telangana Water Supply & Sanitation Infra Development Phase-38,Water Supply & Sanitation,Ministry of Jal Shakti,State Irrigation Dept,Shapoorji Pallonji Infra,Telangana,1457.96,1516.64,4.02,True,2022-10-16,24,34,2024-10-05,2025-08-01,10,True,88.2,100.0,1571.84,100.0,8,7,COVID-19 related disruption,Delayed,13.5,Low
PRJ01474,Telangana Civil Aviation Infra Development Phase-39,Civil Aviation,Ministry of Civil Aviation,NHAI,IRB Infrastructure,Telangana,427.13,1833.31,329.22,True,2022-10-21,36,83,2025-10-05,2029-08-15,47,True,44.7,72.2,1323.33,100.0,4,2,Utility shifting delay,Delayed,100.0,High
PRJ01475,Telangana Mining Infra Development Phase-40,Mining,Ministry of Mines,SAIL,Shapoorji Pallonji Infra,Telangana,1872.57,3595.25,92.0,True,2018-11-05,36,56,2021-10-20,2023-06-12,20,True,80.1,37.2,1338.39,71.5,10,8,Price escalation of raw materials,Delayed,78.7,High
PRJ01476,Telangana Railways Infra Development Phase-41,Railways,Ministry of Railways,IFFCO,Shapoorji Pallonji Infra,Telangana,1542.64,748.4,0.0,False,2018-09-11,60,99,2023-08-16,2026-10-29,39,True,79.9,100.0,1524.26,98.8,12,10,Rehabilitation & resettlement issues,Delayed,30.2,Medium
PRJ01477,Telangana Water Supply & Sanitation Infra Development Phase-42,Water Supply & Sanitation,Ministry of Jal Shakti,SAIL,GR Infraprojects,Telangana,1360.01,677.04,0.0,False,2020-05-31,36,36,2023-05-16,2023-05-16,0,False,85.5,60.9,412.47,30.3,8,7,None,On Track,8.6,Low
PRJ01478,Telangana Irrigation Infra Development Phase-43,Irrigation,Ministry of Jal Shakti,NHAI,NCC Limited,Telangana,475.36,1060.44,123.08,True,2020-02-20,48,78,2024-01-30,2026-07-18,30,True,72.9,100.0,2250.98,100.0,12,9,Price escalation of raw materials,Delayed,100.0,High
PRJ01479,Telangana Urban Development Infra Development Phase-44,Urban Development,Ministry of Housing & Urban Affairs,NMDC,GR Infraprojects,Telangana,1326.14,379.41,0.0,False,2019-04-21,36,36,2022-04-05,2022-04-05,0,False,100.0,100.0,866.67,65.4,12,12,None,Completed,0.0,Low
PRJ01480,Telangana Education Infrastructure Infra Development Phase-45,Education Infrastructure,Ministry of Education,Deendayal Port Trust,Larsen & Toubro Infra,Telangana,1748.81,1126.31,0.0,False,2021-12-17,60,60,2026-11-21,2026-11-21,0,False,85.5,88.4,995.76,56.9,8,7,None,On Track,0.4,Low
PRJ01481,Telangana Fertilizers Infra Development Phase-46,Fertilizers,Ministry of Chemicals & Fertilizers,SAIL,Patel Engineering,Telangana,3712.19,2621.81,0.0,False,2019-03-20,60,60,2024-02-22,2024-02-22,0,False,100.0,39.6,1039.51,28.0,8,8,None,Completed,7.6,Low
PRJ01482,Telangana Ports & Shipping Infra Development Phase-47,Ports & Shipping,"Ministry of Ports, Shipping & Waterways",IRCON,Reliance Infrastructure,Telangana,1120.7,1144.06,2.08,True,2020-10-02,36,55,2023-09-17,2025-04-09,19,True,92.5,39.0,445.83,39.8,10,9,Rehabilitation & resettlement issues,Delayed,13.2,Low
PRJ01483,Telangana Renewable Energy Infra Development Phase-48,Renewable Energy,Ministry of New & Renewable Energy,RVNL,IRB Infrastructure,Telangana,2430.65,3955.33,62.73,True,2022-09-27,84,112,2029-08-21,2031-12-09,28,True,28.3,15.0,591.58,24.3,12,3,Utility shifting delay; Price escalation of raw materials,Delayed,77.8,High
PRJ01484,Telangana Fertilizers Infra Development Phase-49,Fertilizers,Ministry of Chemicals & Fertilizers,GAIL,GR Infraprojects,Telangana,1276.51,1643.38,28.74,True,2017-04-06,84,98,2024-02-29,2025-04-24,14,True,89.3,61.5,1010.11,79.1,4,4,Shortage of skilled manpower; Poor contractor mobilization,Delayed,29.1,Medium
PRJ01485,Telangana Steel Infra Development Phase-50,Steel,Ministry of Steel,State PWD,Megha Engineering (MEIL),Telangana,1717.4,2361.97,37.53,True,2022-09-01,48,99,2026-08-11,2030-10-19,51,True,32.4,83.6,1974.53,100.0,4,1,Court cases/litigation,Delayed,73.5,High
PRJ01486,Telangana Coal Infra Development Phase-51,Coal,Ministry of Coal,NMDC,Larsen & Toubro Infra,Telangana,2080.64,3131.36,50.5,True,2022-09-10,60,75,2027-08-15,2028-11-07,15,True,53.5,13.7,427.49,20.5,8,4,Forest/environment clearance delay,Delayed,52.9,High
PRJ01487,Telangana Fertilizers Infra Development Phase-52,Fertilizers,Ministry of Chemicals & Fertilizers,NTPC,Larsen & Toubro Infra,Telangana,4886.38,1610.96,0.0,False,2022-01-13,48,48,2025-12-23,2025-12-23,0,False,100.0,46.8,754.29,15.4,8,8,None,Completed,1.4,Low
PRJ01488,Telangana Healthcare Infrastructure Infra Development Phase-53,Healthcare Infrastructure,Ministry of Health & Family Welfare,NHAI,Larsen & Toubro Infra,Telangana,2943.32,3003.74,2.05,True,2022-01-31,48,48,2026-01-10,2026-01-10,0,False,98.8,29.6,889.42,30.2,8,8,None,Completed,7.5,Low
PRJ01489,Punjab Petroleum & Natural Gas Infra Development Phase-1,Petroleum & Natural Gas,Ministry of Petroleum & Natural Gas,IWAI,Larsen & Toubro Infra,Punjab,1056.32,3464.54,227.98,True,2022-12-25,48,63,2026-12-04,2028-02-27,15,True,48.6,17.2,597.36,56.6,12,6,Court cases/litigation,Delayed,100.0,High
PRJ01490,Punjab Steel Infra Development Phase-2,Steel,Ministry of Steel,RITES,Larsen & Toubro Infra,Punjab,614.02,1006.09,63.85,True,2018-07-28,24,57,2020-07-17,2023-04-03,33,True,75.7,51.0,512.83,83.5,10,8,Change in project scope,Delayed,70.5,High
PRJ01491,Punjab Mining Infra Development Phase-3,Mining,Ministry of Mines,HUDCO,GR Infraprojects,Punjab,555.39,1135.7,104.49,True,2019-02-28,48,95,2023-02-07,2026-12-18,47,True,83.0,9.7,110.55,19.9,8,7,Change in project scope; Funding constraints,Delayed,100.0,High
PRJ01492,Punjab Water Supply & Sanitation Infra Development Phase-4,Water Supply & Sanitation,Ministry of Jal Shakti,State PWD,Larsen & Toubro Infra,Punjab,607.65,1056.4,73.85,True,2017-12-02,48,80,2021-11-11,2024-06-28,32,True,89.3,60.0,634.08,100.0,4,4,Poor contractor mobilization,Delayed,73.7,High
PRJ01493,Punjab Civil Aviation Infra Development Phase-5,Civil Aviation,Ministry of Civil Aviation,BSNL,Larsen & Toubro Infra,Punjab,1328.96,1754.55,32.02,True,2019-05-30,60,93,2024-05-03,2027-01-18,33,True,63.2,69.4,1216.83,91.6,10,6,Court cases/litigation,Delayed,55.7,High
PRJ01494,Punjab Rural Infrastructure Infra Development Phase-6,Rural Infrastructure,Ministry of Rural Development,HUDCO,Dilip Buildcon Ltd,Punjab,1858.81,1474.16,0.0,False,2021-07-08,36,43,2024-06-22,2025-01-18,7,True,74.2,46.9,690.97,37.2,12,9,Delay in tendering/equipment supply; Rehabilitation & resettlement issues,Delayed,10.8,Low
PRJ01495,Punjab Housing Infra Development Phase-7,Housing,Ministry of Housing & Urban Affairs,NMDC,GR Infraprojects,Punjab,581.02,1175.35,102.29,True,2021-10-01,48,58,2025-09-10,2026-07-07,10,True,84.4,100.0,1499.8,100.0,10,8,Poor contractor mobilization; Monsoon/weather delays,Delayed,79.6,High
PRJ01496,Punjab Power Infra Development Phase-8,Power,Ministry of Power,PowerGrid,Sadbhav Engineering,Punjab,3759.32,951.93,0.0,False,2022-09-03,72,72,2028-08-02,2028-08-02,0,False,56.5,60.1,572.23,15.2,6,3,None,On Track,13.5,Low
PRJ01497,Punjab Housing Infra Development Phase-9,Housing,Ministry of Housing & Urban Affairs,ABC Infrastructure Ltd.,IRB Infrastructure,Punjab,3418.39,3917.57,14.6,True,2022-02-18,72,77,2028-01-18,2028-06-16,5,True,59.1,19.0,744.21,21.8,6,4,Geological surprises,Delayed,22.7,Low
PRJ01498,Punjab Urban Development Infra Development Phase-10,Urban Development,Ministry of Housing & Urban Affairs,BSNL,Larsen & Toubro Infra,Punjab,1456.7,3373.91,131.61,True,2017-05-14,36,51,2020-04-28,2021-07-22,15,True,80.7,27.1,914.85,62.8,6,5,Change in project scope; Rehabilitation & resettlement issues,Delayed,100.0,High
PRJ01499,Punjab Water Supply & Sanitation Infra Development Phase-11,Water Supply & Sanitation,Ministry of Jal Shakti,NTPC,Patel Engineering,Punjab,524.54,2881.29,449.3,True,2018-05-11,48,82,2022-04-20,2025-02-03,34,True,93.5,25.2,726.53,100.0,8,7,Forest/environment clearance delay; Delay in tendering/equipment supply,Delayed,100.0,High
PRJ01500,Punjab Civil Aviation Infra Development Phase-12,Civil Aviation,Ministry of Civil Aviation,NTPC,GMR Infrastructure,Punjab,1875.18,2094.36,11.69,True,2021-03-02,72,83,2027-01-30,2027-12-26,11,True,61.8,7.7,160.44,8.6,8,5,Rehabilitation & resettlement issues; Contractual issues,Delayed,27.4,Medium
PRJ01501,Punjab Housing Infra Development Phase-13,Housing,Ministry of Housing & Urban Affairs,NHAI,Larsen & Toubro Infra,Punjab,510.36,1210.39,137.16,True,2018-08-09,48,56,2022-07-19,2023-03-16,8,True,89.3,100.0,1294.3,100.0,6,5,Forest/environment clearance delay; COVID-19 related disruption,Delayed,100.0,High
PRJ01502,Punjab Steel Infra Development Phase-14,Steel,Ministry of Steel,RITES,Larsen & Toubro Infra,Punjab,2037.02,1521.26,0.0,False,2019-06-03,24,24,2021-05-23,2021-05-23,0,False,100.0,52.9,804.42,39.5,6,6,None,Completed,5.5,Low
PRJ01503,Punjab Housing Infra Development Phase-15,Housing,Ministry of Housing & Urban Affairs,NHAI,PNC Infratech,Punjab,2401.99,1506.34,0.0,False,2018-05-17,36,36,2021-05-01,2021-05-01,0,False,86.4,100.0,1833.93,76.4,12,10,None,On Track,1.1,Low
PRJ01504,Punjab Irrigation Infra Development Phase-16,Irrigation,Ministry of Jal Shakti,RVNL,Larsen & Toubro Infra,Punjab,1991.2,1603.24,0.0,False,2017-07-03,24,24,2019-06-23,2019-06-23,0,False,100.0,48.8,781.67,39.3,10,10,None,Completed,0.0,Low
PRJ01505,Punjab Housing Infra Development Phase-17,Housing,Ministry of Housing & Urban Affairs,IWAI,Larsen & Toubro Infra,Punjab,3985.18,1076.09,0.0,False,2020-06-22,60,87,2025-05-27,2027-08-15,27,True,65.9,100.0,1603.65,40.2,12,8,Utility shifting delay; Price escalation of raw materials,Delayed,29.4,Medium
PRJ01506,Punjab Water Resources Infra Development Phase-18,Water Resources,Ministry of Jal Shakti,BSNL,Tata Projects,Punjab,885.39,3227.78,264.56,True,2018-06-28,60,70,2023-06-02,2024-03-28,10,True,86.7,21.2,684.1,77.3,6,5,COVID-19 related disruption; Utility shifting delay,Delayed,100.0,High
PRJ01507,Punjab Urban Development Infra Development Phase-19,Urban Development,Ministry of Housing & Urban Affairs,PowerGrid,GMR Infrastructure,Punjab,1267.21,2981.0,135.24,True,2020-08-25,48,61,2024-08-04,2025-08-29,13,True,80.5,66.3,1974.95,100.0,4,3,Price escalation of raw materials; Change in project scope,Delayed,100.0,High
PRJ01508,Punjab Water Resources Infra Development Phase-20,Water Resources,Ministry of Jal Shakti,IRCTC,KNR Constructions,Punjab,1592.69,1151.87,0.0,False,2017-07-07,48,48,2021-06-16,2021-06-16,0,False,97.0,100.0,1386.11,87.0,10,10,None,On Track,0.0,Low
PRJ01509,Punjab Coal Infra Development Phase-21,Coal,Ministry of Coal,NMDC,Reliance Infrastructure,Punjab,2477.84,1241.93,0.0,False,2017-12-29,48,95,2021-12-08,2025-10-18,47,True,89.9,80.9,1005.22,40.6,6,5,Rehabilitation & resettlement issues,Delayed,36.6,Medium
PRJ01510,Punjab Postal Infrastructure Infra Development Phase-22,Postal Infrastructure,Ministry of Communications,NMDC,Larsen & Toubro Infra,Punjab,2386.57,1622.73,0.0,False,2018-05-23,96,96,2026-04-11,2026-04-11,0,False,88.7,5.3,85.91,3.6,12,11,None,On Track,8.4,Low
PRJ01511,Punjab Ports & Shipping Infra Development Phase-23,Ports & Shipping,"Ministry of Ports, Shipping & Waterways",ONGC,NCC Limited,Punjab,1199.95,1825.29,52.11,True,2017-08-05,36,63,2020-07-20,2022-10-08,27,True,77.7,51.5,940.88,78.4,12,9,Monsoon/weather delays,Delayed,58.4,High
PRJ01512,Punjab Telecommunications Infra Development Phase-24,Telecommunications,Ministry of Communications,NHAI,GR Infraprojects,Punjab,847.17,2016.17,137.99,True,2018-05-08,36,75,2021-04-22,2024-07-05,39,True,77.8,75.9,1530.12,100.0,12,9,Land acquisition delay,Delayed,100.0,High
PRJ01513,Punjab Coal Infra Development Phase-25,Coal,Ministry of Coal,ONGC,GMR Infrastructure,Punjab,1094.09,1755.21,60.43,True,2019-10-02,60,80,2024-09-05,2026-04-28,20,True,78.8,34.3,602.05,55.0,12,9,Funding constraints; Price escalation of raw materials,Delayed,67.6,High
PRJ01514,Punjab Postal Infrastructure Infra Development Phase-26,Postal Infrastructure,Ministry of Communications,Deendayal Port Trust,Megha Engineering (MEIL),Punjab,1382.91,1676.06,21.2,True,2020-08-05,72,114,2026-07-05,2029-12-16,42,True,45.3,14.9,249.51,18.0,10,5,Monsoon/weather delays,Delayed,58.8,High
PRJ01515,Punjab Roads & Highways Infra Development Phase-27,Roads & Highways,Ministry of Road Transport & Highways,IRCTC,Dilip Buildcon Ltd,Punjab,2423.28,208.51,0.0,False,2021-11-26,72,72,2027-10-26,2027-10-26,0,False,79.5,100.0,456.64,18.8,6,5,None,On Track,5.2,Low
PRJ01516,Punjab Water Supply & Sanitation Infra Development Phase-28,Water Supply & Sanitation,Ministry of Jal Shakti,NHAI,Larsen & Toubro Infra,Punjab,1677.19,1383.0,0.0,False,2022-12-03,24,24,2024-11-22,2024-11-22,0,False,100.0,44.8,619.49,36.9,8,8,None,Completed,1.1,Low
PRJ01517,Punjab Water Resources Infra Development Phase-29,Water Resources,Ministry of Jal Shakti,NBCC,Larsen & Toubro Infra,Punjab,3829.09,1858.28,0.0,False,2018-01-08,24,24,2019-12-29,2019-12-29,0,False,96.5,62.3,1158.58,30.3,4,4,None,On Track,9.1,Low
PRJ01518,Punjab Inland Waterways Infra Development Phase-30,Inland Waterways,"Ministry of Ports, Shipping & Waterways",NHPC,Dilip Buildcon Ltd,Punjab,647.35,1496.71,131.21,True,2018-11-20,60,76,2023-10-25,2025-02-16,16,True,82.6,100.0,2342.65,100.0,8,7,Law and order problems,Delayed,100.0,High
PRJ01519,Punjab Coal Infra Development Phase-31,Coal,Ministry of Coal,RVNL,Shapoorji Pallonji Infra,Punjab,3614.31,2617.58,0.0,False,2018-09-24,36,36,2021-09-08,2021-09-08,0,False,93.0,47.8,1250.29,34.6,8,7,None,On Track,4.3,Low
PRJ01520,Punjab Water Supply & Sanitation Infra Development Phase-32,Water Supply & Sanitation,Ministry of Jal Shakti,IFFCO,Shapoorji Pallonji Infra,Punjab,2552.67,2431.57,0.0,False,2018-11-25,72,72,2024-10-24,2024-10-24,0,False,100.0,29.2,710.31,27.8,4,4,None,Completed,5.1,Low
PRJ01521,Punjab Education Infrastructure Infra Development Phase-33,Education Infrastructure,Ministry of Education,IRCTC,Larsen & Toubro Infra,Punjab,796.9,2053.47,157.68,True,2019-01-14,96,125,2026-12-03,2029-04-21,29,True,53.0,24.0,493.39,61.9,4,2,Rehabilitation & resettlement issues,Delayed,100.0,High
PRJ01522,Punjab Water Resources Infra Development Phase-34,Water Resources,Ministry of Jal Shakti,NTPC,IRB Infrastructure,Punjab,472.63,3285.06,595.06,True,2020-08-03,48,58,2024-07-13,2025-05-09,10,True,71.5,57.1,1875.16,100.0,6,4,Utility shifting delay; Contractual issues,Delayed,100.0,High
PRJ01523,Punjab Water Resources Infra Development Phase-35,Water Resources,Ministry of Jal Shakti,NTPC,NCC Limited,Punjab,1464.33,4050.22,176.59,True,2017-08-01,48,96,2021-07-11,2025-06-20,48,True,76.9,19.9,805.25,55.0,6,5,Shortage of skilled manpower,Delayed,100.0,High
PRJ01524,Punjab Housing Infra Development Phase-36,Housing,Ministry of Housing & Urban Affairs,HUDCO,Afcons Infrastructure,Punjab,2015.73,4342.14,115.41,True,2022-08-29,48,52,2026-08-08,2026-12-06,4,True,78.9,15.2,661.46,32.8,10,8,Delay in tendering/equipment supply,Delayed,89.5,High
PRJ01525,Punjab Railways Infra Development Phase-37,Railways,Ministry of Railways,IRCTC,Larsen & Toubro Infra,Punjab,2762.93,539.75,0.0,False,2022-03-19,60,60,2027-02-21,2027-02-21,0,False,76.8,100.0,719.5,26.0,12,9,None,On Track,2.9,Low
PRJ01526,Punjab Water Supply & Sanitation Infra Development Phase-38,Water Supply & Sanitation,Ministry of Jal Shakti,RVNL,Tata Projects,Punjab,761.83,1794.09,135.5,True,2022-06-07,24,33,2024-05-27,2025-02-21,9,True,86.4,52.8,948.12,100.0,4,3,Shortage of skilled manpower; COVID-19 related disruption,Delayed,100.0,High
PRJ01527,Punjab Roads & Highways Infra Development Phase-39,Roads & Highways,Ministry of Road Transport & Highways,NBCC,KNR Constructions,Punjab,996.37,3423.02,243.55,True,2018-02-20,48,94,2022-01-30,2025-11-10,46,True,78.6,20.8,712.88,71.5,6,5,Rehabilitation & resettlement issues,Delayed,100.0,High
PRJ01528,Punjab Healthcare Infrastructure Infra Development Phase-40,Healthcare Infrastructure,Ministry of Health & Family Welfare,State PWD,GR Infraprojects,Punjab,2644.86,1261.22,0.0,False,2022-01-01,48,48,2025-12-11,2025-12-11,0,False,100.0,37.7,475.76,18.0,4,4,None,Completed,3.9,Low
PRJ01529,Punjab Fertilizers Infra Development Phase-41,Fertilizers,Ministry of Chemicals & Fertilizers,HUDCO,Tata Projects,Punjab,1158.26,3475.37,200.05,True,2019-04-14,60,101,2024-03-18,2027-07-31,41,True,74.8,44.0,1530.55,100.0,6,4,Law and order problems; Price escalation of raw materials,Delayed,100.0,High
PRJ01530,Punjab Petroleum & Natural Gas Infra Development Phase-42,Petroleum & Natural Gas,Ministry of Petroleum & Natural Gas,NHPC,Dilip Buildcon Ltd,Punjab,1810.76,2332.0,28.79,True,2021-10-02,60,95,2026-09-06,2029-07-22,35,True,50.2,27.4,638.86,35.3,12,6,Forest/environment clearance delay; Land acquisition delay,Delayed,55.6,High
PRJ01531,Punjab Urban Development Infra Development Phase-43,Urban Development,Ministry of Housing & Urban Affairs,Deendayal Port Trust,GR Infraprojects,Punjab,1233.94,1650.78,33.78,True,2020-03-30,48,79,2024-03-09,2026-09-25,31,True,81.6,49.7,820.61,66.5,6,5,Forest/environment clearance delay,Delayed,47.0,Medium
PRJ01532,Punjab Housing Infra Development Phase-44,Housing,Ministry of Housing & Urban Affairs,NBCC,Shapoorji Pallonji Infra,Punjab,3076.5,1131.91,0.0,False,2019-10-25,72,95,2025-09-23,2027-08-14,23,True,73.5,66.5,752.36,24.5,10,7,Geological surprises; Rehabilitation & resettlement issues,Delayed,29.5,Medium
PRJ01533,Punjab Telecommunications Infra Development Phase-45,Telecommunications,Ministry of Communications,RITES,Afcons Infrastructure,Punjab,1799.38,6684.14,271.47,True,2017-07-06,72,97,2023-06-05,2025-06-24,25,True,89.1,13.3,890.26,49.5,6,5,Rehabilitation & resettlement issues,Delayed,100.0,High
PRJ01534,Punjab Ports & Shipping Infra Development Phase-46,Ports & Shipping,"Ministry of Ports, Shipping & Waterways",SAIL,Larsen & Toubro Infra,Punjab,1244.28,2151.39,72.9,True,2018-05-19,60,111,2023-04-23,2027-07-01,51,True,75.9,14.5,311.02,25.0,6,5,Poor contractor mobilization; Change in project scope,Delayed,94.3,High
PRJ01535,Punjab Education Infrastructure Infra Development Phase-47,Education Infrastructure,Ministry of Education,HUDCO,Afcons Infrastructure,Punjab,1187.47,652.21,0.0,False,2020-07-27,36,36,2023-07-12,2023-07-12,0,False,88.9,48.5,316.32,26.6,8,7,None,On Track,2.9,Low
PRJ01536,Punjab Fertilizers Infra Development Phase-48,Fertilizers,Ministry of Chemicals & Fertilizers,NBCC,GMR Infrastructure,Punjab,1937.9,1122.26,0.0,False,2022-01-29,60,69,2027-01-03,2027-09-30,9,True,53.0,62.7,703.22,36.3,8,4,Utility shifting delay,Delayed,17.7,Low
PRJ01537,Punjab Mining Infra Development Phase-49,Mining,Ministry of Mines,ONGC,PNC Infratech,Punjab,1871.17,1224.57,0.0,False,2022-02-27,48,48,2026-02-06,2026-02-06,0,False,100.0,100.0,2348.07,100.0,12,12,None,Completed,0.6,Low
PRJ01538,Punjab Mining Infra Development Phase-50,Mining,Ministry of Mines,NHAI,Shapoorji Pallonji Infra,Punjab,1291.36,3156.7,144.45,True,2018-07-02,96,118,2026-05-21,2028-03-11,22,True,63.4,17.4,548.49,42.5,4,3,Land acquisition delay; COVID-19 related disruption,Delayed,100.0,High
PRJ01539,Punjab Roads & Highways Infra Development Phase-51,Roads & Highways,Ministry of Road Transport & Highways,IFFCO,Larsen & Toubro Infra,Punjab,3188.23,3016.39,0.0,False,2018-12-12,48,69,2022-11-21,2024-08-12,21,True,93.2,23.7,715.94,22.5,10,9,Price escalation of raw materials; Delay in tendering/equipment supply,Delayed,25.1,Medium
PRJ01540,Punjab Ports & Shipping Infra Development Phase-52,Ports & Shipping,"Ministry of Ports, Shipping & Waterways",NMDC,GR Infraprojects,Punjab,2057.12,1138.01,0.0,False,2017-11-14,60,60,2022-10-19,2022-10-19,0,False,88.8,34.1,388.23,18.9,12,11,None,On Track,5.1,Low
PRJ01541,Punjab Roads & Highways Infra Development Phase-53,Roads & Highways,Ministry of Road Transport & Highways,IFFCO,GR Infraprojects,Punjab,799.34,4437.79,455.18,True,2021-12-29,48,87,2025-12-08,2029-02-20,39,True,47.6,23.0,1022.39,100.0,4,2,Price escalation of raw materials; Poor contractor mobilization,Delayed,100.0,High
PRJ01542,Jammu and Kashmir Education Infrastructure Infra Development Phase-1,Education Infrastructure,Ministry of Education,AAI,Simplex Infrastructures,Jammu and Kashmir,3536.22,2879.19,0.0,False,2021-05-04,48,48,2025-04-13,2025-04-13,0,False,86.0,21.0,603.2,17.1,6,5,None,On Track,8.3,Low
PRJ01543,Jammu and Kashmir Roads & Highways Infra Development Phase-2,Roads & Highways,Ministry of Road Transport & Highways,NTPC,Larsen & Toubro Infra,Jammu and Kashmir,7250.27,3128.23,0.0,False,2022-03-11,84,84,2029-02-02,2029-02-02,0,False,63.0,27.6,864.63,11.9,8,5,None,On Track,9.6,Low
PRJ01544,Jammu and Kashmir Renewable Energy Infra Development Phase-3,Renewable Energy,Ministry of New & Renewable Energy,State Irrigation Dept,GMR Infrastructure,Jammu and Kashmir,5413.43,1047.62,0.0,False,2017-02-08,60,60,2022-01-13,2022-01-13,0,False,100.0,100.0,3886.71,71.8,6,6,None,On Track,1.6,Low
PRJ01545,Jammu and Kashmir Roads & Highways Infra Development Phase-4,Roads & Highways,Ministry of Road Transport & Highways,NBCC,Dilip Buildcon Ltd,Jammu and Kashmir,1883.07,823.85,0.0,False,2021-01-05,96,132,2028-11-24,2031-11-09,36,True,36.7,100.0,1747.04,92.8,6,2,Rehabilitation & resettlement issues,Delayed,37.4,Medium
PRJ01546,Jammu and Kashmir Petroleum & Natural Gas Infra Development Phase-5,Petroleum & Natural Gas,Ministry of Petroleum & Natural Gas,Coal India Ltd,GR Infraprojects,Jammu and Kashmir,3107.91,726.76,0.0,False,2022-07-16,72,94,2028-06-14,2030-04-05,22,True,45.4,100.0,2301.4,74.0,8,4,Delay in tendering/equipment supply,Delayed,23.2,Low
PRJ01547,Jammu and Kashmir Housing Infra Development Phase-6,Housing,Ministry of Housing & Urban Affairs,ABC Infrastructure Ltd.,Larsen & Toubro Infra,Jammu and Kashmir,1332.63,3657.06,174.42,True,2019-05-07,60,95,2024-04-10,2027-02-24,35,True,83.3,100.0,4935.54,100.0,4,3,Price escalation of raw materials,Delayed,100.0,High
PRJ01548,Jammu and Kashmir Inland Waterways Infra Development Phase-7,Inland Waterways,"Ministry of Ports, Shipping & Waterways",NBCC,IRB Infrastructure,Jammu and Kashmir,3840.07,3108.06,0.0,False,2022-08-12,48,48,2026-07-22,2026-07-22,0,False,92.2,57.2,1778.27,46.3,10,9,None,On Track,0.0,Low
PRJ01549,Jammu and Kashmir Power Infra Development Phase-8,Power,Ministry of Power,NHPC,Larsen & Toubro Infra,Jammu and Kashmir,1800.39,2035.75,13.07,True,2019-03-05,72,111,2025-02-01,2028-04-16,39,True,60.3,84.3,1715.71,95.3,12,7,Funding constraints,Delayed,48.4,Medium
PRJ01550,Jammu and Kashmir Healthcare Infrastructure Infra Development Phase-9,Healthcare Infrastructure,Ministry of Health & Family Welfare,PowerGrid,Larsen & Toubro Infra,Jammu and Kashmir,7538.77,4156.37,0.0,False,2017-09-24,60,60,2022-08-29,2022-08-29,0,False,100.0,56.0,2327.19,30.9,6,6,None,On Track,4.9,Low
PRJ01551,Jammu and Kashmir Coal Infra Development Phase-10,Coal,Ministry of Coal,IWAI,Ashoka Buildcon,Jammu and Kashmir,1236.75,1434.4,15.98,True,2019-07-23,48,58,2023-07-02,2024-04-27,10,True,90.9,100.0,3355.06,100.0,12,11,Geological surprises; Poor contractor mobilization,Delayed,15.8,Low
PRJ01552,Jammu and Kashmir Rural Infrastructure Infra Development Phase-11,Rural Infrastructure,Ministry of Rural Development,NHAI,Dilip Buildcon Ltd,Jammu and Kashmir,1703.43,1711.3,0.46,False,2022-12-23,48,48,2026-12-02,2026-12-02,0,False,90.1,100.0,1791.47,100.0,12,11,None,On Track,0.7,Low
PRJ01553,Jammu and Kashmir Coal Infra Development Phase-12,Coal,Ministry of Coal,IFFCO,Afcons Infrastructure,Jammu and Kashmir,3213.35,2994.59,0.0,False,2022-02-03,48,48,2026-01-13,2026-01-13,0,False,92.5,100.0,3328.37,100.0,4,4,None,On Track,0.0,Low
PRJ01554,Jammu and Kashmir Water Supply & Sanitation Infra Development Phase-13,Water Supply & Sanitation,Ministry of Jal Shakti,NMDC,KNR Constructions,Jammu and Kashmir,5137.97,990.4,0.0,False,2017-08-01,60,60,2022-07-06,2022-07-06,0,False,87.8,100.0,2013.67,39.2,8,7,None,On Track,0.0,Low
PRJ01555,Jammu and Kashmir Water Supply & Sanitation Infra Development Phase-14,Water Supply & Sanitation,Ministry of Jal Shakti,State PWD,Afcons Infrastructure,Jammu and Kashmir,2893.55,1387.81,0.0,False,2020-01-28,84,84,2026-12-22,2026-12-22,0,False,76.4,17.4,242.13,8.4,4,3,None,On Track,7.3,Low
PRJ01556,Jammu and Kashmir Rural Infrastructure Infra Development Phase-15,Rural Infrastructure,Ministry of Rural Development,HUDCO,Afcons Infrastructure,Jammu and Kashmir,6624.76,2374.93,0.0,False,2022-03-27,72,72,2028-02-24,2028-02-24,0,False,66.4,38.7,919.65,13.9,10,7,None,On Track,8.1,Low
PRJ01557,Jammu and Kashmir Irrigation Infra Development Phase-16,Irrigation,Ministry of Jal Shakti,HUDCO,GMR Infrastructure,Jammu and Kashmir,1753.75,2507.09,42.96,True,2017-06-28,96,145,2025-05-17,2029-05-26,49,True,64.2,58.0,1453.31,82.9,6,4,Delay in tendering/equipment supply,Delayed,67.8,High
PRJ01558,Jammu and Kashmir Water Supply & Sanitation Infra Development Phase-17,Water Supply & Sanitation,Ministry of Jal Shakti,NHPC,GMR Infrastructure,Jammu and Kashmir,2116.88,2249.48,6.26,True,2022-01-13,60,76,2026-12-18,2028-04-11,16,True,54.6,21.8,490.56,23.2,8,4,Price escalation of raw materials,Delayed,27.0,Medium
PRJ01559,Jammu and Kashmir Renewable Energy Infra Development Phase-18,Renewable Energy,Ministry of New & Renewable Energy,IRCTC,Gammon India,Jammu and Kashmir,2684.86,989.67,0.0,False,2017-12-02,60,60,2022-11-06,2022-11-06,0,False,99.3,100.0,2530.29,94.2,12,12,None,On Track,0.0,Low
PRJ01560,Jammu and Kashmir Roads & Highways Infra Development Phase-19,Roads & Highways,Ministry of Road Transport & Highways,Coal India Ltd,Larsen & Toubro Infra,Jammu and Kashmir,2880.88,3504.96,21.66,True,2021-10-02,60,96,2026-09-06,2029-08-21,36,True,47.0,35.1,1231.12,42.7,4,2,Geological surprises,Delayed,52.8,High
PRJ01561,Jammu and Kashmir Power Infra Development Phase-20,Power,Ministry of Power,IRCTC,Shapoorji Pallonji Infra,Jammu and Kashmir,3509.62,3975.23,13.27,True,2020-06-27,84,103,2027-05-22,2028-12-12,19,True,54.4,30.6,1217.73,34.7,4,2,Land acquisition delay,Delayed,33.3,Medium
PRJ01562,Jammu and Kashmir Housing Infra Development Phase-21,Housing,Ministry of Housing & Urban Affairs,State PWD,Shapoorji Pallonji Infra,Jammu and Kashmir,3216.81,1875.57,0.0,False,2017-04-09,72,72,2023-03-09,2023-03-09,0,False,100.0,79.0,1481.86,46.1,12,12,None,On Track,5.1,Low
PRJ01563,Jammu and Kashmir Fertilizers Infra Development Phase-22,Fertilizers,Ministry of Chemicals & Fertilizers,IRCTC,Larsen & Toubro Infra,Jammu and Kashmir,1130.37,1898.31,67.94,True,2019-10-23,60,106,2024-09-26,2028-07-07,46,True,62.5,33.0,626.31,55.4,6,4,Monsoon/weather delays,Delayed,89.3,High
PRJ01564,Jammu and Kashmir Petroleum & Natural Gas Infra Development Phase-23,Petroleum & Natural Gas,Ministry of Petroleum & Natural Gas,IRCTC,Afcons Infrastructure,Jammu and Kashmir,2632.53,4197.77,59.46,True,2017-08-11,96,107,2025-06-30,2026-05-26,11,True,73.4,63.0,2643.88,100.0,8,6,Funding constraints,Delayed,52.2,High
PRJ01565,Jammu and Kashmir Education Infrastructure Infra Development Phase-24,Education Infrastructure,Ministry of Education,Deendayal Port Trust,GMR Infrastructure,Jammu and Kashmir,1026.87,575.29,0.0,False,2021-12-02,36,36,2024-11-16,2024-11-16,0,False,86.2,100.0,3805.26,100.0,4,3,None,On Track,11.6,Low
PRJ01566,Jammu and Kashmir Fertilizers Infra Development Phase-25,Fertilizers,Ministry of Chemicals & Fertilizers,State Irrigation Dept,Simplex Infrastructures,Jammu and Kashmir,1270.6,1888.74,48.65,True,2018-05-27,48,75,2022-05-06,2024-07-24,27,True,73.5,100.0,2313.11,100.0,4,3,Forest/environment clearance delay,Delayed,54.7,High
PRJ01567,Jammu and Kashmir Water Resources Infra Development Phase-26,Water Resources,Ministry of Jal Shakti,IRCTC,Shapoorji Pallonji Infra,Jammu and Kashmir,3132.12,933.52,0.0,False,2017-09-24,36,82,2020-09-08,2024-06-19,46,True,93.0,100.0,3572.26,100.0,6,6,COVID-19 related disruption,Delayed,36.1,Medium
PRJ01568,Jammu and Kashmir Railways Infra Development Phase-27,Railways,Ministry of Railways,RITES,Shapoorji Pallonji Infra,Jammu and Kashmir,4995.82,3896.4,0.0,False,2021-11-04,96,96,2029-09-23,2029-09-23,0,False,48.6,12.7,495.13,9.9,4,2,None,On Track,8.3,Low
PRJ01569,Jammu and Kashmir Inland Waterways Infra Development Phase-28,Inland Waterways,"Ministry of Ports, Shipping & Waterways",IFFCO,Larsen & Toubro Infra,Jammu and Kashmir,4611.2,2907.84,0.0,False,2017-08-17,36,36,2020-08-01,2020-08-01,0,False,97.5,97.8,2844.49,61.7,12,12,None,On Track,4.5,Low
PRJ01570,Jammu and Kashmir Railways Infra Development Phase-29,Railways,Ministry of Railways,RITES,KNR Constructions,Jammu and Kashmir,967.27,2870.05,196.72,True,2021-04-12,36,50,2024-03-27,2025-05-21,14,True,90.6,97.1,2786.27,100.0,10,9,Poor contractor mobilization,Delayed,100.0,High
PRJ01571,Jammu and Kashmir Petroleum & Natural Gas Infra Development Phase-30,Petroleum & Natural Gas,Ministry of Petroleum & Natural Gas,Deendayal Port Trust,KNR Constructions,Jammu and Kashmir,5593.93,2698.08,0.0,False,2017-02-13,60,60,2022-01-18,2022-01-18,0,False,88.5,100.0,2707.25,48.4,10,9,None,On Track,1.4,Low
PRJ01572,Jammu and Kashmir Water Resources Infra Development Phase-31,Water Resources,Ministry of Jal Shakti,State Irrigation Dept,Afcons Infrastructure,Jammu and Kashmir,5679.6,4244.65,0.0,False,2021-10-20,24,24,2023-10-10,2023-10-10,0,False,85.4,61.0,2591.15,45.6,12,10,None,On Track,5.4,Low
PRJ01573,Jammu and Kashmir Education Infrastructure Infra Development Phase-32,Education Infrastructure,Ministry of Education,NTPC,Reliance Infrastructure,Jammu and Kashmir,2700.68,1806.83,0.0,False,2020-10-23,24,71,2022-10-13,2026-08-23,47,True,80.4,100.0,2329.21,86.2,4,3,Utility shifting delay; Rehabilitation & resettlement issues,Delayed,42.5,Medium
PRJ01574,Jammu and Kashmir Renewable Energy Infra Development Phase-33,Renewable Energy,Ministry of New & Renewable Energy,NTPC,Reliance Infrastructure,Jammu and Kashmir,3095.35,2785.68,0.0,False,2018-02-25,48,48,2022-02-04,2022-02-04,0,False,100.0,100.0,5326.0,100.0,4,4,None,On Track,0.0,Low
PRJ01575,Jammu and Kashmir Education Infrastructure Infra Development Phase-34,Education Infrastructure,Ministry of Education,ABC Infrastructure Ltd.,Larsen & Toubro Infra,Jammu and Kashmir,5848.88,3116.38,0.0,False,2017-10-04,84,104,2024-08-28,2026-04-20,20,True,79.0,22.7,707.21,12.1,12,9,Contractual issues,Delayed,19.5,Low
PRJ01576,Jammu and Kashmir Fertilizers Infra Development Phase-35,Fertilizers,Ministry of Chemicals & Fertilizers,HUDCO,Larsen & Toubro Infra,Jammu and Kashmir,7471.74,1862.59,0.0,False,2019-11-16,24,24,2021-11-05,2021-11-05,0,False,85.2,100.0,4759.18,63.7,8,7,None,On Track,2.4,Low
PRJ01577,Jammu and Kashmir Water Supply & Sanitation Infra Development Phase-36,Water Supply & Sanitation,Ministry of Jal Shakti,BSNL,Larsen & Toubro Infra,Jammu and Kashmir,4923.98,2299.91,0.0,False,2021-12-27,36,36,2024-12-11,2024-12-11,0,False,99.6,100.0,2913.24,59.2,6,6,None,On Track,0.0,Low
PRJ01578,Jammu and Kashmir Petroleum & Natural Gas Infra Development Phase-37,Petroleum & Natural Gas,Ministry of Petroleum & Natural Gas,PowerGrid,Sadbhav Engineering,Jammu and Kashmir,1740.58,1522.31,0.0,False,2017-06-30,48,48,2021-06-09,2021-06-09,0,False,90.1,100.0,1937.43,100.0,4,4,None,On Track,0.0,Low
PRJ01579,Jammu and Kashmir Civil Aviation Infra Development Phase-38,Civil Aviation,Ministry of Civil Aviation,RITES,Larsen & Toubro Infra,Jammu and Kashmir,3682.03,2621.63,0.0,False,2021-11-21,84,84,2028-10-15,2028-10-15,0,False,68.3,94.1,2467.16,67.0,12,8,None,On Track,7.6,Low
PRJ01580,Jammu and Kashmir Fertilizers Infra Development Phase-39,Fertilizers,Ministry of Chemicals & Fertilizers,AAI,Shapoorji Pallonji Infra,Jammu and Kashmir,3723.21,2137.55,0.0,False,2020-06-28,48,48,2024-06-07,2024-06-07,0,False,100.0,28.8,615.47,16.5,12,12,None,On Track,6.5,Low
PRJ01581,Jammu and Kashmir Postal Infrastructure Infra Development Phase-40,Postal Infrastructure,Ministry of Communications,PowerGrid,Larsen & Toubro Infra,Jammu and Kashmir,4111.63,2403.28,0.0,False,2018-08-27,60,60,2023-08-01,2023-08-01,0,False,89.5,58.5,1405.13,34.2,10,9,None,On Track,5.1,Low
PRJ01582,Jammu and Kashmir Steel Infra Development Phase-41,Steel,Ministry of Steel,Deendayal Port Trust,GMR Infrastructure,Jammu and Kashmir,1321.8,3060.0,131.5,True,2020-11-05,48,56,2024-10-15,2025-06-12,8,True,94.0,81.7,2500.05,100.0,8,8,Land acquisition delay; Delay in tendering/equipment supply,Delayed,95.4,High
PRJ01583,Jammu and Kashmir Healthcare Infrastructure Infra Development Phase-42,Healthcare Infrastructure,Ministry of Health & Family Welfare,IFFCO,Dilip Buildcon Ltd,Jammu and Kashmir,3100.27,4305.59,38.88,True,2018-08-16,96,100,2026-07-05,2026-11-02,4,True,80.6,85.0,3661.17,100.0,4,3,Forest/environment clearance delay,Delayed,36.8,Medium
PRJ01584,Jammu and Kashmir Water Supply & Sanitation Infra Development Phase-43,Water Supply & Sanitation,Ministry of Jal Shakti,AAI,Larsen & Toubro Infra,Jammu and Kashmir,1849.87,2372.6,28.26,True,2019-03-12,36,66,2022-02-24,2024-08-12,30,True,71.5,80.4,1908.62,100.0,6,4,Funding constraints,Delayed,48.1,Medium
PRJ01585,Jammu and Kashmir Mining Infra Development Phase-44,Mining,Ministry of Mines,ONGC,Afcons Infrastructure,Jammu and Kashmir,4087.91,1368.82,0.0,False,2022-05-03,24,24,2024-04-22,2024-04-22,0,False,100.0,83.4,1142.1,27.9,10,10,None,On Track,1.5,Low
PRJ01586,Jammu and Kashmir Education Infrastructure Infra Development Phase-45,Education Infrastructure,Ministry of Education,ABC Infrastructure Ltd.,GMR Infrastructure,Jammu and Kashmir,1418.85,2975.43,109.71,True,2020-09-18,36,75,2023-09-03,2026-11-16,39,True,65.5,52.8,1570.73,100.0,12,8,Rehabilitation & resettlement issues; Geological surprises,Delayed,100.0,High
PRJ01587,Jammu and Kashmir Mining Infra Development Phase-46,Mining,Ministry of Mines,GAIL,Shapoorji Pallonji Infra,Jammu and Kashmir,2830.2,382.37,0.0,False,2018-03-06,48,48,2022-02-13,2022-02-13,0,False,100.0,100.0,1456.09,51.4,10,10,None,On Track,0.0,Low
PRJ01588,Jammu and Kashmir Railways Infra Development Phase-47,Railways,Ministry of Railways,BSNL,Sadbhav Engineering,Jammu and Kashmir,1976.8,127.4,0.0,False,2019-06-18,36,54,2022-06-02,2023-11-24,18,True,86.4,100.0,1456.51,73.7,4,3,Shortage of skilled manpower,Delayed,11.6,Low
PRJ01589,Jammu and Kashmir Urban Development Infra Development Phase-48,Urban Development,Ministry of Housing & Urban Affairs,Deendayal Port Trust,Ashoka Buildcon,Jammu and Kashmir,3743.44,3932.14,5.04,True,2019-05-24,48,89,2023-05-03,2026-09-14,41,True,86.6,13.4,527.96,14.1,6,5,Utility shifting delay; Price escalation of raw materials,Delayed,38.7,Medium
PRJ01590,Jammu and Kashmir Water Resources Infra Development Phase-49,Water Resources,Ministry of Jal Shakti,ONGC,HCC (Hindustan Construction),Jammu and Kashmir,4302.74,851.14,0.0,False,2021-06-28,72,78,2027-05-28,2027-11-24,6,True,68.6,100.0,4286.26,99.6,6,4,Court cases/litigation,Delayed,7.6,Low
PRJ01591,Jammu and Kashmir Roads & Highways Infra Development Phase-50,Roads & Highways,Ministry of Road Transport & Highways,RVNL,Shapoorji Pallonji Infra,Jammu and Kashmir,1727.58,1119.03,0.0,False,2021-01-05,48,48,2024-12-15,2024-12-15,0,False,100.0,100.0,3127.52,100.0,4,4,None,On Track,0.0,Low
PRJ01592,Jammu and Kashmir Postal Infrastructure Infra Development Phase-51,Postal Infrastructure,Ministry of Communications,NTPC,Shapoorji Pallonji Infra,Jammu and Kashmir,2346.24,1472.1,0.0,False,2018-08-07,48,48,2022-07-17,2022-07-17,0,False,95.8,100.0,3045.11,100.0,8,8,None,On Track,0.0,Low
PRJ01593,Jammu and Kashmir Urban Development Infra Development Phase-52,Urban Development,Ministry of Housing & Urban Affairs,ONGC,Shapoorji Pallonji Infra,Jammu and Kashmir,2406.0,3266.83,35.78,True,2021-01-14,96,112,2028-12-03,2030-03-28,16,True,40.1,70.3,2295.19,95.4,4,2,Geological surprises,Delayed,47.2,Medium
PRJ01594,Uttarakhand Renewable Energy Infra Development Phase-1,Renewable Energy,Ministry of New & Renewable Energy,RITES,Larsen & Toubro Infra,Uttarakhand,2521.62,2100.55,0.0,False,2018-12-15,84,84,2025-11-08,2025-11-08,0,False,95.5,100.0,4238.08,100.0,6,6,None,On Track,2.9,Low
PRJ01595,Uttarakhand Coal Infra Development Phase-2,Coal,Ministry of Coal,GAIL,KNR Constructions,Uttarakhand,2681.79,1574.98,0.0,False,2020-10-23,36,36,2023-10-08,2023-10-08,0,False,100.0,100.0,1752.69,65.4,12,12,None,On Track,0.0,Low
PRJ01596,Uttarakhand Petroleum & Natural Gas Infra Development Phase-3,Petroleum & Natural Gas,Ministry of Petroleum & Natural Gas,GAIL,Larsen & Toubro Infra,Uttarakhand,399.13,1960.77,391.26,True,2019-03-14,72,82,2025-02-10,2025-12-07,10,True,77.9,100.0,2015.79,100.0,4,3,Delay in tendering/equipment supply,Delayed,100.0,High
PRJ01597,Uttarakhand Inland Waterways Infra Development Phase-4,Inland Waterways,"Ministry of Ports, Shipping & Waterways",NHAI,Larsen & Toubro Infra,Uttarakhand,3746.95,1130.91,0.0,False,2018-07-17,48,48,2022-06-26,2022-06-26,0,False,91.4,100.0,2509.74,67.0,10,9,None,On Track,7.2,Low
PRJ01598,Uttarakhand Fertilizers Infra Development Phase-5,Fertilizers,Ministry of Chemicals & Fertilizers,NTPC,Larsen & Toubro Infra,Uttarakhand,1430.15,315.39,0.0,False,2020-10-18,84,84,2027-09-12,2027-09-12,0,False,67.7,40.2,126.92,8.9,6,4,None,On Track,14.2,Low
PRJ01599,Uttarakhand Steel Infra Development Phase-6,Steel,Ministry of Steel,State Irrigation Dept,Larsen & Toubro Infra,Uttarakhand,1702.2,1222.34,0.0,False,2019-09-11,60,103,2024-08-15,2028-02-26,43,True,66.2,100.0,2193.1,100.0,8,5,Law and order problems; Delay in tendering/equipment supply,Delayed,42.7,Medium
PRJ01600,Uttarakhand Education Infrastructure Infra Development Phase-7,Education Infrastructure,Ministry of Education,State PWD,NCC Limited,Uttarakhand,3024.97,1239.98,0.0,False,2017-09-25,84,117,2024-08-19,2027-05-06,33,True,83.9,100.0,2278.63,75.3,4,3,Contractual issues,Delayed,30.1,Medium
PRJ01601,Uttarakhand Renewable Energy Infra Development Phase-8,Renewable Energy,Ministry of New & Renewable Energy,ONGC,KNR Constructions,Uttarakhand,4716.61,2812.63,0.0,False,2022-12-22,60,72,2027-11-26,2028-11-20,12,True,49.2,100.0,2905.46,61.6,10,5,Utility shifting delay; Rehabilitation & resettlement issues,Delayed,15.7,Low
PRJ01602,Uttarakhand Water Supply & Sanitation Infra Development Phase-9,Water Supply & Sanitation,Ministry of Jal Shakti,NMDC,Sadbhav Engineering,Uttarakhand,3651.25,2173.31,0.0,False,2019-09-29,60,74,2024-09-02,2025-10-27,14,True,94.0,100.0,2971.83,81.4,4,4,Rehabilitation & resettlement issues,Delayed,9.3,Low
PRJ01603,Uttarakhand Civil Aviation Infra Development Phase-10,Civil Aviation,Ministry of Civil Aviation,IRCTC,Larsen & Toubro Infra,Uttarakhand,989.24,702.95,0.0,False,2019-10-10,60,60,2024-09-13,2024-09-13,0,False,100.0,100.0,1973.33,100.0,4,4,None,On Track,1.7,Low
PRJ01604,Uttarakhand Fertilizers Infra Development Phase-11,Fertilizers,Ministry of Chemicals & Fertilizers,NBCC,Larsen & Toubro Infra,Uttarakhand,4128.83,249.2,0.0,False,2018-06-02,72,72,2024-05-01,2024-05-01,0,False,100.0,100.0,5027.42,100.0,12,12,None,On Track,4.4,Low
PRJ01605,Uttarakhand Healthcare Infrastructure Infra Development Phase-12,Healthcare Infrastructure,Ministry of Health & Family Welfare,BSNL,Afcons Infrastructure,Uttarakhand,811.63,1364.81,68.16,True,2019-05-08,60,106,2024-04-11,2028-01-21,46,True,74.3,89.1,1216.21,100.0,4,3,Funding constraints; Monsoon/weather delays,Delayed,90.8,High
PRJ01606,Uttarakhand Telecommunications Infra Development Phase-13,Telecommunications,Ministry of Communications,SAIL,Gammon India,Uttarakhand,3491.52,1031.77,0.0,False,2022-09-17,72,72,2028-08-16,2028-08-16,0,False,54.7,100.0,3250.98,93.1,8,4,None,On Track,3.5,Low
PRJ01607,Uttarakhand Housing Infra Development Phase-14,Housing,Ministry of Housing & Urban Affairs,HUDCO,Larsen & Toubro Infra,Uttarakhand,6484.68,3544.08,0.0,False,2022-03-17,48,48,2026-02-24,2026-02-24,0,False,100.0,9.9,350.99,5.4,6,6,None,On Track,3.7,Low
PRJ01608,Uttarakhand Mining Infra Development Phase-15,Mining,Ministry of Mines,ABC Infrastructure Ltd.,Dilip Buildcon Ltd,Uttarakhand,3509.08,2861.78,0.0,False,2021-03-12,36,36,2024-02-25,2024-02-25,0,False,100.0,73.4,2099.83,59.8,12,12,None,On Track,3.2,Low
PRJ01609,Uttarakhand Housing Infra Development Phase-16,Housing,Ministry of Housing & Urban Affairs,ABC Infrastructure Ltd.,Larsen & Toubro Infra,Uttarakhand,2002.19,583.42,0.0,False,2022-07-20,36,80,2025-07-04,2029-02-13,44,True,42.6,50.5,294.88,14.7,10,4,Price escalation of raw materials; Utility shifting delay,Delayed,46.0,Medium
PRJ01610,Uttarakhand Healthcare Infrastructure Infra Development Phase-17,Healthcare Infrastructure,Ministry of Health & Family Welfare,NMDC,IRB Infrastructure,Uttarakhand,6359.92,2135.89,0.0,False,2017-05-30,48,94,2021-05-09,2025-02-17,46,True,74.8,100.0,2185.93,34.4,6,4,Geological surprises,Delayed,48.2,Medium
PRJ01611,Uttarakhand Urban Development Infra Development Phase-18,Urban Development,Ministry of Housing & Urban Affairs,Coal India Ltd,Dilip Buildcon Ltd,Uttarakhand,2769.04,1945.55,0.0,False,2021-06-10,48,48,2025-05-20,2025-05-20,0,False,100.0,100.0,2673.78,96.6,6,6,None,On Track,1.5,Low
PRJ01612,Uttarakhand Steel Infra Development Phase-19,Steel,Ministry of Steel,State PWD,GMR Infrastructure,Uttarakhand,1309.01,1902.73,45.36,True,2021-03-25,48,92,2025-03-04,2028-10-14,44,True,54.4,87.0,1655.52,100.0,12,7,Court cases/litigation,Delayed,70.2,High
PRJ01613,Uttarakhand Coal Infra Development Phase-20,Coal,Ministry of Coal,NHPC,Patel Engineering,Uttarakhand,1635.06,5448.86,233.25,True,2017-12-14,48,53,2021-11-23,2022-04-22,5,True,75.2,37.8,2062.26,100.0,6,5,Rehabilitation & resettlement issues,Delayed,100.0,High
PRJ01614,Uttarakhand Urban Development Infra Development Phase-21,Urban Development,Ministry of Housing & Urban Affairs,HUDCO,Sadbhav Engineering,Uttarakhand,1600.37,1392.47,0.0,False,2020-12-11,60,60,2025-11-15,2025-11-15,0,False,91.3,100.0,3098.24,100.0,6,5,None,On Track,2.0,Low
PRJ01615,Uttarakhand Healthcare Infrastructure Infra Development Phase-22,Healthcare Infrastructure,Ministry of Health & Family Welfare,IRCON,KNR Constructions,Uttarakhand,7190.59,2286.34,0.0,False,2022-03-21,96,96,2030-02-07,2030-02-07,0,False,45.5,4.3,98.66,1.4,12,5,None,On Track,12.8,Low
PRJ01616,Uttarakhand Education Infrastructure Infra Development Phase-23,Education Infrastructure,Ministry of Education,IRCTC,GMR Infrastructure,Uttarakhand,3474.95,2470.3,0.0,False,2021-10-12,84,84,2028-09-05,2028-09-05,0,False,60.0,59.9,1480.85,42.6,10,6,None,On Track,7.4,Low
PRJ01617,Uttarakhand Urban Development Infra Development Phase-24,Urban Development,Ministry of Housing & Urban Affairs,State PWD,Afcons Infrastructure,Uttarakhand,3546.8,1810.06,0.0,False,2021-08-03,84,84,2028-06-27,2028-06-27,0,False,61.2,100.0,4310.1,100.0,8,5,None,On Track,5.2,Low
PRJ01618,Uttarakhand Housing Infra Development Phase-25,Housing,Ministry of Housing & Urban Affairs,IRCTC,HCC (Hindustan Construction),Uttarakhand,3214.15,3517.51,9.44,True,2020-01-24,36,42,2023-01-08,2023-07-07,6,True,74.7,25.7,903.02,28.1,10,7,Law and order problems,Delayed,15.5,Low
PRJ01619,Uttarakhand Urban Development Infra Development Phase-26,Urban Development,Ministry of Housing & Urban Affairs,Coal India Ltd,Shapoorji Pallonji Infra,Uttarakhand,2892.1,1657.68,0.0,False,2019-12-24,36,36,2022-12-08,2022-12-08,0,False,100.0,79.3,1313.97,45.4,4,4,None,On Track,0.0,Low
PRJ01620,Uttarakhand Irrigation Infra Development Phase-27,Irrigation,Ministry of Jal Shakti,RVNL,Larsen & Toubro Infra,Uttarakhand,1825.57,2396.77,31.29,True,2020-04-21,84,114,2027-03-16,2029-09-01,30,True,51.2,18.6,445.58,24.4,12,6,Delay in tendering/equipment supply,Delayed,61.1,High
PRJ01621,Uttarakhand Petroleum & Natural Gas Infra Development Phase-28,Petroleum & Natural Gas,Ministry of Petroleum & Natural Gas,NTPC,Shapoorji Pallonji Infra,Uttarakhand,1108.7,944.4,0.0,False,2018-05-01,48,85,2022-04-10,2025-04-24,37,True,80.1,100.0,1489.67,100.0,4,3,Forest/environment clearance delay; Delay in tendering/equipment supply,Delayed,29.3,Medium
PRJ01622,Uttarakhand Renewable Energy Infra Development Phase-29,Renewable Energy,Ministry of New & Renewable Energy,IRCTC,Gammon India,Uttarakhand,3049.77,659.02,0.0,False,2019-03-17,48,48,2023-02-24,2023-02-24,0,False,100.0,100.0,1910.74,62.7,8,8,None,On Track,0.0,Low
PRJ01623,Uttarakhand Coal Infra Development Phase-30,Coal,Ministry of Coal,RITES,PNC Infratech,Uttarakhand,6253.09,2000.46,0.0,False,2020-01-30,36,36,2023-01-14,2023-01-14,0,False,99.6,100.0,7214.7,100.0,6,6,None,On Track,0.0,Low
PRJ01624,Uttarakhand Education Infrastructure Infra Development Phase-31,Education Infrastructure,Ministry of Education,PowerGrid,Afcons Infrastructure,Uttarakhand,2958.85,1435.16,0.0,False,2019-12-06,60,107,2024-11-09,2028-09-19,47,True,56.9,100.0,2574.48,87.0,4,2,Rehabilitation & resettlement issues; Poor contractor mobilization,Delayed,41.1,Medium
PRJ01625,Uttarakhand Irrigation Infra Development Phase-32,Irrigation,Ministry of Jal Shakti,SAIL,Larsen & Toubro Infra,Uttarakhand,4988.79,1485.45,0.0,False,2021-07-20,24,24,2023-07-10,2023-07-10,0,False,94.3,100.0,1535.88,30.8,12,11,None,On Track,3.3,Low
PRJ01626,Uttarakhand Fertilizers Infra Development Phase-33,Fertilizers,Ministry of Chemicals & Fertilizers,NHAI,Shapoorji Pallonji Infra,Uttarakhand,672.19,1203.55,79.05,True,2022-04-18,72,107,2028-03-17,2031-01-31,35,True,38.2,54.7,658.05,97.9,12,5,Price escalation of raw materials,Delayed,93.8,High
PRJ01627,Uttarakhand Petroleum & Natural Gas Infra Development Phase-34,Petroleum & Natural Gas,Ministry of Petroleum & Natural Gas,Coal India Ltd,GR Infraprojects,Uttarakhand,2967.9,2366.86,0.0,False,2019-05-10,48,73,2023-04-19,2025-05-08,25,True,70.1,55.8,1321.17,44.5,10,7,COVID-19 related disruption,Delayed,23.0,Low
PRJ01628,Uttarakhand Urban Development Infra Development Phase-35,Urban Development,Ministry of Housing & Urban Affairs,IRCTC,KNR Constructions,Uttarakhand,1751.77,1639.88,0.0,False,2017-12-18,36,36,2020-12-02,2020-12-02,0,False,93.3,70.1,1149.74,65.6,8,7,None,On Track,1.6,Low
PRJ01629,Uttarakhand Renewable Energy Infra Development Phase-36,Renewable Energy,Ministry of New & Renewable Energy,State PWD,Larsen & Toubro Infra,Uttarakhand,1262.67,4548.35,260.22,True,2021-09-07,24,29,2023-08-28,2024-01-25,5,True,70.5,8.4,380.9,30.2,6,4,COVID-19 related disruption; Poor contractor mobilization,Delayed,100.0,High
PRJ01630,Uttarakhand Postal Infrastructure Infra Development Phase-37,Postal Infrastructure,Ministry of Communications,NHAI,Sadbhav Engineering,Uttarakhand,5517.93,1607.91,0.0,False,2021-03-15,24,24,2023-03-05,2023-03-05,0,False,96.4,54.9,882.37,16.0,6,6,None,On Track,0.0,Low
PRJ01631,Uttarakhand Healthcare Infrastructure Infra Development Phase-38,Healthcare Infrastructure,Ministry of Health & Family Welfare,PowerGrid,Shapoorji Pallonji Infra,Uttarakhand,1899.78,1861.29,0.0,False,2020-06-05,72,72,2026-05-05,2026-05-05,0,False,85.2,84.3,1568.88,82.6,4,3,None,On Track,9.4,Low
PRJ01632,Uttarakhand Housing Infra Development Phase-39,Housing,Ministry of Housing & Urban Affairs,IFFCO,Larsen & Toubro Infra,Uttarakhand,3470.68,2535.36,0.0,False,2020-12-23,60,60,2025-11-27,2025-11-27,0,False,91.4,67.8,1719.73,49.6,8,7,None,On Track,2.4,Low
PRJ01633,Uttarakhand Petroleum & Natural Gas Infra Development Phase-40,Petroleum & Natural Gas,Ministry of Petroleum & Natural Gas,State PWD,GR Infraprojects,Uttarakhand,2315.83,1992.52,0.0,False,2021-10-10,60,60,2026-09-14,2026-09-14,0,False,84.8,100.0,3066.21,100.0,10,8,None,On Track,3.7,Low
PRJ01634,Uttarakhand Postal Infrastructure Infra Development Phase-41,Postal Infrastructure,Ministry of Communications,RITES,Afcons Infrastructure,Uttarakhand,986.85,679.48,0.0,False,2020-08-28,48,48,2024-08-07,2024-08-07,0,False,86.9,100.0,4421.34,100.0,12,10,None,On Track,2.7,Low
PRJ01635,Uttarakhand Roads & Highways Infra Development Phase-42,Roads & Highways,Ministry of Road Transport & Highways,IWAI,GMR Infrastructure,Uttarakhand,3752.13,1309.15,0.0,False,2017-05-12,48,69,2021-04-21,2023-01-11,21,True,81.4,100.0,1695.44,45.2,6,5,Utility shifting delay,Delayed,16.8,Low
PRJ01636,Uttarakhand Healthcare Infrastructure Infra Development Phase-43,Healthcare Infrastructure,Ministry of Health & Family Welfare,NMDC,Afcons Infrastructure,Uttarakhand,1986.3,902.3,0.0,False,2021-05-21,60,60,2026-04-25,2026-04-25,0,False,100.0,100.0,3314.18,100.0,10,10,None,On Track,0.0,Low
PRJ01637,Uttarakhand Renewable Energy Infra Development Phase-44,Renewable Energy,Ministry of New & Renewable Energy,SAIL,Shapoorji Pallonji Infra,Uttarakhand,4077.32,1933.16,0.0,False,2017-09-18,48,48,2021-08-28,2021-08-28,0,False,93.2,79.5,1537.4,37.7,12,11,None,On Track,3.7,Low
PRJ01638,Uttarakhand Water Resources Infra Development Phase-45,Water Resources,Ministry of Jal Shakti,ONGC,HCC (Hindustan Construction),Uttarakhand,1403.43,1731.64,23.39,True,2022-04-29,60,88,2027-04-03,2029-07-21,28,True,44.7,62.5,1082.35,77.1,4,2,COVID-19 related disruption; Utility shifting delay,Delayed,41.2,Medium
PRJ01639,Uttarakhand Steel Infra Development Phase-46,Steel,Ministry of Steel,RVNL,Afcons Infrastructure,Uttarakhand,1772.71,2446.36,38.0,True,2018-12-04,48,86,2022-11-13,2025-12-27,38,True,80.6,100.0,2977.79,100.0,4,3,Forest/environment clearance delay,Delayed,66.5,High
PRJ01640,Uttarakhand Education Infrastructure Infra Development Phase-47,Education Infrastructure,Ministry of Education,BSNL,Larsen & Toubro Infra,Uttarakhand,3395.9,2637.08,0.0,False,2017-04-20,36,36,2020-04-04,2020-04-04,0,False,87.1,57.7,1520.69,44.8,6,5,None,On Track,4.2,Low
PRJ01641,Uttarakhand Renewable Energy Infra Development Phase-48,Renewable Energy,Ministry of New & Renewable Energy,RVNL,GMR Infrastructure,Uttarakhand,1479.93,901.47,0.0,False,2021-04-30,72,109,2027-03-30,2030-04-13,37,True,50.8,100.0,1182.27,79.9,8,4,Shortage of skilled manpower,Delayed,37.3,Medium
PRJ01642,Uttarakhand Steel Infra Development Phase-49,Steel,Ministry of Steel,IFFCO,Larsen & Toubro Infra,Uttarakhand,3716.42,2607.17,0.0,False,2022-11-18,24,24,2024-11-07,2024-11-07,0,False,100.0,40.1,1046.26,28.2,4,4,None,On Track,3.9,Low
PRJ01643,Uttarakhand Urban Development Infra Development Phase-50,Urban Development,Ministry of Housing & Urban Affairs,IRCON,Afcons Infrastructure,Uttarakhand,570.47,2836.86,397.28,True,2021-02-18,36,51,2024-02-03,2025-04-28,15,True,79.2,21.0,595.53,100.0,12,10,Law and order problems,Delayed,100.0,High
PRJ01644,Uttarakhand Mining Infra Development Phase-51,Mining,Ministry of Mines,State PWD,Shapoorji Pallonji Infra,Uttarakhand,1119.91,779.22,0.0,False,2021-05-21,60,60,2026-04-25,2026-04-25,0,False,92.5,100.0,2058.65,100.0,6,6,None,On Track,0.0,Low
PRJ01645,Uttarakhand Inland Waterways Infra Development Phase-52,Inland Waterways,"Ministry of Ports, Shipping & Waterways",PowerGrid,Afcons Infrastructure,Uttarakhand,2590.57,1863.08,0.0,False,2021-09-10,24,24,2023-08-31,2023-08-31,0,False,91.4,73.2,1362.91,52.6,10,9,None,On Track,1.6,Low
PRJ01646,Haryana Ports & Shipping Infra Development Phase-1,Ports & Shipping,"Ministry of Ports, Shipping & Waterways",SAIL,NCC Limited,Haryana,417.01,5073.46,1116.63,True,2019-04-26,60,82,2024-03-30,2026-01-19,22,True,85.2,19.2,972.7,100.0,6,5,Rehabilitation & resettlement issues,Delayed,100.0,High
PRJ01647,Haryana Water Supply & Sanitation Infra Development Phase-2,Water Supply & Sanitation,Ministry of Jal Shakti,ABC Infrastructure Ltd.,Afcons Infrastructure,Haryana,1939.04,5687.0,193.29,True,2022-04-29,24,28,2024-04-18,2024-08-16,4,True,88.8,29.6,1684.46,86.9,6,5,Geological surprises; Delay in tendering/equipment supply,Delayed,100.0,High
PRJ01648,Haryana Rural Infrastructure Infra Development Phase-3,Rural Infrastructure,Ministry of Rural Development,State Irrigation Dept,Larsen & Toubro Infra,Haryana,1411.8,3701.91,162.21,True,2020-02-03,72,97,2026-01-02,2028-01-22,25,True,59.1,18.3,676.79,47.9,6,4,Contractual issues,Delayed,100.0,High
PRJ01649,Haryana Urban Development Infra Development Phase-4,Urban Development,Ministry of Housing & Urban Affairs,RVNL,Gammon India,Haryana,2362.71,2029.74,0.0,False,2021-06-24,48,48,2025-06-03,2025-06-03,0,False,100.0,33.2,673.39,28.5,12,12,None,Completed,5.3,Low
PRJ01650,Haryana Petroleum & Natural Gas Infra Development Phase-5,Petroleum & Natural Gas,Ministry of Petroleum & Natural Gas,HUDCO,Gammon India,Haryana,1958.63,1483.34,0.0,False,2020-09-09,84,84,2027-08-04,2027-08-04,0,False,84.1,94.9,1408.01,71.9,12,10,None,On Track,7.2,Low
PRJ01651,Haryana Housing Infra Development Phase-6,Housing,Ministry of Housing & Urban Affairs,State Irrigation Dept,Larsen & Toubro Infra,Haryana,624.17,2808.61,349.98,True,2022-03-11,60,79,2027-02-13,2028-09-05,19,True,55.4,47.2,1324.32,100.0,12,7,Funding constraints,Delayed,100.0,High
PRJ01652,Haryana Steel Infra Development Phase-7,Steel,Ministry of Steel,NMDC,KNR Constructions,Haryana,2012.12,788.85,0.0,False,2022-02-13,48,48,2026-01-23,2026-01-23,0,False,95.5,100.0,1528.43,76.0,8,8,None,On Track,0.0,Low
PRJ01653,Haryana Steel Infra Development Phase-8,Steel,Ministry of Steel,SAIL,Larsen & Toubro Infra,Haryana,4621.12,384.23,0.0,False,2018-12-19,48,48,2022-11-28,2022-11-28,0,False,100.0,100.0,585.63,12.7,10,10,None,Completed,0.6,Low
PRJ01654,Haryana Petroleum & Natural Gas Infra Development Phase-9,Petroleum & Natural Gas,Ministry of Petroleum & Natural Gas,GAIL,Shapoorji Pallonji Infra,Haryana,2571.88,1640.54,0.0,False,2021-11-05,72,72,2027-10-05,2027-10-05,0,False,76.2,19.0,312.32,12.1,10,8,None,On Track,7.3,Low
PRJ01655,Haryana Water Resources Infra Development Phase-10,Water Resources,Ministry of Jal Shakti,IFFCO,Afcons Infrastructure,Haryana,1125.77,1578.31,40.2,True,2019-01-22,36,62,2022-01-06,2024-02-25,26,True,78.3,87.5,1381.08,100.0,12,9,Price escalation of raw materials,Delayed,47.1,Medium
PRJ01656,Haryana Railways Infra Development Phase-11,Railways,Ministry of Railways,Coal India Ltd,Larsen & Toubro Infra,Haryana,2201.57,3318.98,50.76,True,2018-10-09,36,49,2021-09-23,2022-10-18,13,True,82.5,12.1,400.1,18.2,8,7,Funding constraints; Court cases/litigation,Delayed,50.9,High
PRJ01657,Haryana Renewable Energy Infra Development Phase-12,Renewable Energy,Ministry of New & Renewable Energy,BSNL,Dilip Buildcon Ltd,Haryana,4060.59,2258.11,0.0,False,2021-08-12,60,60,2026-07-17,2026-07-17,0,False,89.6,24.6,556.09,13.7,12,11,None,On Track,8.9,Low
PRJ01658,Haryana Inland Waterways Infra Development Phase-13,Inland Waterways,"Ministry of Ports, Shipping & Waterways",AAI,Afcons Infrastructure,Haryana,3262.57,2295.91,0.0,False,2017-11-10,60,60,2022-10-15,2022-10-15,0,False,89.8,40.2,922.16,28.3,4,4,None,On Track,9.2,Low
PRJ01659,Haryana Telecommunications Infra Development Phase-14,Telecommunications,Ministry of Communications,IRCTC,Ashoka Buildcon,Haryana,725.46,945.61,30.35,True,2021-08-07,24,53,2023-07-28,2025-12-14,29,True,85.1,50.0,473.0,65.2,10,9,Delay in tendering/equipment supply,Delayed,48.4,Medium
PRJ01660,Haryana Renewable Energy Infra Development Phase-15,Renewable Energy,Ministry of New & Renewable Energy,HUDCO,NCC Limited,Haryana,2169.79,1617.92,0.0,False,2017-07-02,60,60,2022-06-06,2022-06-06,0,False,100.0,62.3,1008.21,46.5,10,10,None,Completed,3.7,Low
PRJ01661,Haryana Roads & Highways Infra Development Phase-16,Roads & Highways,Ministry of Road Transport & Highways,RVNL,Shapoorji Pallonji Infra,Haryana,1703.55,3843.91,125.64,True,2022-03-07,36,63,2025-02-19,2027-05-10,27,True,74.3,24.2,930.35,54.6,10,7,Price escalation of raw materials; Poor contractor mobilization,Delayed,100.0,High
PRJ01662,Haryana Renewable Energy Infra Development Phase-17,Renewable Energy,Ministry of New & Renewable Energy,SAIL,Larsen & Toubro Infra,Haryana,4005.14,2479.31,0.0,False,2017-06-04,72,72,2023-05-04,2023-05-04,0,False,97.5,25.4,629.42,15.7,4,4,None,On Track,1.3,Low
PRJ01663,Haryana Coal Infra Development Phase-18,Coal,Ministry of Coal,NTPC,Shapoorji Pallonji Infra,Haryana,2917.69,1799.24,0.0,False,2018-07-14,84,92,2025-06-07,2026-02-02,8,True,85.2,100.0,1951.2,66.9,8,7,Monsoon/weather delays; Shortage of skilled manpower,Delayed,11.3,Low
PRJ01664,Haryana Ports & Shipping Infra Development Phase-19,Ports & Shipping,"Ministry of Ports, Shipping & Waterways",RVNL,Larsen & Toubro Infra,Haryana,1247.38,1987.01,59.29,True,2019-09-20,36,68,2022-09-04,2025-04-21,32,True,90.8,13.4,266.09,21.3,10,9,Monsoon/weather delays,Delayed,68.1,High
PRJ01665,Haryana Coal Infra Development Phase-20,Coal,Ministry of Coal,GAIL,Larsen & Toubro Infra,Haryana,1138.17,2034.3,78.73,True,2018-11-30,48,84,2022-11-09,2025-10-24,36,True,92.6,29.8,606.93,53.3,4,4,Law and order problems,Delayed,85.7,High
PRJ01666,Haryana Steel Infra Development Phase-21,Steel,Ministry of Steel,NTPC,J Kumar Infraprojects,Haryana,4221.6,2762.41,0.0,False,2022-12-30,60,60,2027-12-04,2027-12-04,0,False,72.6,50.8,1403.3,33.2,10,7,None,On Track,7.9,Low
PRJ01667,Haryana Power Infra Development Phase-22,Power,Ministry of Power,RVNL,Reliance Infrastructure,Haryana,1021.68,7756.45,659.19,True,2017-02-15,60,98,2022-01-20,2025-03-05,38,True,86.3,11.3,876.93,85.8,8,7,COVID-19 related disruption,Delayed,100.0,High
PRJ01668,Haryana Irrigation Infra Development Phase-23,Irrigation,Ministry of Jal Shakti,GAIL,Larsen & Toubro Infra,Haryana,650.9,672.77,3.36,True,2019-06-07,48,85,2023-05-17,2026-05-31,37,True,84.0,100.0,735.78,100.0,4,3,COVID-19 related disruption,Delayed,34.4,Medium
PRJ01669,Haryana Railways Infra Development Phase-24,Railways,Ministry of Railways,NMDC,Larsen & Toubro Infra,Haryana,2842.13,1103.69,0.0,False,2022-11-12,48,48,2026-10-22,2026-10-22,0,False,91.5,100.0,1126.26,39.6,4,4,None,On Track,7.3,Low
PRJ01670,Haryana Water Resources Infra Development Phase-25,Water Resources,Ministry of Jal Shakti,ABC Infrastructure Ltd.,Dilip Buildcon Ltd,Haryana,1588.05,1970.32,24.07,True,2020-06-16,84,125,2027-05-11,2030-09-22,41,True,52.8,42.0,827.93,52.1,10,5,Land acquisition delay,Delayed,54.6,High
PRJ01671,Haryana Railways Infra Development Phase-26,Railways,Ministry of Railways,SAIL,KNR Constructions,Haryana,2221.12,1768.56,0.0,False,2019-04-07,72,72,2025-03-06,2025-03-06,0,False,91.8,84.9,1501.34,67.6,6,6,None,On Track,5.7,Low
PRJ01672,Haryana Irrigation Infra Development Phase-27,Irrigation,Ministry of Jal Shakti,Coal India Ltd,Afcons Infrastructure,Haryana,1850.15,2312.87,25.01,True,2019-03-31,72,98,2025-02-27,2027-04-18,26,True,77.4,68.8,1591.75,86.0,4,3,Poor contractor mobilization,Delayed,40.8,Medium
PRJ01673,Haryana Roads & Highways Infra Development Phase-28,Roads & Highways,Ministry of Road Transport & Highways,NHAI,Afcons Infrastructure,Haryana,2288.97,1240.75,0.0,False,2020-10-12,96,110,2028-08-31,2029-10-25,14,True,44.3,100.0,2188.23,95.6,6,3,Shortage of skilled manpower,Delayed,15.3,Low
PRJ01674,Haryana Inland Waterways Infra Development Phase-29,Inland Waterways,"Ministry of Ports, Shipping & Waterways",IFFCO,Sadbhav Engineering,Haryana,1265.68,2950.16,133.09,True,2018-11-19,60,70,2023-10-24,2024-08-19,10,True,92.2,55.5,1637.17,100.0,6,6,Poor contractor mobilization,Delayed,99.0,High
PRJ01675,Haryana Telecommunications Infra Development Phase-30,Telecommunications,Ministry of Communications,NTPC,Shapoorji Pallonji Infra,Haryana,1593.79,1050.51,0.0,False,2020-09-01,72,72,2026-08-01,2026-08-01,0,False,92.7,46.7,490.47,30.8,8,7,None,On Track,6.1,Low
PRJ01676,Haryana Postal Infrastructure Infra Development Phase-31,Postal Infrastructure,Ministry of Communications,NMDC,IRB Infrastructure,Haryana,1524.9,2056.68,34.87,True,2019-02-16,48,79,2023-01-26,2025-08-13,31,True,86.1,75.6,1555.48,100.0,12,10,Price escalation of raw materials,Delayed,49.3,Medium
PRJ01677,Haryana Water Supply & Sanitation Infra Development Phase-32,Water Supply & Sanitation,Ministry of Jal Shakti,NTPC,KNR Constructions,Haryana,1139.18,3511.66,208.26,True,2019-08-10,48,85,2023-07-20,2026-08-03,37,True,79.3,21.2,746.05,65.5,6,5,Court cases/litigation,Delayed,100.0,High
PRJ01678,Haryana Mining Infra Development Phase-33,Mining,Ministry of Mines,GAIL,PNC Infratech,Haryana,3094.59,4433.31,43.26,True,2017-03-03,24,75,2019-02-21,2023-05-01,51,True,83.3,27.1,1199.66,38.8,10,8,Land acquisition delay; Geological surprises,Delayed,74.1,High
PRJ01679,Haryana Renewable Energy Infra Development Phase-34,Renewable Energy,Ministry of New & Renewable Energy,State Irrigation Dept,Gammon India,Haryana,1042.56,1808.12,73.43,True,2019-06-21,60,98,2024-05-25,2027-07-09,38,True,74.7,74.4,1345.84,100.0,4,3,Court cases/litigation; Land acquisition delay,Delayed,85.0,High
PRJ01680,Haryana Ports & Shipping Infra Development Phase-35,Ports & Shipping,"Ministry of Ports, Shipping & Waterways",ONGC,GMR Infrastructure,Haryana,1057.73,3677.01,247.63,True,2021-08-11,60,84,2026-07-16,2028-07-05,24,True,47.9,17.9,657.31,62.1,8,4,Change in project scope; Court cases/litigation,Delayed,100.0,High
PRJ01681,Haryana Postal Infrastructure Infra Development Phase-36,Postal Infrastructure,Ministry of Communications,IWAI,Larsen & Toubro Infra,Haryana,1509.36,1531.41,1.46,False,2018-12-04,48,48,2022-11-13,2022-11-13,0,False,94.2,58.9,901.47,59.7,8,8,None,On Track,1.9,Low
PRJ01682,Haryana Inland Waterways Infra Development Phase-37,Inland Waterways,"Ministry of Ports, Shipping & Waterways",Deendayal Port Trust,NCC Limited,Haryana,2172.16,2366.52,8.95,True,2020-08-21,96,107,2028-07-10,2029-06-05,11,True,58.4,35.3,836.55,38.5,10,6,Utility shifting delay,Delayed,28.3,Medium
PRJ01683,Haryana Power Infra Development Phase-38,Power,Ministry of Power,NMDC,GR Infraprojects,Haryana,1265.36,1184.25,0.0,False,2020-07-26,72,72,2026-06-25,2026-06-25,0,False,91.8,64.4,762.58,60.3,10,9,None,On Track,4.3,Low
PRJ01684,Haryana Ports & Shipping Infra Development Phase-39,Ports & Shipping,"Ministry of Ports, Shipping & Waterways",IRCTC,IRB Infrastructure,Haryana,1326.04,1925.53,45.21,True,2017-03-14,48,74,2021-02-21,2023-04-12,26,True,91.5,80.4,1547.84,100.0,12,11,Price escalation of raw materials; Delay in tendering/equipment supply,Delayed,52.5,High
PRJ01685,Himachal Pradesh Fertilizers Infra Development Phase-1,Fertilizers,Ministry of Chemicals & Fertilizers,Coal India Ltd,Afcons Infrastructure,Himachal Pradesh,1226.12,2365.78,92.95,True,2022-08-25,36,55,2025-08-09,2027-03-02,19,True,72.5,100.0,3607.02,100.0,12,9,Shortage of skilled manpower,Delayed,79.7,High
PRJ01686,Himachal Pradesh Roads & Highways Infra Development Phase-2,Roads & Highways,Ministry of Road Transport & Highways,Deendayal Port Trust,IRB Infrastructure,Himachal Pradesh,1830.37,327.63,0.0,False,2018-05-24,72,91,2024-04-22,2025-11-13,19,True,91.3,100.0,1479.61,80.8,8,7,Poor contractor mobilization,Delayed,13.3,Low
PRJ01687,Himachal Pradesh Petroleum & Natural Gas Infra Development Phase-3,Petroleum & Natural Gas,Ministry of Petroleum & Natural Gas,Deendayal Port Trust,Tata Projects,Himachal Pradesh,5178.91,2624.79,0.0,False,2017-11-22,24,24,2019-11-12,2019-11-12,0,False,100.0,60.5,1587.46,30.7,4,4,None,On Track,4.6,Low
PRJ01688,Himachal Pradesh Civil Aviation Infra Development Phase-4,Civil Aviation,Ministry of Civil Aviation,AAI,Afcons Infrastructure,Himachal Pradesh,3983.42,3014.79,0.0,False,2022-08-05,84,84,2029-06-29,2029-06-29,0,False,57.6,100.0,3380.08,84.9,8,5,None,On Track,3.8,Low
PRJ01689,Himachal Pradesh Renewable Energy Infra Development Phase-5,Renewable Energy,Ministry of New & Renewable Energy,PowerGrid,Larsen & Toubro Infra,Himachal Pradesh,4838.51,3303.97,0.0,False,2021-03-20,24,24,2023-03-10,2023-03-10,0,False,87.0,100.0,5107.07,100.0,6,5,None,On Track,7.2,Low
PRJ01690,Himachal Pradesh Fertilizers Infra Development Phase-6,Fertilizers,Ministry of Chemicals & Fertilizers,IRCON,Simplex Infrastructures,Himachal Pradesh,1788.98,995.95,0.0,False,2019-09-03,36,48,2022-08-18,2023-08-13,12,True,86.4,100.0,1019.71,57.0,12,10,Utility shifting delay; Funding constraints,Delayed,10.1,Low
PRJ01691,Himachal Pradesh Coal Infra Development Phase-7,Coal,Ministry of Coal,IRCTC,Patel Engineering,Himachal Pradesh,4177.26,6493.17,55.44,True,2017-06-12,60,79,2022-05-17,2023-12-08,19,True,88.7,58.8,3820.63,91.5,12,11,Rehabilitation & resettlement issues; Price escalation of raw materials,Delayed,54.2,High
PRJ01692,Himachal Pradesh Roads & Highways Infra Development Phase-8,Roads & Highways,Ministry of Road Transport & Highways,Coal India Ltd,Dilip Buildcon Ltd,Himachal Pradesh,862.65,942.38,9.24,True,2020-09-18,96,118,2028-08-07,2030-05-29,22,True,44.1,100.0,1260.77,100.0,8,4,Geological surprises,Delayed,31.0,Medium
PRJ01693,Himachal Pradesh Postal Infrastructure Infra Development Phase-9,Postal Infrastructure,Ministry of Communications,IRCON,NCC Limited,Himachal Pradesh,3051.32,2306.4,0.0,False,2019-10-15,36,36,2022-09-29,2022-09-29,0,False,100.0,83.0,1914.02,62.7,6,6,None,On Track,0.0,Low
PRJ01694,Himachal Pradesh Education Infrastructure Infra Development Phase-10,Education Infrastructure,Ministry of Education,SAIL,GR Infraprojects,Himachal Pradesh,4805.27,1278.48,0.0,False,2022-11-06,48,85,2026-10-16,2029-10-30,37,True,35.4,99.2,1268.63,26.4,8,3,COVID-19 related disruption,Delayed,40.7,Medium
PRJ01695,Himachal Pradesh Fertilizers Infra Development Phase-11,Fertilizers,Ministry of Chemicals & Fertilizers,NHAI,Shapoorji Pallonji Infra,Himachal Pradesh,4425.59,1077.72,0.0,False,2017-09-22,48,48,2021-09-01,2021-09-01,0,False,100.0,44.2,476.26,10.8,10,10,None,On Track,3.5,Low
PRJ01696,Himachal Pradesh Ports & Shipping Infra Development Phase-12,Ports & Shipping,"Ministry of Ports, Shipping & Waterways",ONGC,GMR Infrastructure,Himachal Pradesh,6183.71,4113.2,0.0,False,2017-08-02,48,67,2021-07-12,2023-02-02,19,True,89.4,69.5,2859.6,46.2,6,5,Contractual issues,Delayed,21.3,Low
PRJ01697,Himachal Pradesh Ports & Shipping Infra Development Phase-13,Ports & Shipping,"Ministry of Ports, Shipping & Waterways",GAIL,HCC (Hindustan Construction),Himachal Pradesh,480.06,4887.72,918.15,True,2019-04-18,24,70,2021-04-07,2025-01-16,46,True,88.2,100.0,5413.23,100.0,6,5,Poor contractor mobilization,Delayed,100.0,High
PRJ01698,Himachal Pradesh Urban Development Infra Development Phase-14,Urban Development,Ministry of Housing & Urban Affairs,RITES,KNR Constructions,Himachal Pradesh,4028.52,4539.39,12.68,True,2018-11-04,84,116,2025-09-28,2028-05-15,32,True,59.2,49.4,2242.96,55.7,6,4,Poor contractor mobilization,Delayed,45.1,Medium
PRJ01699,Himachal Pradesh Power Infra Development Phase-15,Power,Ministry of Power,Deendayal Port Trust,Larsen & Toubro Infra,Himachal Pradesh,5461.08,1779.83,0.0,False,2019-10-17,60,60,2024-09-20,2024-09-20,0,False,100.0,100.0,4553.01,83.4,8,8,None,On Track,0.0,Low
PRJ01700,Himachal Pradesh Steel Infra Development Phase-16,Steel,Ministry of Steel,IWAI,Larsen & Toubro Infra,Himachal Pradesh,3932.63,2014.76,0.0,False,2022-01-11,60,60,2026-12-16,2026-12-16,0,False,92.1,46.8,942.76,24.0,6,6,None,On Track,8.0,Low
PRJ01701,Himachal Pradesh Coal Infra Development Phase-17,Coal,Ministry of Coal,BSNL,Afcons Infrastructure,Himachal Pradesh,947.02,2825.17,198.32,True,2017-11-24,36,71,2020-11-08,2023-09-24,35,True,77.9,100.0,4641.01,100.0,8,6,Price escalation of raw materials; Funding constraints,Delayed,100.0,High
PRJ01702,Himachal Pradesh Housing Infra Development Phase-18,Housing,Ministry of Housing & Urban Affairs,State Irrigation Dept,Larsen & Toubro Infra,Himachal Pradesh,5867.77,2800.19,0.0,False,2021-09-28,60,60,2026-09-02,2026-09-02,0,False,91.7,12.0,335.78,5.7,12,11,None,On Track,7.5,Low
PRJ01703,Himachal Pradesh Education Infrastructure Infra Development Phase-19,Education Infrastructure,Ministry of Education,State PWD,NCC Limited,Himachal Pradesh,5416.62,1553.33,0.0,False,2018-10-01,60,60,2023-09-05,2023-09-05,0,False,100.0,100.0,1859.26,34.3,10,10,None,On Track,1.7,Low
PRJ01704,Himachal Pradesh Roads & Highways Infra Development Phase-20,Roads & Highways,Ministry of Road Transport & Highways,SAIL,Shapoorji Pallonji Infra,Himachal Pradesh,2159.71,794.6,0.0,False,2021-10-17,36,36,2024-10-01,2024-10-01,0,False,100.0,60.2,478.05,22.1,4,4,None,On Track,5.7,Low
PRJ01705,Himachal Pradesh Steel Infra Development Phase-21,Steel,Ministry of Steel,Deendayal Port Trust,Shapoorji Pallonji Infra,Himachal Pradesh,1639.31,5921.27,261.21,True,2018-09-18,48,84,2022-08-28,2025-08-12,36,True,82.1,42.2,2496.86,100.0,12,10,Delay in tendering/equipment supply,Delayed,100.0,High
PRJ01706,Himachal Pradesh Water Resources Infra Development Phase-22,Water Resources,Ministry of Jal Shakti,State Irrigation Dept,NCC Limited,Himachal Pradesh,3150.06,2340.1,0.0,False,2020-06-06,36,36,2023-05-22,2023-05-22,0,False,96.7,69.4,1624.19,51.6,10,10,None,On Track,4.3,Low
PRJ01707,Himachal Pradesh Steel Infra Development Phase-23,Steel,Ministry of Steel,SAIL,Dilip Buildcon Ltd,Himachal Pradesh,6617.47,2913.81,0.0,False,2022-05-24,84,84,2029-04-17,2029-04-17,0,False,50.7,100.0,3445.29,52.1,4,2,None,On Track,9.7,Low
PRJ01708,Himachal Pradesh Mining Infra Development Phase-24,Mining,Ministry of Mines,PowerGrid,GR Infraprojects,Himachal Pradesh,8397.46,5124.57,0.0,False,2022-04-07,84,84,2029-03-01,2029-03-01,0,False,51.9,55.3,2832.18,33.7,6,3,None,On Track,11.0,Low
PRJ01709,Himachal Pradesh Civil Aviation Infra Development Phase-25,Civil Aviation,Ministry of Civil Aviation,ONGC,Larsen & Toubro Infra,Himachal Pradesh,7095.16,1115.3,0.0,False,2017-01-18,36,36,2020-01-03,2020-01-03,0,False,89.0,100.0,3019.53,42.6,4,4,None,On Track,1.2,Low
PRJ01710,Himachal Pradesh Telecommunications Infra Development Phase-26,Telecommunications,Ministry of Communications,AAI,Sadbhav Engineering,Himachal Pradesh,2755.49,1727.88,0.0,False,2022-07-06,72,72,2028-06-04,2028-06-04,0,False,58.4,100.0,2086.56,75.7,10,6,None,On Track,10.7,Low
PRJ01711,Himachal Pradesh Water Supply & Sanitation Infra Development Phase-27,Water Supply & Sanitation,Ministry of Jal Shakti,SAIL,GMR Infrastructure,Himachal Pradesh,2382.74,520.18,0.0,False,2021-03-09,48,82,2025-02-16,2027-12-03,34,True,61.5,100.0,5311.78,100.0,10,6,Rehabilitation & resettlement issues; Utility shifting delay,Delayed,34.6,Medium
PRJ01712,Himachal Pradesh Healthcare Infrastructure Infra Development Phase-28,Healthcare Infrastructure,Ministry of Health & Family Welfare,RVNL,GR Infraprojects,Himachal Pradesh,4569.9,2448.65,0.0,False,2021-08-02,60,60,2026-07-07,2026-07-07,0,False,81.1,39.2,959.33,21.0,4,3,None,On Track,7.7,Low
PRJ01713,Himachal Pradesh Inland Waterways Infra Development Phase-29,Inland Waterways,"Ministry of Ports, Shipping & Waterways",SAIL,Sadbhav Engineering,Himachal Pradesh,4728.26,1569.17,0.0,False,2018-10-28,84,84,2025-09-21,2025-09-21,0,False,100.0,100.0,4173.55,88.3,6,6,None,On Track,2.3,Low
PRJ01714,Himachal Pradesh Water Supply & Sanitation Infra Development Phase-30,Water Supply & Sanitation,Ministry of Jal Shakti,NBCC,Reliance Infrastructure,Himachal Pradesh,5924.52,1513.61,0.0,False,2020-11-28,60,75,2025-11-02,2027-01-26,15,True,67.2,100.0,2831.52,47.8,12,8,Court cases/litigation; Monsoon/weather delays,Delayed,21.8,Low
PRJ01715,Himachal Pradesh Railways Infra Development Phase-31,Railways,Ministry of Railways,NMDC,GMR Infrastructure,Himachal Pradesh,5267.17,2130.95,0.0,False,2021-04-28,72,72,2027-03-28,2027-03-28,0,False,72.0,100.0,3586.63,68.1,10,7,None,On Track,10.5,Low
PRJ01716,Himachal Pradesh Petroleum & Natural Gas Infra Development Phase-32,Petroleum & Natural Gas,Ministry of Petroleum & Natural Gas,Coal India Ltd,Larsen & Toubro Infra,Himachal Pradesh,1617.52,3371.82,108.46,True,2022-05-11,24,59,2024-04-30,2027-03-16,35,True,70.2,100.0,5613.43,100.0,4,3,Land acquisition delay; Court cases/litigation,Delayed,100.0,High
PRJ01717,Himachal Pradesh Rural Infrastructure Infra Development Phase-33,Rural Infrastructure,Ministry of Rural Development,NMDC,GR Infraprojects,Himachal Pradesh,1687.1,1211.41,0.0,False,2018-08-29,60,60,2023-08-03,2023-08-03,0,False,90.2,100.0,3956.03,100.0,8,7,None,On Track,4.4,Low
PRJ01718,Himachal Pradesh Education Infrastructure Infra Development Phase-34,Education Infrastructure,Ministry of Education,State Irrigation Dept,Larsen & Toubro Infra,Himachal Pradesh,1897.3,5918.67,211.95,True,2018-08-27,48,60,2022-08-06,2023-08-01,12,True,74.2,52.7,3116.52,100.0,8,6,Law and order problems,Delayed,100.0,High
PRJ01719,Himachal Pradesh Roads & Highways Infra Development Phase-35,Roads & Highways,Ministry of Road Transport & Highways,NTPC,IRB Infrastructure,Himachal Pradesh,4127.57,3461.43,0.0,False,2018-01-14,48,91,2021-12-24,2025-07-06,43,True,74.6,100.0,4043.83,98.0,10,7,Funding constraints; Delay in tendering/equipment supply,Delayed,38.2,Medium
PRJ01720,Himachal Pradesh Renewable Energy Infra Development Phase-36,Renewable Energy,Ministry of New & Renewable Energy,State PWD,GR Infraprojects,Himachal Pradesh,5661.63,3217.02,0.0,False,2018-11-11,48,48,2022-10-21,2022-10-21,0,False,86.8,100.0,4018.45,71.0,10,9,None,On Track,3.0,Low
PRJ01721,Himachal Pradesh Coal Infra Development Phase-37,Coal,Ministry of Coal,ABC Infrastructure Ltd.,Tata Projects,Himachal Pradesh,5675.23,2100.2,0.0,False,2020-05-22,60,74,2025-04-26,2026-06-20,14,True,87.9,73.2,1537.55,27.1,12,11,Rehabilitation & resettlement issues; Court cases/litigation,Delayed,14.2,Low
PRJ01722,Kerala Water Supply & Sanitation Infra Development Phase-1,Water Supply & Sanitation,Ministry of Jal Shakti,RVNL,KNR Constructions,Kerala,885.69,2350.83,165.42,True,2018-03-24,72,122,2024-02-21,2028-03-31,50,True,75.9,52.2,1226.44,100.0,12,9,Contractual issues; Monsoon/weather delays,Delayed,100.0,High
PRJ01723,Kerala Renewable Energy Infra Development Phase-2,Renewable Energy,Ministry of New & Renewable Energy,SAIL,NCC Limited,Kerala,1293.77,3710.53,186.8,True,2020-06-15,48,97,2024-05-25,2028-06-03,49,True,55.8,7.9,292.04,22.6,4,2,Monsoon/weather delays,Delayed,100.0,High
PRJ01724,Kerala Roads & Highways Infra Development Phase-3,Roads & Highways,Ministry of Road Transport & Highways,NTPC,J Kumar Infraprojects,Kerala,1663.86,4694.67,182.16,True,2017-10-14,96,143,2025-09-02,2029-07-13,47,True,52.0,15.7,735.51,44.2,10,5,Rehabilitation & resettlement issues; Court cases/litigation,Delayed,100.0,High
PRJ01725,Kerala Water Supply & Sanitation Infra Development Phase-4,Water Supply & Sanitation,Ministry of Jal Shakti,GAIL,KNR Constructions,Kerala,6683.06,1750.03,0.0,False,2018-12-24,36,36,2021-12-08,2021-12-08,0,False,88.6,71.9,1258.0,18.8,8,7,None,On Track,3.4,Low
PRJ01726,Kerala Power Infra Development Phase-5,Power,Ministry of Power,ABC Infrastructure Ltd.,Shapoorji Pallonji Infra,Kerala,665.6,1045.92,57.14,True,2018-07-05,24,63,2020-06-24,2023-09-07,39,True,93.6,98.5,1029.9,100.0,6,6,Law and order problems; Delay in tendering/equipment supply,Delayed,68.6,High
PRJ01727,Kerala Inland Waterways Infra Development Phase-6,Inland Waterways,"Ministry of Ports, Shipping & Waterways",State Irrigation Dept,Afcons Infrastructure,Kerala,368.04,2444.28,564.13,True,2019-05-21,84,113,2026-04-14,2028-08-31,29,True,68.6,51.5,1258.55,100.0,6,4,Forest/environment clearance delay,Delayed,100.0,High
PRJ01728,Kerala Power Infra Development Phase-7,Power,Ministry of Power,ONGC,Larsen & Toubro Infra,Kerala,1878.93,1079.74,0.0,False,2019-11-29,24,24,2021-11-18,2021-11-18,0,False,85.8,100.0,1139.69,60.7,10,9,None,On Track,2.7,Low
PRJ01729,Kerala Urban Development Infra Development Phase-8,Urban Development,Ministry of Housing & Urban Affairs,NMDC,J Kumar Infraprojects,Kerala,2240.25,2326.09,3.83,True,2018-03-24,60,69,2023-02-26,2023-11-23,9,True,79.3,34.1,794.0,35.4,6,5,Rehabilitation & resettlement issues,Delayed,12.2,Low
PRJ01730,Kerala Ports & Shipping Infra Development Phase-9,Ports & Shipping,"Ministry of Ports, Shipping & Waterways",SAIL,Ashoka Buildcon,Kerala,1613.19,1214.35,0.0,False,2018-05-26,72,122,2024-04-24,2028-06-02,50,True,55.0,70.2,852.09,52.8,8,4,Utility shifting delay,Delayed,44.7,Medium
PRJ01731,Kerala Roads & Highways Infra Development Phase-10,Roads & Highways,Ministry of Road Transport & Highways,IWAI,Larsen & Toubro Infra,Kerala,927.72,2675.25,188.37,True,2019-08-20,48,91,2023-07-30,2027-02-09,43,True,75.8,57.0,1524.74,100.0,10,8,Change in project scope; Land acquisition delay,Delayed,100.0,High
PRJ01732,Kerala Railways Infra Development Phase-11,Railways,Ministry of Railways,NBCC,KNR Constructions,Kerala,3944.24,1270.39,0.0,False,2017-01-30,48,48,2021-01-09,2021-01-09,0,False,94.2,72.2,916.77,23.2,12,11,None,On Track,0.8,Low
PRJ01733,Kerala Railways Infra Development Phase-12,Railways,Ministry of Railways,NTPC,Larsen & Toubro Infra,Kerala,1812.2,4449.89,145.55,True,2019-05-15,48,62,2023-04-24,2024-06-17,14,True,84.8,11.9,529.43,29.2,12,10,Price escalation of raw materials,Delayed,100.0,High
PRJ01734,Kerala Education Infrastructure Infra Development Phase-13,Education Infrastructure,Ministry of Education,HUDCO,Dilip Buildcon Ltd,Kerala,1931.56,1992.66,3.16,True,2019-12-25,72,80,2025-11-23,2026-07-21,8,True,71.3,37.3,742.81,38.5,10,7,Utility shifting delay; Rehabilitation & resettlement issues,Delayed,18.8,Low
PRJ01735,Kerala Water Supply & Sanitation Infra Development Phase-14,Water Supply & Sanitation,Ministry of Jal Shakti,IRCTC,GMR Infrastructure,Kerala,2834.38,635.86,0.0,False,2021-02-27,84,127,2028-01-22,2031-08-04,43,True,41.5,100.0,1066.79,37.6,8,3,Shortage of skilled manpower; Law and order problems,Delayed,44.0,Medium
PRJ01736,Kerala Rural Infrastructure Infra Development Phase-15,Rural Infrastructure,Ministry of Rural Development,SAIL,NCC Limited,Kerala,1572.09,3398.35,116.17,True,2021-03-31,60,80,2026-03-05,2027-10-26,20,True,62.4,43.3,1470.57,93.5,12,7,Court cases/litigation,Delayed,100.0,High
PRJ01737,Kerala Mining Infra Development Phase-16,Mining,Ministry of Mines,NTPC,Afcons Infrastructure,Kerala,1483.29,1766.68,19.11,True,2017-01-13,48,91,2020-12-23,2024-07-05,43,True,93.1,16.3,287.26,19.4,10,9,Contractual issues; Land acquisition delay,Delayed,50.3,High
PRJ01738,Kerala Education Infrastructure Infra Development Phase-17,Education Infrastructure,Ministry of Education,NTPC,Tata Projects,Kerala,3944.14,2794.47,0.0,False,2022-12-14,36,60,2025-11-28,2027-11-18,24,True,60.9,25.7,718.57,18.2,8,5,Court cases/litigation,Delayed,25.3,Medium
PRJ01739,Kerala Urban Development Infra Development Phase-18,Urban Development,Ministry of Housing & Urban Affairs,Deendayal Port Trust,Larsen & Toubro Infra,Kerala,526.48,3435.14,552.47,True,2022-05-01,24,42,2024-04-20,2025-10-12,18,True,74.8,41.0,1408.19,100.0,12,9,Geological surprises; Land acquisition delay,Delayed,100.0,High
PRJ01740,Kerala Fertilizers Infra Development Phase-19,Fertilizers,Ministry of Chemicals & Fertilizers,IRCTC,NCC Limited,Kerala,2170.53,2057.46,0.0,False,2017-03-10,36,36,2020-02-23,2020-02-23,0,False,99.5,23.6,485.93,22.4,8,8,None,Completed,4.0,Low
PRJ01741,Kerala Railways Infra Development Phase-20,Railways,Ministry of Railways,IRCTC,Patel Engineering,Kerala,2058.11,779.29,0.0,False,2021-12-25,96,96,2029-11-13,2029-11-13,0,False,56.3,62.6,487.49,23.7,6,3,None,On Track,15.5,Low
PRJ01742,Kerala Education Infrastructure Infra Development Phase-21,Education Infrastructure,Ministry of Education,BSNL,Megha Engineering (MEIL),Kerala,1356.22,2173.81,60.28,True,2021-06-28,24,54,2023-06-18,2025-12-04,30,True,93.0,38.9,845.97,62.4,12,11,Court cases/litigation,Delayed,65.9,High
PRJ01743,Kerala Water Supply & Sanitation Infra Development Phase-22,Water Supply & Sanitation,Ministry of Jal Shakti,BSNL,Larsen & Toubro Infra,Kerala,1614.84,4115.18,154.84,True,2018-02-16,60,65,2023-01-21,2023-06-20,5,True,91.7,6.6,271.2,16.8,10,9,Geological surprises; Court cases/litigation,Delayed,100.0,High
PRJ01744,Kerala Civil Aviation Infra Development Phase-23,Civil Aviation,Ministry of Civil Aviation,HUDCO,J Kumar Infraprojects,Kerala,3749.6,1866.01,0.0,False,2022-08-29,36,56,2025-08-13,2027-04-05,20,True,63.8,100.0,2121.73,56.6,4,3,Monsoon/weather delays,Delayed,26.6,Medium
PRJ01745,Kerala Ports & Shipping Infra Development Phase-24,Ports & Shipping,"Ministry of Ports, Shipping & Waterways",RITES,Shapoorji Pallonji Infra,Kerala,1032.39,2532.06,145.26,True,2022-03-28,48,76,2026-03-07,2028-06-24,28,True,54.3,41.8,1059.01,100.0,6,3,Change in project scope; Shortage of skilled manpower,Delayed,100.0,High
PRJ01746,Kerala Rural Infrastructure Infra Development Phase-25,Rural Infrastructure,Ministry of Rural Development,NHPC,Shapoorji Pallonji Infra,Kerala,2727.47,1160.51,0.0,False,2019-09-14,60,79,2024-08-18,2026-03-11,19,True,92.1,100.0,1198.03,43.9,6,6,Law and order problems,Delayed,20.9,Low
PRJ01747,Kerala Rural Infrastructure Infra Development Phase-26,Rural Infrastructure,Ministry of Rural Development,ABC Infrastructure Ltd.,Larsen & Toubro Infra,Kerala,1778.48,686.29,0.0,False,2018-01-02,60,60,2022-12-07,2022-12-07,0,False,100.0,100.0,1584.23,89.1,4,4,None,Completed,2.5,Low
PRJ01748,Kerala Water Supply & Sanitation Infra Development Phase-27,Water Supply & Sanitation,Ministry of Jal Shakti,ABC Infrastructure Ltd.,HCC (Hindustan Construction),Kerala,2561.55,1789.83,0.0,False,2017-04-30,84,84,2024-03-24,2024-03-24,0,False,91.5,100.0,2792.36,100.0,6,5,None,On Track,0.0,Low
PRJ01749,Kerala Mining Infra Development Phase-28,Mining,Ministry of Mines,SAIL,Tata Projects,Kerala,2262.57,2021.54,0.0,False,2020-02-23,36,51,2023-02-07,2024-05-02,15,True,81.6,39.4,795.72,35.2,6,5,Monsoon/weather delays; COVID-19 related disruption,Delayed,20.7,Low
PRJ01750,Kerala Rural Infrastructure Infra Development Phase-29,Rural Infrastructure,Ministry of Rural Development,NTPC,Larsen & Toubro Infra,Kerala,350.63,3667.78,946.05,True,2018-07-11,36,50,2021-06-25,2022-08-19,14,True,92.8,7.8,284.49,81.1,12,11,Funding constraints; Price escalation of raw materials,Delayed,100.0,High
PRJ01751,Kerala Mining Infra Development Phase-30,Mining,Ministry of Mines,Coal India Ltd,Larsen & Toubro Infra,Kerala,1015.98,2100.36,106.73,True,2017-09-22,72,78,2023-08-22,2024-02-18,6,True,75.2,47.8,1004.7,98.9,8,6,Price escalation of raw materials; Utility shifting delay,Delayed,81.3,High
PRJ01752,Kerala Fertilizers Infra Development Phase-31,Fertilizers,Ministry of Chemicals & Fertilizers,NHPC,GMR Infrastructure,Kerala,1121.71,3506.21,212.58,True,2021-11-25,84,89,2028-10-19,2029-03-18,5,True,50.3,14.4,506.04,45.1,6,3,Delay in tendering/equipment supply,Delayed,100.0,High
PRJ01753,Kerala Inland Waterways Infra Development Phase-32,Inland Waterways,"Ministry of Ports, Shipping & Waterways",RITES,Larsen & Toubro Infra,Kerala,921.5,1500.6,62.84,True,2017-12-26,36,82,2020-12-10,2024-09-20,46,True,84.0,25.6,384.45,41.7,4,3,Utility shifting delay,Delayed,80.7,High
PRJ01754,Kerala Healthcare Infrastructure Infra Development Phase-33,Healthcare Infrastructure,Ministry of Health & Family Welfare,ONGC,IRB Infrastructure,Kerala,1217.49,763.77,0.0,False,2018-04-21,60,89,2023-03-26,2025-08-12,29,True,71.8,80.5,614.89,50.5,12,9,Contractual issues; Poor contractor mobilization,Delayed,29.4,Medium
PRJ01755,Kerala Mining Infra Development Phase-34,Mining,Ministry of Mines,SAIL,Larsen & Toubro Infra,Kerala,1928.87,2616.5,35.65,True,2017-01-07,36,75,2019-12-23,2023-03-07,39,True,77.1,30.1,786.51,40.8,8,6,Geological surprises,Delayed,57.9,High
PRJ01756,Kerala Water Resources Infra Development Phase-35,Water Resources,Ministry of Jal Shakti,State PWD,Larsen & Toubro Infra,Kerala,2989.95,4362.9,45.92,True,2020-08-02,72,92,2026-07-02,2028-02-22,20,True,62.1,36.7,1600.36,53.5,8,5,Shortage of skilled manpower,Delayed,56.1,High
PRJ01757,Kerala Inland Waterways Infra Development Phase-36,Inland Waterways,"Ministry of Ports, Shipping & Waterways",SAIL,HCC (Hindustan Construction),Kerala,730.7,1370.33,87.54,True,2017-02-07,72,85,2023-01-07,2024-02-01,13,True,76.9,100.0,2153.0,100.0,12,9,Utility shifting delay; Funding constraints,Delayed,70.2,High
PRJ01758,Kerala Steel Infra Development Phase-37,Steel,Ministry of Steel,Coal India Ltd,Larsen & Toubro Infra,Kerala,1794.24,2843.68,58.49,True,2022-08-10,48,57,2026-07-20,2027-04-16,9,True,59.6,14.8,419.81,23.4,10,6,Rehabilitation & resettlement issues,Delayed,55.5,High
PRJ01759,Manipur Civil Aviation Infra Development Phase-1,Civil Aviation,Ministry of Civil Aviation,IFFCO,Larsen & Toubro Infra,Manipur,475.1,974.21,105.05,True,2017-05-21,24,52,2019-05-11,2021-08-28,28,True,83.2,100.0,1040.79,100.0,12,10,Rehabilitation & resettlement issues; Delay in tendering/equipment supply,Delayed,99.3,High
PRJ01760,Manipur Inland Waterways Infra Development Phase-2,Inland Waterways,"Ministry of Ports, Shipping & Waterways",NBCC,Reliance Infrastructure,Manipur,494.52,366.72,0.0,False,2022-05-14,24,37,2024-05-03,2025-05-28,13,True,92.9,100.0,529.05,100.0,6,6,Rehabilitation & resettlement issues; Court cases/litigation,Delayed,16.1,Low
PRJ01761,Manipur Water Resources Infra Development Phase-3,Water Resources,Ministry of Jal Shakti,IRCON,Larsen & Toubro Infra,Manipur,2285.91,1486.71,0.0,False,2020-09-26,36,36,2023-09-11,2023-09-11,0,False,87.7,22.2,329.86,14.4,6,5,None,On Track,5.2,Low
PRJ01762,Manipur Renewable Energy Infra Development Phase-4,Renewable Energy,Ministry of New & Renewable Energy,Coal India Ltd,NCC Limited,Manipur,885.38,534.39,0.0,False,2017-08-04,60,60,2022-07-09,2022-07-09,0,False,100.0,88.6,473.44,53.5,6,6,None,Completed,4.0,Low
PRJ01763,Manipur Housing Infra Development Phase-5,Housing,Ministry of Housing & Urban Affairs,SAIL,Larsen & Toubro Infra,Manipur,898.12,479.95,0.0,False,2020-05-10,48,88,2024-04-19,2027-08-02,40,True,57.9,27.8,133.38,14.9,6,3,Price escalation of raw materials,Delayed,36.8,Medium
PRJ01764,Manipur Mining Infra Development Phase-6,Mining,Ministry of Mines,State PWD,Tata Projects,Manipur,874.37,4204.19,380.83,True,2022-04-24,72,116,2028-03-23,2031-11-03,44,True,38.4,17.5,736.0,84.2,8,3,Price escalation of raw materials; Forest/environment clearance delay,Delayed,100.0,High
PRJ01765,Manipur Telecommunications Infra Development Phase-7,Telecommunications,Ministry of Communications,RITES,Shapoorji Pallonji Infra,Manipur,1073.39,482.12,0.0,False,2020-03-02,48,48,2024-02-10,2024-02-10,0,False,100.0,69.9,336.79,31.4,6,6,None,Completed,3.0,Low
PRJ01766,Manipur Postal Infrastructure Infra Development Phase-8,Postal Infrastructure,Ministry of Communications,SAIL,Larsen & Toubro Infra,Manipur,1183.34,2126.08,79.67,True,2018-02-03,84,116,2024-12-28,2027-08-15,32,True,66.2,13.2,281.57,23.8,6,4,Forest/environment clearance delay; Poor contractor mobilization,Delayed,89.2,High
PRJ01767,Manipur Steel Infra Development Phase-9,Steel,Ministry of Steel,State Irrigation Dept,Shapoorji Pallonji Infra,Manipur,865.61,3201.93,269.9,True,2018-11-02,84,111,2025-09-26,2027-12-15,27,True,68.5,16.2,520.13,60.1,12,8,COVID-19 related disruption,Delayed,100.0,High
PRJ01768,Manipur Housing Infra Development Phase-10,Housing,Ministry of Housing & Urban Affairs,RITES,HCC (Hindustan Construction),Manipur,1237.36,536.45,0.0,False,2018-08-17,72,72,2024-07-16,2024-07-16,0,False,94.4,100.0,692.34,56.0,6,6,None,On Track,1.1,Low
PRJ01769,Manipur Renewable Energy Infra Development Phase-11,Renewable Energy,Ministry of New & Renewable Energy,ONGC,IRB Infrastructure,Manipur,1589.53,2437.14,53.32,True,2017-02-07,36,70,2020-01-23,2022-11-08,34,True,75.0,56.3,1371.32,86.3,8,6,Contractual issues,Delayed,65.9,High
PRJ01770,Manipur Water Resources Infra Development Phase-12,Water Resources,Ministry of Jal Shakti,State PWD,Afcons Infrastructure,Manipur,2027.53,1721.77,0.0,False,2018-11-21,60,69,2023-10-26,2024-07-22,9,True,93.8,36.0,619.77,30.6,4,4,Court cases/litigation,Delayed,11.2,Low
PRJ01771,Manipur Housing Infra Development Phase-13,Housing,Ministry of Housing & Urban Affairs,GAIL,Larsen & Toubro Infra,Manipur,883.64,1597.41,80.78,True,2017-08-03,72,79,2023-07-03,2024-01-29,7,True,92.0,25.2,402.17,45.5,4,4,Poor contractor mobilization; Funding constraints,Delayed,63.6,High
PRJ01772,Manipur Fertilizers Infra Development Phase-14,Fertilizers,Ministry of Chemicals & Fertilizers,SAIL,Afcons Infrastructure,Manipur,400.76,406.33,1.39,False,2019-10-01,48,48,2023-09-10,2023-09-10,0,False,91.7,100.0,931.5,100.0,4,4,None,On Track,5.1,Low
PRJ01773,Manipur Inland Waterways Infra Development Phase-15,Inland Waterways,"Ministry of Ports, Shipping & Waterways",Coal India Ltd,Shapoorji Pallonji Infra,Manipur,2318.85,1515.43,0.0,False,2021-06-13,36,36,2024-05-28,2024-05-28,0,False,86.7,47.1,714.35,30.8,10,9,None,On Track,5.6,Low
PRJ01774,Manipur Steel Infra Development Phase-16,Steel,Ministry of Steel,ABC Infrastructure Ltd.,Dilip Buildcon Ltd,Manipur,286.5,1905.2,564.99,True,2018-12-08,48,56,2022-11-17,2023-07-15,8,True,94.0,32.6,620.89,100.0,10,9,COVID-19 related disruption,Delayed,100.0,High
PRJ01775,Manipur Fertilizers Infra Development Phase-17,Fertilizers,Ministry of Chemicals & Fertilizers,SAIL,Afcons Infrastructure,Manipur,227.89,1953.94,757.4,True,2020-02-02,36,69,2023-01-17,2025-10-03,33,True,92.0,59.1,1155.31,100.0,10,9,Land acquisition delay; Forest/environment clearance delay,Delayed,100.0,High
PRJ01776,Manipur Inland Waterways Infra Development Phase-18,Inland Waterways,"Ministry of Ports, Shipping & Waterways",RVNL,IRB Infrastructure,Manipur,1080.3,1165.33,7.87,True,2018-05-15,36,54,2021-04-29,2022-10-21,18,True,87.1,75.0,874.28,80.9,10,9,Land acquisition delay,Delayed,25.7,Medium
PRJ01777,Manipur Healthcare Infrastructure Infra Development Phase-19,Healthcare Infrastructure,Ministry of Health & Family Welfare,IWAI,IRB Infrastructure,Manipur,888.38,1826.26,105.57,True,2022-05-19,60,68,2027-04-23,2027-12-19,8,True,61.8,15.5,283.4,31.9,8,5,Law and order problems,Delayed,92.5,High
PRJ01778,Manipur Water Resources Infra Development Phase-20,Water Resources,Ministry of Jal Shakti,BSNL,GMR Infrastructure,Manipur,914.28,2171.64,137.52,True,2021-11-12,36,43,2024-10-27,2025-05-25,7,True,74.4,39.0,846.89,92.6,8,6,Change in project scope,Delayed,100.0,High
PRJ01779,Manipur Mining Infra Development Phase-21,Mining,Ministry of Mines,RVNL,IRB Infrastructure,Manipur,1020.15,326.86,0.0,False,2019-01-28,48,48,2023-01-07,2023-01-07,0,False,100.0,100.0,655.26,64.2,10,10,None,Completed,3.3,Low
PRJ01780,Manipur Roads & Highways Infra Development Phase-22,Roads & Highways,Ministry of Road Transport & Highways,SAIL,J Kumar Infraprojects,Manipur,1458.21,1820.24,24.83,True,2022-12-12,48,70,2026-11-21,2028-09-11,22,True,47.5,29.3,532.81,36.5,10,5,Change in project scope,Delayed,41.2,Medium
PRJ01781,Manipur Renewable Energy Infra Development Phase-23,Renewable Energy,Ministry of New & Renewable Energy,IFFCO,Larsen & Toubro Infra,Manipur,1406.93,844.23,0.0,False,2018-04-26,36,36,2021-04-10,2021-04-10,0,False,89.9,37.8,319.19,22.7,6,5,None,On Track,3.8,Low
PRJ01782,Manipur Education Infrastructure Infra Development Phase-24,Education Infrastructure,Ministry of Education,ABC Infrastructure Ltd.,Larsen & Toubro Infra,Manipur,1675.18,1317.72,0.0,False,2019-01-08,60,60,2023-12-13,2023-12-13,0,False,100.0,30.7,404.58,24.2,4,4,None,Completed,2.2,Low
PRJ01783,Manipur Postal Infrastructure Infra Development Phase-25,Postal Infrastructure,Ministry of Communications,State Irrigation Dept,IRB Infrastructure,Manipur,836.1,2053.78,145.64,True,2020-07-11,36,51,2023-06-26,2024-09-18,15,True,87.2,20.9,429.14,51.3,4,3,Contractual issues,Delayed,100.0,High
PRJ01784,Manipur Healthcare Infrastructure Infra Development Phase-26,Healthcare Infrastructure,Ministry of Health & Family Welfare,ONGC,IRB Infrastructure,Manipur,1692.66,595.55,0.0,False,2018-10-23,48,48,2022-10-02,2022-10-02,0,False,90.8,21.6,128.67,7.6,4,4,None,On Track,7.5,Low
PRJ01785,Manipur Postal Infrastructure Infra Development Phase-27,Postal Infrastructure,Ministry of Communications,NBCC,Larsen & Toubro Infra,Manipur,1397.39,1348.24,0.0,False,2017-05-24,48,68,2021-05-03,2022-12-24,20,True,70.1,82.0,1105.55,79.1,4,3,Rehabilitation & resettlement issues,Delayed,19.3,Low
PRJ01786,Manipur Irrigation Infra Development Phase-28,Irrigation,Ministry of Jal Shakti,NHPC,Tata Projects,Manipur,1117.34,1650.83,47.75,True,2018-12-04,36,43,2021-11-18,2022-06-16,7,True,87.3,43.1,711.12,63.6,10,9,Shortage of skilled manpower,Delayed,38.5,Medium
PRJ01787,Manipur Steel Infra Development Phase-29,Steel,Ministry of Steel,IRCON,Larsen & Toubro Infra,Manipur,1651.89,850.51,0.0,False,2022-10-29,72,116,2028-09-27,2032-05-09,44,True,30.5,100.0,910.02,55.1,8,2,Contractual issues; Rehabilitation & resettlement issues,Delayed,50.8,High
PRJ01788,Manipur Housing Infra Development Phase-30,Housing,Ministry of Housing & Urban Affairs,ABC Infrastructure Ltd.,Afcons Infrastructure,Manipur,2512.05,1139.21,0.0,False,2020-07-05,36,51,2023-06-20,2024-09-12,15,True,86.1,100.0,1406.47,56.0,12,10,Geological surprises; Court cases/litigation,Delayed,17.2,Low
PRJ01789,Manipur Inland Waterways Infra Development Phase-31,Inland Waterways,"Ministry of Ports, Shipping & Waterways",IFFCO,Larsen & Toubro Infra,Manipur,1288.33,839.88,0.0,False,2017-07-03,60,60,2022-06-07,2022-06-07,0,False,90.2,53.4,448.59,34.8,6,5,None,On Track,4.1,Low
PRJ01790,Manipur Railways Infra Development Phase-32,Railways,Ministry of Railways,ONGC,KNR Constructions,Manipur,535.91,2131.81,297.79,True,2018-08-04,60,105,2023-07-09,2027-03-20,45,True,70.9,17.4,370.27,69.1,8,6,Contractual issues,Delayed,100.0,High
PRJ01791,Manipur Education Infrastructure Infra Development Phase-33,Education Infrastructure,Ministry of Education,NHPC,Ashoka Buildcon,Manipur,846.1,875.02,3.42,True,2019-06-04,36,60,2022-05-19,2024-05-08,24,True,78.9,75.1,657.29,77.7,12,9,Delay in tendering/equipment supply; Funding constraints,Delayed,24.2,Low
PRJ01792,Manipur Education Infrastructure Infra Development Phase-34,Education Infrastructure,Ministry of Education,State PWD,Afcons Infrastructure,Manipur,935.61,2695.21,188.07,True,2017-11-01,60,78,2022-10-06,2024-03-29,18,True,90.4,22.0,592.17,63.3,12,11,Delay in tendering/equipment supply; Geological surprises,Delayed,100.0,High
PRJ01793,Manipur Fertilizers Infra Development Phase-35,Fertilizers,Ministry of Chemicals & Fertilizers,GAIL,Reliance Infrastructure,Manipur,2526.18,1782.37,0.0,False,2021-06-27,36,36,2024-06-11,2024-06-11,0,False,100.0,43.8,781.54,30.9,10,10,None,Completed,8.8,Low
PRJ01794,Arunachal Pradesh Ports & Shipping Infra Development Phase-1,Ports & Shipping,"Ministry of Ports, Shipping & Waterways",NBCC,Afcons Infrastructure,Arunachal Pradesh,2115.5,1971.01,0.0,False,2021-10-09,48,48,2025-09-18,2025-09-18,0,False,90.7,24.2,477.69,22.6,6,5,None,On Track,6.3,Low
PRJ01795,Arunachal Pradesh Postal Infrastructure Infra Development Phase-2,Postal Infrastructure,Ministry of Communications,ONGC,Larsen & Toubro Infra,Arunachal Pradesh,1800.56,1694.67,0.0,False,2017-10-17,24,24,2019-10-07,2019-10-07,0,False,94.9,62.1,1052.99,58.5,8,8,None,On Track,0.0,Low
PRJ01796,Arunachal Pradesh Fertilizers Infra Development Phase-3,Fertilizers,Ministry of Chemicals & Fertilizers,ABC Infrastructure Ltd.,J Kumar Infraprojects,Arunachal Pradesh,271.33,956.57,252.55,True,2019-03-01,36,45,2022-02-13,2022-11-10,9,True,88.5,58.1,556.16,100.0,8,7,Poor contractor mobilization,Delayed,100.0,High
PRJ01797,Arunachal Pradesh Civil Aviation Infra Development Phase-4,Civil Aviation,Ministry of Civil Aviation,IRCTC,Shapoorji Pallonji Infra,Arunachal Pradesh,2068.01,2586.26,25.06,True,2021-11-12,48,92,2025-10-22,2029-06-03,44,True,48.7,42.7,1104.78,53.4,10,5,Shortage of skilled manpower,Delayed,58.1,High
PRJ01798,Arunachal Pradesh Ports & Shipping Infra Development Phase-5,Ports & Shipping,"Ministry of Ports, Shipping & Waterways",NBCC,Shapoorji Pallonji Infra,Arunachal Pradesh,354.93,1447.06,307.7,True,2018-05-26,24,44,2020-05-15,2022-01-05,20,True,93.1,64.5,933.62,100.0,12,11,Poor contractor mobilization,Delayed,100.0,High
PRJ01799,Arunachal Pradesh Ports & Shipping Infra Development Phase-6,Ports & Shipping,"Ministry of Ports, Shipping & Waterways",IRCTC,Larsen & Toubro Infra,Arunachal Pradesh,956.21,1169.71,22.33,True,2017-12-31,48,74,2021-12-10,2024-01-29,26,True,92.5,41.2,482.08,50.4,8,7,Delay in tendering/equipment supply; Funding constraints,Delayed,39.6,Medium
PRJ01800,Arunachal Pradesh Petroleum & Natural Gas Infra Development Phase-7,Petroleum & Natural Gas,Ministry of Petroleum & Natural Gas,NBCC,Afcons Infrastructure,Arunachal Pradesh,1034.63,1683.41,62.71,True,2017-02-10,60,107,2022-01-15,2025-11-25,47,True,80.1,19.5,328.11,31.7,4,3,Shortage of skilled manpower; Geological surprises,Delayed,92.2,High
PRJ01801,Arunachal Pradesh Inland Waterways Infra Development Phase-8,Inland Waterways,"Ministry of Ports, Shipping & Waterways",NTPC,Afcons Infrastructure,Arunachal Pradesh,2292.02,2754.11,20.16,True,2018-12-21,48,52,2022-11-30,2023-03-30,4,True,87.7,9.5,261.92,11.4,12,11,Monsoon/weather delays; Forest/environment clearance delay,Delayed,22.0,Low
PRJ01802,Arunachal Pradesh Telecommunications Infra Development Phase-9,Telecommunications,Ministry of Communications,AAI,GMR Infrastructure,Arunachal Pradesh,668.34,1621.53,142.62,True,2020-03-01,96,117,2028-01-19,2029-10-10,21,True,57.1,71.9,1165.98,100.0,12,7,Change in project scope; COVID-19 related disruption,Delayed,100.0,High
PRJ01803,Arunachal Pradesh Railways Infra Development Phase-10,Railways,Ministry of Railways,GAIL,Larsen & Toubro Infra,Arunachal Pradesh,1147.19,1603.95,39.82,True,2020-07-26,48,75,2024-07-05,2026-09-23,27,True,85.7,24.1,387.31,33.8,10,9,Court cases/litigation,Delayed,54.2,High
PRJ01804,Arunachal Pradesh Rural Infrastructure Infra Development Phase-11,Rural Infrastructure,Ministry of Rural Development,NHPC,GR Infraprojects,Arunachal Pradesh,507.0,1935.37,281.73,True,2021-07-08,48,86,2025-06-17,2028-07-31,38,True,51.8,12.0,231.9,45.7,10,5,Delay in tendering/equipment supply,Delayed,100.0,High
PRJ01805,Arunachal Pradesh Roads & Highways Infra Development Phase-12,Roads & Highways,Ministry of Road Transport & Highways,IFFCO,HCC (Hindustan Construction),Arunachal Pradesh,1720.64,2201.01,27.92,True,2022-10-05,36,43,2025-09-19,2026-04-17,7,True,75.7,52.3,1151.83,66.9,6,5,Contractual issues,Delayed,27.5,Medium
PRJ01806,Arunachal Pradesh Water Resources Infra Development Phase-13,Water Resources,Ministry of Jal Shakti,IWAI,Sadbhav Engineering,Arunachal Pradesh,962.4,1248.71,29.75,True,2020-01-01,60,96,2024-12-05,2027-11-20,36,True,60.5,55.2,689.91,71.7,4,2,Shortage of skilled manpower; Utility shifting delay,Delayed,56.9,High
PRJ01807,Arunachal Pradesh Education Infrastructure Infra Development Phase-14,Education Infrastructure,Ministry of Education,State PWD,Larsen & Toubro Infra,Arunachal Pradesh,1418.37,1346.33,0.0,False,2022-02-19,72,72,2028-01-19,2028-01-19,0,False,65.0,43.0,579.57,40.9,6,4,None,On Track,11.2,Low
PRJ01808,Arunachal Pradesh Urban Development Infra Development Phase-15,Urban Development,Ministry of Housing & Urban Affairs,AAI,Gammon India,Arunachal Pradesh,146.34,1192.14,714.64,True,2022-04-04,24,44,2024-03-24,2025-11-14,20,True,75.5,84.8,1011.02,100.0,12,9,Delay in tendering/equipment supply; Geological surprises,Delayed,100.0,High
PRJ01809,Arunachal Pradesh Telecommunications Infra Development Phase-16,Telecommunications,Ministry of Communications,ABC Infrastructure Ltd.,Larsen & Toubro Infra,Arunachal Pradesh,616.98,1925.51,212.09,True,2019-07-27,36,66,2022-07-11,2024-12-27,30,True,85.2,29.0,558.07,90.5,8,7,Rehabilitation & resettlement issues,Delayed,100.0,High
PRJ01810,Arunachal Pradesh Water Supply & Sanitation Infra Development Phase-17,Water Supply & Sanitation,Ministry of Jal Shakti,IRCTC,GMR Infrastructure,Arunachal Pradesh,1443.95,1446.3,0.16,False,2018-01-05,60,60,2022-12-10,2022-12-10,0,False,85.3,66.3,958.58,66.4,4,3,None,On Track,10.7,Low
PRJ01811,Arunachal Pradesh Ports & Shipping Infra Development Phase-18,Ports & Shipping,"Ministry of Ports, Shipping & Waterways",Coal India Ltd,Larsen & Toubro Infra,Arunachal Pradesh,1862.54,1490.19,0.0,False,2018-01-19,60,60,2022-12-24,2022-12-24,0,False,100.0,32.4,482.39,25.9,6,6,None,Completed,2.8,Low
PRJ01812,Arunachal Pradesh Healthcare Infrastructure Infra Development Phase-19,Healthcare Infrastructure,Ministry of Health & Family Welfare,IRCON,Larsen & Toubro Infra,Arunachal Pradesh,2806.81,1519.55,0.0,False,2017-12-13,96,135,2025-11-01,2029-01-14,39,True,65.1,91.5,1390.77,49.5,8,5,Land acquisition delay; Geological surprises,Delayed,31.6,Medium
PRJ01813,Arunachal Pradesh Rural Infrastructure Infra Development Phase-20,Rural Infrastructure,Ministry of Rural Development,HUDCO,Simplex Infrastructures,Arunachal Pradesh,2580.84,631.61,0.0,False,2018-07-13,24,24,2020-07-02,2020-07-02,0,False,99.2,69.2,437.35,16.9,10,10,None,Completed,2.2,Low
PRJ01814,Arunachal Pradesh Housing Infra Development Phase-21,Housing,Ministry of Housing & Urban Affairs,HUDCO,KNR Constructions,Arunachal Pradesh,875.38,2095.43,139.37,True,2022-12-21,48,70,2026-11-30,2028-09-20,22,True,46.9,46.1,966.39,100.0,4,2,Land acquisition delay; Rehabilitation & resettlement issues,Delayed,100.0,High
PRJ01815,Arunachal Pradesh Renewable Energy Infra Development Phase-22,Renewable Energy,Ministry of New & Renewable Energy,NHAI,Shapoorji Pallonji Infra,Arunachal Pradesh,1404.27,1224.15,0.0,False,2021-10-07,72,72,2027-09-06,2027-09-06,0,False,70.0,100.0,1252.48,89.2,12,8,None,On Track,7.1,Low
PRJ01816,Arunachal Pradesh Irrigation Infra Development Phase-23,Irrigation,Ministry of Jal Shakti,Coal India Ltd,Afcons Infrastructure,Arunachal Pradesh,1981.16,1456.51,0.0,False,2022-12-04,60,67,2027-11-08,2028-06-05,7,True,43.0,3.9,56.14,2.8,12,5,COVID-19 related disruption,Delayed,20.1,Low
PRJ01817,Arunachal Pradesh Power Infra Development Phase-24,Power,Ministry of Power,IFFCO,Larsen & Toubro Infra,Arunachal Pradesh,1538.86,1095.47,0.0,False,2022-11-15,60,60,2027-10-20,2027-10-20,0,False,70.9,83.4,913.68,59.4,6,4,None,On Track,7.4,Low
PRJ01818,Arunachal Pradesh Power Infra Development Phase-25,Power,Ministry of Power,RVNL,Larsen & Toubro Infra,Arunachal Pradesh,1040.81,755.24,0.0,False,2021-02-12,60,60,2026-01-17,2026-01-17,0,False,97.9,58.6,442.59,42.5,6,6,None,On Track,8.2,Low
PRJ01819,Arunachal Pradesh Telecommunications Infra Development Phase-26,Telecommunications,Ministry of Communications,AAI,Sadbhav Engineering,Arunachal Pradesh,1440.76,1613.67,12.0,True,2017-07-28,48,65,2021-07-07,2022-11-29,17,True,78.6,62.4,1007.61,69.9,10,8,Price escalation of raw materials; Funding constraints,Delayed,19.9,Low
PRJ01820,Arunachal Pradesh Irrigation Infra Development Phase-27,Irrigation,Ministry of Jal Shakti,NTPC,Shapoorji Pallonji Infra,Arunachal Pradesh,2692.64,1861.04,0.0,False,2020-10-16,36,36,2023-10-01,2023-10-01,0,False,100.0,41.9,780.61,29.0,6,6,None,Completed,0.4,Low
PRJ01821,Arunachal Pradesh Postal Infrastructure Infra Development Phase-28,Postal Infrastructure,Ministry of Communications,NTPC,Tata Projects,Arunachal Pradesh,1256.27,4887.02,289.01,True,2020-04-03,48,78,2024-03-13,2026-08-30,30,True,67.4,18.3,896.7,71.4,8,5,Rehabilitation & resettlement issues; Contractual issues,Delayed,100.0,High
PRJ01822,Nagaland Renewable Energy Infra Development Phase-1,Renewable Energy,Ministry of New & Renewable Energy,NHAI,Dilip Buildcon Ltd,Nagaland,1562.38,2141.6,37.07,True,2021-06-01,48,95,2025-05-11,2029-03-21,47,True,45.6,4.2,90.38,5.8,6,3,Forest/environment clearance delay; COVID-19 related disruption,Delayed,75.2,High
PRJ01823,Nagaland Urban Development Infra Development Phase-2,Urban Development,Ministry of Housing & Urban Affairs,Deendayal Port Trust,Larsen & Toubro Infra,Nagaland,1146.38,1818.46,58.63,True,2022-06-23,36,41,2025-06-07,2025-11-04,5,True,82.2,9.5,172.4,15.0,4,3,Land acquisition delay; Rehabilitation & resettlement issues,Delayed,55.0,High
PRJ01824,Nagaland Urban Development Infra Development Phase-3,Urban Development,Ministry of Housing & Urban Affairs,IRCTC,Larsen & Toubro Infra,Nagaland,470.89,1346.36,185.92,True,2020-05-07,48,58,2024-04-16,2025-02-10,10,True,84.6,8.3,111.31,23.6,8,7,Land acquisition delay,Delayed,100.0,High
PRJ01825,Nagaland Irrigation Infra Development Phase-4,Irrigation,Ministry of Jal Shakti,GAIL,Larsen & Toubro Infra,Nagaland,540.33,946.45,75.16,True,2021-07-05,36,59,2024-06-19,2026-05-10,23,True,83.2,100.0,1177.33,100.0,8,7,Change in project scope,Delayed,65.1,High
PRJ01826,Nagaland Water Supply & Sanitation Infra Development Phase-5,Water Supply & Sanitation,Ministry of Jal Shakti,BSNL,Larsen & Toubro Infra,Nagaland,1327.63,1635.3,23.17,True,2019-03-21,36,57,2022-03-05,2023-11-25,21,True,76.9,20.3,332.36,25.0,4,3,Poor contractor mobilization,Delayed,37.7,Medium
PRJ01827,Nagaland Inland Waterways Infra Development Phase-6,Inland Waterways,"Ministry of Ports, Shipping & Waterways",BSNL,HCC (Hindustan Construction),Nagaland,1652.38,1719.2,4.04,True,2017-01-29,72,123,2022-12-29,2027-03-08,51,True,67.2,52.1,896.54,54.3,6,4,Shortage of skilled manpower; Monsoon/weather delays,Delayed,50.7,High
PRJ01828,Nagaland Water Resources Infra Development Phase-7,Water Resources,Ministry of Jal Shakti,AAI,Larsen & Toubro Infra,Nagaland,1372.21,3513.27,156.03,True,2020-05-10,24,39,2022-04-30,2023-07-24,15,True,79.5,8.3,290.47,21.2,8,6,Law and order problems; Delay in tendering/equipment supply,Delayed,100.0,High
PRJ01829,Nagaland Coal Infra Development Phase-8,Coal,Ministry of Coal,NTPC,Larsen & Toubro Infra,Nagaland,1360.91,1961.01,44.1,True,2021-12-02,72,117,2027-11-01,2031-07-13,45,True,35.3,30.5,598.38,44.0,10,4,Contractual issues,Delayed,77.2,High
PRJ01830,Nagaland Irrigation Infra Development Phase-9,Irrigation,Ministry of Jal Shakti,State PWD,GMR Infrastructure,Nagaland,1780.55,1431.2,0.0,False,2017-01-24,48,78,2021-01-03,2023-06-22,30,True,78.2,59.5,851.26,47.8,8,6,Change in project scope,Delayed,31.4,Medium
PRJ01831,Nagaland Renewable Energy Infra Development Phase-10,Renewable Energy,Ministry of New & Renewable Energy,RITES,Tata Projects,Nagaland,1139.28,2104.87,84.75,True,2017-06-14,36,60,2020-05-29,2022-05-19,24,True,93.0,22.6,476.75,41.8,6,6,Poor contractor mobilization; Court cases/litigation,Delayed,80.0,High
PRJ01832,Nagaland Mining Infra Development Phase-11,Mining,Ministry of Mines,IRCON,Shapoorji Pallonji Infra,Nagaland,603.44,2244.03,271.87,True,2018-10-19,72,91,2024-09-17,2026-04-10,19,True,85.0,31.8,713.61,100.0,6,5,Delay in tendering/equipment supply; Forest/environment clearance delay,Delayed,100.0,High
PRJ01833,Nagaland Water Supply & Sanitation Infra Development Phase-12,Water Supply & Sanitation,Ministry of Jal Shakti,BSNL,Dilip Buildcon Ltd,Nagaland,2781.84,2131.89,0.0,False,2022-07-23,48,80,2026-07-02,2029-02-16,32,True,44.7,29.2,623.07,22.4,6,3,Price escalation of raw materials; Delay in tendering/equipment supply,Delayed,31.8,Medium
PRJ01834,Nagaland Water Resources Infra Development Phase-13,Water Resources,Ministry of Jal Shakti,PowerGrid,Shapoorji Pallonji Infra,Nagaland,772.98,391.68,0.0,False,2018-03-26,72,72,2024-02-23,2024-02-23,0,False,100.0,100.0,1077.23,100.0,4,4,None,Completed,0.0,Low
PRJ01835,Nagaland Roads & Highways Infra Development Phase-14,Roads & Highways,Ministry of Road Transport & Highways,PowerGrid,Afcons Infrastructure,Nagaland,654.74,909.53,38.91,True,2018-09-30,60,100,2023-09-04,2026-12-17,40,True,85.2,100.0,920.03,100.0,8,7,Shortage of skilled manpower,Delayed,63.2,High
PRJ01836,Nagaland Railways Infra Development Phase-15,Railways,Ministry of Railways,IFFCO,Sadbhav Engineering,Nagaland,457.09,1149.71,151.53,True,2020-11-02,96,116,2028-09-21,2030-05-14,20,True,46.8,45.6,524.11,100.0,10,5,Poor contractor mobilization,Delayed,100.0,High
PRJ01837,Nagaland Housing Infra Development Phase-16,Housing,Ministry of Housing & Urban Affairs,RITES,Larsen & Toubro Infra,Nagaland,1634.67,1593.18,0.0,False,2020-03-01,72,72,2026-01-29,2026-01-29,0,False,100.0,46.2,736.26,45.0,10,10,None,Completed,0.0,Low
PRJ01838,Nagaland Ports & Shipping Infra Development Phase-17,Ports & Shipping,"Ministry of Ports, Shipping & Waterways",State PWD,Larsen & Toubro Infra,Nagaland,739.73,551.08,0.0,False,2019-10-12,60,92,2024-09-15,2027-05-03,32,True,80.5,44.3,244.39,33.0,12,10,Law and order problems,Delayed,29.3,Medium
PRJ01839,Nagaland Petroleum & Natural Gas Infra Development Phase-18,Petroleum & Natural Gas,Ministry of Petroleum & Natural Gas,NBCC,Afcons Infrastructure,Nagaland,2577.03,1852.59,0.0,False,2018-04-17,48,48,2022-03-27,2022-03-27,0,False,87.2,15.7,290.15,11.3,8,7,None,On Track,0.8,Low
PRJ01840,Nagaland Petroleum & Natural Gas Infra Development Phase-19,Petroleum & Natural Gas,Ministry of Petroleum & Natural Gas,IFFCO,Shapoorji Pallonji Infra,Nagaland,810.84,1060.06,30.74,True,2021-10-24,48,85,2025-10-03,2028-10-17,37,True,51.0,69.6,737.96,91.0,6,3,Change in project scope; Court cases/litigation,Delayed,53.6,High
PRJ01841,Nagaland Telecommunications Infra Development Phase-20,Telecommunications,Ministry of Communications,Deendayal Port Trust,Larsen & Toubro Infra,Nagaland,477.12,1360.96,185.24,True,2019-01-13,24,74,2021-01-02,2025-02-10,50,True,82.7,69.3,943.61,100.0,6,5,Shortage of skilled manpower,Delayed,100.0,High
PRJ01842,Nagaland Inland Waterways Infra Development Phase-21,Inland Waterways,"Ministry of Ports, Shipping & Waterways",PowerGrid,Tata Projects,Nagaland,951.51,997.1,4.79,True,2021-07-02,96,106,2029-05-21,2030-03-17,10,True,47.8,47.7,475.93,50.0,4,2,Geological surprises; COVID-19 related disruption,Delayed,19.4,Low
PRJ01843,Nagaland Civil Aviation Infra Development Phase-22,Civil Aviation,Ministry of Civil Aviation,State PWD,Larsen & Toubro Infra,Nagaland,1206.84,965.35,0.0,False,2017-03-14,60,67,2022-02-16,2022-09-14,7,True,85.8,73.5,709.89,58.8,12,10,Funding constraints,Delayed,14.3,Low
PRJ01844,Nagaland Railways Infra Development Phase-23,Railways,Ministry of Railways,SAIL,GMR Infrastructure,Nagaland,843.42,373.25,0.0,False,2021-07-27,48,48,2025-07-06,2025-07-06,0,False,94.9,100.0,490.16,58.1,12,11,None,On Track,1.2,Low
PRJ01845,Nagaland Steel Infra Development Phase-24,Steel,Ministry of Steel,ABC Infrastructure Ltd.,Larsen & Toubro Infra,Nagaland,1048.02,1847.75,76.31,True,2019-08-06,48,63,2023-07-16,2024-10-08,15,True,79.3,61.5,1136.89,100.0,6,5,Poor contractor mobilization; Shortage of skilled manpower,Delayed,63.9,High
PRJ01846,Nagaland Railways Infra Development Phase-25,Railways,Ministry of Railways,HUDCO,Afcons Infrastructure,Nagaland,1805.69,502.05,0.0,False,2021-10-16,84,84,2028-09-09,2028-09-09,0,False,63.3,100.0,1021.66,56.6,4,3,None,On Track,3.0,Low
PRJ01847,Mizoram Steel Infra Development Phase-1,Steel,Ministry of Steel,NTPC,Afcons Infrastructure,Mizoram,1145.9,802.47,0.0,False,2020-01-08,72,72,2025-12-07,2025-12-07,0,False,93.3,33.1,265.81,23.2,8,7,None,On Track,5.2,Low
PRJ01848,Mizoram Coal Infra Development Phase-2,Coal,Ministry of Coal,AAI,Dilip Buildcon Ltd,Mizoram,415.97,252.17,0.0,False,2021-09-09,60,100,2026-08-14,2029-11-26,40,True,47.4,100.0,1013.55,100.0,6,3,Forest/environment clearance delay; Funding constraints,Delayed,36.4,Medium
PRJ01849,Mizoram Railways Infra Development Phase-3,Railways,Ministry of Railways,NHAI,Afcons Infrastructure,Mizoram,2113.19,1202.84,0.0,False,2017-08-02,24,24,2019-07-23,2019-07-23,0,False,100.0,42.4,510.44,24.2,8,8,None,Completed,2.8,Low
PRJ01850,Mizoram Renewable Energy Infra Development Phase-4,Renewable Energy,Ministry of New & Renewable Energy,RITES,NCC Limited,Mizoram,757.98,2232.62,194.55,True,2022-04-18,96,123,2030-03-07,2032-05-25,27,True,36.2,6.1,136.9,18.1,8,3,Poor contractor mobilization,Delayed,100.0,High
PRJ01851,Mizoram Power Infra Development Phase-5,Power,Ministry of Power,NBCC,Larsen & Toubro Infra,Mizoram,1533.15,1081.64,0.0,False,2022-07-06,84,84,2029-05-30,2029-05-30,0,False,51.1,35.4,382.84,25.0,8,4,None,On Track,8.6,Low
PRJ01852,Mizoram Mining Infra Development Phase-6,Mining,Ministry of Mines,RITES,KNR Constructions,Mizoram,1810.1,1463.87,0.0,False,2018-04-02,36,82,2021-03-17,2024-12-26,46,True,81.0,80.2,1174.21,64.9,4,3,Contractual issues,Delayed,33.2,Medium
PRJ01853,Mizoram Mining Infra Development Phase-7,Mining,Ministry of Mines,AAI,Shapoorji Pallonji Infra,Mizoram,955.17,1089.81,14.1,True,2021-01-20,72,91,2026-12-20,2028-07-12,19,True,63.7,89.4,974.05,100.0,12,8,Shortage of skilled manpower; Utility shifting delay,Delayed,31.4,Medium
PRJ01854,Mizoram Coal Infra Development Phase-8,Coal,Ministry of Coal,ONGC,Larsen & Toubro Infra,Mizoram,2454.94,1088.54,0.0,False,2021-04-23,48,48,2025-04-02,2025-04-02,0,False,100.0,52.1,567.62,23.1,4,4,None,Completed,0.0,Low
PRJ01855,Mizoram Inland Waterways Infra Development Phase-9,Inland Waterways,"Ministry of Ports, Shipping & Waterways",PowerGrid,GMR Infrastructure,Mizoram,378.02,2199.39,481.82,True,2018-05-08,48,64,2022-04-17,2023-08-10,16,True,93.0,18.1,399.16,100.0,4,4,Geological surprises,Delayed,100.0,High
PRJ01856,Mizoram Urban Development Infra Development Phase-10,Urban Development,Ministry of Housing & Urban Affairs,NTPC,Afcons Infrastructure,Mizoram,379.06,879.85,132.11,True,2017-11-03,60,86,2022-10-08,2024-11-26,26,True,82.1,94.7,832.85,100.0,12,10,Rehabilitation & resettlement issues; Court cases/litigation,Delayed,100.0,High
PRJ01857,Mizoram Housing Infra Development Phase-11,Housing,Ministry of Housing & Urban Affairs,ONGC,Shapoorji Pallonji Infra,Mizoram,377.94,293.13,0.0,False,2022-12-26,84,84,2029-11-19,2029-11-19,0,False,43.6,100.0,557.86,100.0,6,3,None,On Track,5.8,Low
PRJ01858,Mizoram Railways Infra Development Phase-12,Railways,Ministry of Railways,PowerGrid,Shapoorji Pallonji Infra,Mizoram,320.59,1962.04,512.01,True,2019-02-25,60,99,2024-01-30,2027-04-14,39,True,66.5,33.8,663.12,100.0,10,7,Court cases/litigation; COVID-19 related disruption,Delayed,100.0,High
PRJ01859,Mizoram Irrigation Infra Development Phase-13,Irrigation,Ministry of Jal Shakti,State Irrigation Dept,Simplex Infrastructures,Mizoram,994.75,4220.77,324.3,True,2018-04-26,84,134,2025-03-20,2029-04-28,50,True,68.0,19.7,830.36,83.5,10,7,Monsoon/weather delays,Delayed,100.0,High
PRJ01860,Mizoram Water Supply & Sanitation Infra Development Phase-14,Water Supply & Sanitation,Ministry of Jal Shakti,HUDCO,GR Infraprojects,Mizoram,1198.93,1151.39,0.0,False,2022-08-26,60,110,2027-07-31,2031-09-08,50,True,29.9,86.6,996.79,83.1,4,1,Delay in tendering/equipment supply,Delayed,48.2,Medium
PRJ01861,Mizoram Civil Aviation Infra Development Phase-15,Civil Aviation,Ministry of Civil Aviation,RITES,Afcons Infrastructure,Mizoram,1081.39,826.55,0.0,False,2017-07-06,72,108,2023-06-05,2026-05-20,36,True,90.9,21.9,180.96,16.7,12,11,Geological surprises,Delayed,29.3,Medium
PRJ01862,Mizoram Water Resources Infra Development Phase-16,Water Resources,Ministry of Jal Shakti,BSNL,Larsen & Toubro Infra,Mizoram,762.5,1392.45,82.62,True,2022-12-21,48,54,2026-11-30,2027-05-29,6,True,59.2,15.3,212.89,27.9,12,7,Law and order problems,Delayed,73.3,High
PRJ01863,Mizoram Urban Development Infra Development Phase-17,Urban Development,Ministry of Housing & Urban Affairs,HUDCO,Larsen & Toubro Infra,Mizoram,2770.33,738.87,0.0,False,2021-04-23,36,36,2024-04-07,2024-04-07,0,False,100.0,25.1,185.1,6.7,12,12,None,Completed,4.8,Low
PRJ01864,Mizoram Water Resources Infra Development Phase-18,Water Resources,Ministry of Jal Shakti,SAIL,Gammon India,Mizoram,1048.18,3075.53,193.42,True,2020-01-18,60,106,2024-12-22,2028-10-02,46,True,52.5,22.5,692.63,66.1,6,3,Land acquisition delay,Delayed,100.0,High
PRJ01865,Mizoram Power Infra Development Phase-19,Power,Ministry of Power,IWAI,Patel Engineering,Mizoram,718.68,1431.06,99.12,True,2019-06-12,60,67,2024-05-16,2024-12-12,7,True,72.7,97.7,1398.8,100.0,12,9,COVID-19 related disruption,Delayed,74.1,High
PRJ01866,Mizoram Telecommunications Infra Development Phase-20,Telecommunications,Ministry of Communications,ABC Infrastructure Ltd.,Afcons Infrastructure,Mizoram,285.71,726.75,154.37,True,2022-11-21,96,145,2030-10-10,2034-10-19,49,True,19.9,44.8,325.65,100.0,8,2,Shortage of skilled manpower; Contractual issues,Delayed,100.0,High
PRJ01867,Mizoram Coal Infra Development Phase-21,Coal,Ministry of Coal,NHPC,Larsen & Toubro Infra,Mizoram,1674.08,1834.81,9.6,True,2018-05-03,60,101,2023-04-07,2026-08-19,41,True,89.3,27.7,508.99,30.4,6,5,Forest/environment clearance delay,Delayed,42.5,Medium
PRJ01868,Mizoram Postal Infrastructure Infra Development Phase-22,Postal Infrastructure,Ministry of Communications,Coal India Ltd,Shapoorji Pallonji Infra,Mizoram,2826.6,1662.47,0.0,False,2020-04-10,48,48,2024-03-20,2024-03-20,0,False,93.1,35.9,596.96,21.1,4,4,None,On Track,10.3,Low
PRJ01869,Meghalaya Fertilizers Infra Development Phase-1,Fertilizers,Ministry of Chemicals & Fertilizers,PowerGrid,Larsen & Toubro Infra,Meghalaya,1532.38,1893.96,23.6,True,2020-02-12,84,116,2027-01-06,2029-08-23,32,True,56.3,15.0,283.74,18.5,6,3,Forest/environment clearance delay; Utility shifting delay,Delayed,57.7,High
PRJ01870,Meghalaya Petroleum & Natural Gas Infra Development Phase-2,Petroleum & Natural Gas,Ministry of Petroleum & Natural Gas,ONGC,GR Infraprojects,Meghalaya,2412.67,2078.78,0.0,False,2022-12-30,72,114,2028-11-28,2032-05-11,42,True,26.7,14.4,299.32,12.4,4,1,Court cases/litigation,Delayed,38.9,Medium
PRJ01871,Meghalaya Fertilizers Infra Development Phase-3,Fertilizers,Ministry of Chemicals & Fertilizers,Deendayal Port Trust,Afcons Infrastructure,Meghalaya,2458.14,719.42,0.0,False,2021-02-20,60,83,2026-01-25,2027-12-16,23,True,70.8,100.0,1105.8,45.0,8,6,Delay in tendering/equipment supply,Delayed,24.3,Low
PRJ01872,Meghalaya Civil Aviation Infra Development Phase-4,Civil Aviation,Ministry of Civil Aviation,State PWD,Afcons Infrastructure,Meghalaya,231.84,1756.9,657.81,True,2020-04-22,36,86,2023-04-07,2027-05-16,50,True,74.8,46.1,810.11,100.0,8,6,Land acquisition delay,Delayed,100.0,High
PRJ01873,Meghalaya Irrigation Infra Development Phase-5,Irrigation,Ministry of Jal Shakti,Coal India Ltd,Dilip Buildcon Ltd,Meghalaya,1735.68,1678.55,0.0,False,2020-02-20,36,36,2023-02-04,2023-02-04,0,False,90.6,26.9,451.84,26.0,6,5,None,On Track,5.6,Low
PRJ01874,Meghalaya Coal Infra Development Phase-6,Coal,Ministry of Coal,NHAI,Shapoorji Pallonji Infra,Meghalaya,656.96,2144.33,226.4,True,2018-03-12,96,146,2026-01-29,2030-03-09,50,True,63.4,18.4,393.65,59.9,10,6,Geological surprises; Poor contractor mobilization,Delayed,100.0,High
PRJ01875,Meghalaya Urban Development Infra Development Phase-7,Urban Development,Ministry of Housing & Urban Affairs,Coal India Ltd,Tata Projects,Meghalaya,1523.74,920.62,0.0,False,2020-08-21,96,96,2028-07-10,2028-07-10,0,False,64.1,100.0,1035.76,68.0,8,5,None,On Track,12.8,Low
PRJ01876,Meghalaya Renewable Energy Infra Development Phase-8,Renewable Energy,Ministry of New & Renewable Energy,IWAI,NCC Limited,Meghalaya,343.18,1388.04,304.46,True,2021-06-08,24,28,2023-05-29,2023-09-26,4,True,79.9,13.5,187.22,54.6,6,5,Shortage of skilled manpower; Court cases/litigation,Delayed,100.0,High
PRJ01877,Meghalaya Water Supply & Sanitation Infra Development Phase-9,Water Supply & Sanitation,Ministry of Jal Shakti,AAI,Simplex Infrastructures,Meghalaya,1233.37,1321.42,7.14,True,2018-08-31,48,98,2022-08-10,2026-09-18,50,True,80.8,26.5,350.72,28.4,10,8,Monsoon/weather delays,Delayed,46.5,Medium
PRJ01878,Meghalaya Power Infra Development Phase-10,Power,Ministry of Power,State Irrigation Dept,Larsen & Toubro Infra,Meghalaya,848.57,819.7,0.0,False,2019-01-28,24,24,2021-01-17,2021-01-17,0,False,86.4,59.8,490.38,57.8,6,5,None,On Track,9.5,Low
PRJ01879,Meghalaya Renewable Energy Infra Development Phase-11,Renewable Energy,Ministry of New & Renewable Energy,IWAI,GR Infraprojects,Meghalaya,2245.47,1642.88,0.0,False,2022-07-03,36,72,2025-06-17,2028-06-01,36,True,45.3,39.0,640.91,28.5,6,3,Land acquisition delay; Contractual issues,Delayed,38.9,Medium
PRJ01880,Meghalaya Power Infra Development Phase-12,Power,Ministry of Power,GAIL,J Kumar Infraprojects,Meghalaya,555.66,1749.72,214.89,True,2021-06-03,84,119,2028-04-27,2031-03-13,35,True,35.3,14.5,253.7,45.7,12,4,Funding constraints,Delayed,100.0,High
PRJ01881,Meghalaya Civil Aviation Infra Development Phase-13,Civil Aviation,Ministry of Civil Aviation,RVNL,Gammon India,Meghalaya,1113.34,708.78,0.0,False,2021-10-13,96,141,2029-09-01,2033-05-13,45,True,28.1,54.5,386.55,34.7,6,2,Price escalation of raw materials; Forest/environment clearance delay,Delayed,53.4,High
PRJ01882,Meghalaya Telecommunications Infra Development Phase-14,Telecommunications,Ministry of Communications,PowerGrid,Larsen & Toubro Infra,Meghalaya,469.07,2409.79,413.74,True,2017-02-18,24,74,2019-02-08,2023-03-19,50,True,70.5,17.1,411.38,87.7,12,8,Price escalation of raw materials,Delayed,100.0,High
PRJ01883,Meghalaya Water Resources Infra Development Phase-15,Water Resources,Ministry of Jal Shakti,NHAI,J Kumar Infraprojects,Meghalaya,408.17,1449.94,255.23,True,2018-03-27,36,81,2021-03-11,2024-11-20,45,True,94.0,97.8,1418.72,100.0,4,4,Contractual issues,Delayed,100.0,High
PRJ01884,Meghalaya Petroleum & Natural Gas Infra Development Phase-16,Petroleum & Natural Gas,Ministry of Petroleum & Natural Gas,RVNL,Shapoorji Pallonji Infra,Meghalaya,1790.39,472.39,0.0,False,2020-01-02,36,36,2022-12-17,2022-12-17,0,False,88.8,100.0,846.66,47.3,6,5,None,On Track,6.7,Low
PRJ01885,Meghalaya Fertilizers Infra Development Phase-17,Fertilizers,Ministry of Chemicals & Fertilizers,Deendayal Port Trust,Shapoorji Pallonji Infra,Meghalaya,960.16,649.57,0.0,False,2017-02-25,36,59,2020-02-10,2021-12-31,23,True,82.9,100.0,1282.67,100.0,4,3,Utility shifting delay,Delayed,23.6,Low
PRJ01886,Meghalaya Ports & Shipping Infra Development Phase-18,Ports & Shipping,"Ministry of Ports, Shipping & Waterways",ONGC,Reliance Infrastructure,Meghalaya,1916.82,1681.57,0.0,False,2018-07-25,36,36,2021-07-09,2021-07-09,0,False,100.0,19.4,326.14,17.0,10,10,None,Completed,7.5,Low
PRJ01887,Meghalaya Healthcare Infrastructure Infra Development Phase-19,Healthcare Infrastructure,Ministry of Health & Family Welfare,State Irrigation Dept,Larsen & Toubro Infra,Meghalaya,640.47,1765.11,175.6,True,2018-10-31,48,53,2022-10-10,2023-03-09,5,True,88.4,51.5,909.33,100.0,8,7,Monsoon/weather delays; Funding constraints,Delayed,100.0,High
PRJ01888,Meghalaya Petroleum & Natural Gas Infra Development Phase-20,Petroleum & Natural Gas,Ministry of Petroleum & Natural Gas,IRCON,Larsen & Toubro Infra,Meghalaya,1069.71,2381.99,122.68,True,2020-01-01,60,82,2024-12-05,2026-09-26,22,True,73.2,26.4,629.1,58.8,12,9,Land acquisition delay,Delayed,100.0,High
PRJ01889,Sikkim Railways Infra Development Phase-1,Railways,Ministry of Railways,NTPC,Afcons Infrastructure,Sikkim,1635.26,312.43,0.0,False,2020-04-30,48,48,2024-04-09,2024-04-09,0,False,96.8,100.0,422.72,25.9,4,4,None,On Track,3.8,Low
PRJ01890,Sikkim Telecommunications Infra Development Phase-2,Telecommunications,Ministry of Communications,State PWD,Ashoka Buildcon,Sikkim,419.42,2377.47,466.85,True,2018-08-04,36,44,2021-07-19,2022-03-16,8,True,89.7,5.3,125.16,29.8,4,4,Land acquisition delay,Delayed,100.0,High
PRJ01891,Sikkim Petroleum & Natural Gas Infra Development Phase-3,Petroleum & Natural Gas,Ministry of Petroleum & Natural Gas,State PWD,Shapoorji Pallonji Infra,Sikkim,1171.46,605.83,0.0,False,2021-04-28,48,48,2025-04-07,2025-04-07,0,False,100.0,100.0,716.13,61.1,6,6,None,Completed,2.3,Low
PRJ01892,Sikkim Irrigation Infra Development Phase-4,Irrigation,Ministry of Jal Shakti,NMDC,GMR Infrastructure,Sikkim,773.45,1019.98,31.87,True,2020-03-20,24,36,2022-03-10,2023-03-05,12,True,79.9,32.2,328.68,42.5,6,5,Change in project scope; Shortage of skilled manpower,Delayed,33.9,Medium
PRJ01893,Sikkim Power Infra Development Phase-5,Power,Ministry of Power,NTPC,Shapoorji Pallonji Infra,Sikkim,905.07,859.84,0.0,False,2019-07-09,60,72,2024-06-12,2025-06-07,12,True,72.6,100.0,957.34,100.0,4,3,Court cases/litigation; Forest/environment clearance delay,Delayed,8.6,Low
PRJ01894,Sikkim Education Infrastructure Infra Development Phase-6,Education Infrastructure,Ministry of Education,IRCTC,Larsen & Toubro Infra,Sikkim,1615.47,1099.89,0.0,False,2018-04-30,36,36,2021-04-14,2021-04-14,0,False,90.9,31.2,342.7,21.2,8,7,None,On Track,5.4,Low
PRJ01895,Sikkim Ports & Shipping Infra Development Phase-7,Ports & Shipping,"Ministry of Ports, Shipping & Waterways",IRCON,Larsen & Toubro Infra,Sikkim,871.78,510.74,0.0,False,2018-09-11,72,72,2024-08-10,2024-08-10,0,False,88.9,68.4,349.26,40.1,6,5,None,On Track,3.2,Low
PRJ01896,Sikkim Water Supply & Sanitation Infra Development Phase-8,Water Supply & Sanitation,Ministry of Jal Shakti,HUDCO,GR Infraprojects,Sikkim,1188.71,1230.51,3.52,True,2020-10-03,48,71,2024-09-12,2026-08-03,23,True,66.6,24.9,306.15,25.8,12,8,Poor contractor mobilization,Delayed,28.3,Medium
PRJ01897,Sikkim Civil Aviation Infra Development Phase-9,Civil Aviation,Ministry of Civil Aviation,IFFCO,Shapoorji Pallonji Infra,Sikkim,1317.78,896.5,0.0,False,2020-05-20,60,60,2025-04-24,2025-04-24,0,False,100.0,72.5,649.97,49.3,12,12,None,Completed,0.0,Low
PRJ01898,Sikkim Steel Infra Development Phase-10,Steel,Ministry of Steel,AAI,Larsen & Toubro Infra,Sikkim,871.42,1493.82,71.42,True,2018-03-02,60,110,2023-02-04,2027-03-15,50,True,68.5,10.8,160.75,18.4,8,5,Court cases/litigation; COVID-19 related disruption,Delayed,99.3,High
PRJ01899,Sikkim Coal Infra Development Phase-11,Coal,Ministry of Coal,ABC Infrastructure Ltd.,Larsen & Toubro Infra,Sikkim,1426.51,1899.45,33.15,True,2017-11-09,48,63,2021-10-19,2023-01-12,15,True,72.7,14.9,283.17,19.9,4,3,Contractual issues,Delayed,46.9,Medium
PRJ01900,Sikkim Mining Infra Development Phase-12,Mining,Ministry of Mines,PowerGrid,GMR Infrastructure,Sikkim,1676.11,826.71,0.0,False,2021-05-19,72,88,2027-04-18,2028-08-10,16,True,57.6,100.0,971.56,58.0,10,6,Funding constraints; Forest/environment clearance delay,Delayed,20.9,Low
PRJ01901,Sikkim Healthcare Infrastructure Infra Development Phase-13,Healthcare Infrastructure,Ministry of Health & Family Welfare,State PWD,GR Infraprojects,Sikkim,1603.88,3879.27,141.87,True,2020-02-15,36,73,2023-01-30,2026-02-13,37,True,86.3,10.1,392.01,24.4,6,5,Utility shifting delay,Delayed,100.0,High
PRJ01902,Sikkim Civil Aviation Infra Development Phase-14,Civil Aviation,Ministry of Civil Aviation,GAIL,IRB Infrastructure,Sikkim,1698.4,820.44,0.0,False,2021-04-27,96,96,2029-03-16,2029-03-16,0,False,63.9,84.4,692.29,40.8,8,5,None,On Track,6.8,Low
PRJ01903,Sikkim Mining Infra Development Phase-15,Mining,Ministry of Mines,BSNL,GMR Infrastructure,Sikkim,183.37,420.13,129.12,True,2021-10-03,72,92,2027-09-02,2029-04-24,20,True,55.6,100.0,439.49,100.0,10,6,Utility shifting delay; Funding constraints,Delayed,100.0,High
PRJ01904,Sikkim Fertilizers Infra Development Phase-16,Fertilizers,Ministry of Chemicals & Fertilizers,Coal India Ltd,Afcons Infrastructure,Sikkim,567.06,2139.38,277.28,True,2021-04-19,36,47,2024-04-03,2025-02-27,11,True,87.7,41.6,890.54,100.0,10,9,Monsoon/weather delays; Delay in tendering/equipment supply,Delayed,100.0,High
PRJ01905,Sikkim Postal Infrastructure Infra Development Phase-17,Postal Infrastructure,Ministry of Communications,Coal India Ltd,Larsen & Toubro Infra,Sikkim,599.09,1904.57,217.91,True,2021-04-25,84,100,2028-03-19,2029-07-12,16,True,53.5,25.4,484.43,80.9,4,2,Shortage of skilled manpower; Court cases/litigation,Delayed,100.0,High
PRJ01906,Sikkim Ports & Shipping Infra Development Phase-18,Ports & Shipping,"Ministry of Ports, Shipping & Waterways",Coal India Ltd,Shapoorji Pallonji Infra,Sikkim,886.58,2478.3,179.53,True,2021-01-21,24,64,2023-01-11,2026-04-25,40,True,71.9,74.9,1855.93,100.0,4,3,Land acquisition delay,Delayed,100.0,High
PRJ01907,Sikkim Irrigation Infra Development Phase-19,Irrigation,Ministry of Jal Shakti,NHPC,KNR Constructions,Sikkim,837.95,1836.91,119.21,True,2022-04-26,84,126,2029-03-20,2032-08-31,42,True,28.8,19.6,359.74,42.9,6,2,Forest/environment clearance delay,Delayed,100.0,High
PRJ01908,Sikkim Irrigation Infra Development Phase-20,Irrigation,Ministry of Jal Shakti,AAI,Gammon India,Sikkim,2039.65,1045.72,0.0,False,2018-07-25,72,77,2024-06-23,2024-11-20,5,True,77.6,85.3,891.85,43.7,8,6,Contractual issues; Poor contractor mobilization,Delayed,13.7,Low
PRJ01909,Delhi Postal Infrastructure Infra Development Phase-1,Postal Infrastructure,Ministry of Communications,State PWD,Shapoorji Pallonji Infra,Delhi,2802.52,1181.14,0.0,False,2019-09-21,48,48,2023-08-31,2023-08-31,0,False,100.0,59.8,706.82,25.2,6,6,None,Completed,2.1,Low
PRJ01910,Delhi Petroleum & Natural Gas Infra Development Phase-2,Petroleum & Natural Gas,Ministry of Petroleum & Natural Gas,IRCON,Larsen & Toubro Infra,Delhi,876.25,2849.27,225.17,True,2018-07-19,36,80,2021-07-03,2025-02-12,44,True,91.0,52.5,1495.67,100.0,4,4,Price escalation of raw materials,Delayed,100.0,High
PRJ01911,Delhi Roads & Highways Infra Development Phase-3,Roads & Highways,Ministry of Road Transport & Highways,ABC Infrastructure Ltd.,Afcons Infrastructure,Delhi,1035.64,1587.51,53.29,True,2021-10-06,48,52,2025-09-15,2026-01-13,4,True,92.3,46.7,741.18,71.6,8,7,Change in project scope,Delayed,44.9,Medium
PRJ01912,Delhi Rural Infrastructure Infra Development Phase-4,Rural Infrastructure,Ministry of Rural Development,IWAI,Larsen & Toubro Infra,Delhi,1157.85,2796.34,141.51,True,2017-10-30,36,65,2020-10-14,2023-03-03,29,True,87.2,41.3,1154.87,99.7,10,9,Land acquisition delay,Delayed,100.0,High
PRJ01913,Delhi Civil Aviation Infra Development Phase-5,Civil Aviation,Ministry of Civil Aviation,AAI,Ashoka Buildcon,Delhi,596.17,2948.74,394.61,True,2018-08-02,60,79,2023-07-07,2025-01-27,19,True,81.4,35.9,1057.84,100.0,4,3,Funding constraints,Delayed,100.0,High
PRJ01914,Delhi Roads & Highways Infra Development Phase-6,Roads & Highways,Ministry of Road Transport & Highways,IWAI,KNR Constructions,Delhi,2823.76,2957.24,4.73,True,2021-09-02,36,48,2024-08-17,2025-08-12,12,True,78.4,3.0,88.23,3.1,6,5,Monsoon/weather delays,Delayed,17.8,Low
PRJ01915,Delhi Civil Aviation Infra Development Phase-7,Civil Aviation,Ministry of Civil Aviation,HUDCO,Larsen & Toubro Infra,Delhi,2011.47,1290.44,0.0,False,2020-05-11,48,91,2024-04-20,2027-11-01,43,True,55.4,92.0,1186.95,59.0,10,6,Utility shifting delay; Shortage of skilled manpower,Delayed,40.9,Medium
PRJ01916,Delhi Fertilizers Infra Development Phase-8,Fertilizers,Ministry of Chemicals & Fertilizers,ABC Infrastructure Ltd.,Gammon India,Delhi,948.59,1431.98,50.96,True,2017-02-24,48,57,2021-02-03,2021-10-31,9,True,80.0,100.0,1530.57,100.0,8,6,Contractual issues,Delayed,46.2,Medium
PRJ01917,Delhi Railways Infra Development Phase-9,Railways,Ministry of Railways,NMDC,IRB Infrastructure,Delhi,1435.81,2953.9,105.73,True,2017-05-12,48,89,2021-04-21,2024-09-02,41,True,89.0,10.6,313.61,21.8,12,11,Law and order problems,Delayed,100.0,High
PRJ01918,Delhi Roads & Highways Infra Development Phase-10,Roads & Highways,Ministry of Road Transport & Highways,SAIL,GR Infraprojects,Delhi,2479.13,635.58,0.0,False,2021-10-02,60,60,2026-09-06,2026-09-06,0,False,99.2,100.0,1041.18,42.0,10,10,None,Completed,6.4,Low
PRJ01919,Delhi Postal Infrastructure Infra Development Phase-11,Postal Infrastructure,Ministry of Communications,ABC Infrastructure Ltd.,Larsen & Toubro Infra,Delhi,1642.55,2864.21,74.38,True,2019-11-23,48,77,2023-11-02,2026-03-21,29,True,93.1,43.1,1233.09,75.1,12,11,Shortage of skilled manpower; Geological surprises,Delayed,70.7,High
PRJ01920,Delhi Power Infra Development Phase-12,Power,Ministry of Power,NBCC,Larsen & Toubro Infra,Delhi,3385.86,3788.35,11.89,True,2018-01-12,72,91,2023-12-12,2025-07-04,19,True,71.2,27.1,1025.43,30.3,12,9,Contractual issues; Court cases/litigation,Delayed,27.9,Medium
PRJ01921,Delhi Renewable Energy Infra Development Phase-13,Renewable Energy,Ministry of New & Renewable Energy,SAIL,Larsen & Toubro Infra,Delhi,3577.83,1653.54,0.0,False,2017-08-18,24,24,2019-08-08,2019-08-08,0,False,97.5,49.4,817.34,22.8,6,6,None,On Track,5.9,Low
PRJ01922,Delhi Water Resources Infra Development Phase-14,Water Resources,Ministry of Jal Shakti,GAIL,Shapoorji Pallonji Infra,Delhi,950.22,3970.93,317.9,True,2017-11-13,36,66,2020-10-28,2023-04-16,30,True,76.4,19.7,783.82,82.5,10,8,Utility shifting delay; Monsoon/weather delays,Delayed,100.0,High
PRJ01923,Delhi Fertilizers Infra Development Phase-15,Fertilizers,Ministry of Chemicals & Fertilizers,SAIL,Shapoorji Pallonji Infra,Delhi,2906.0,2263.26,0.0,False,2021-04-08,60,60,2026-03-13,2026-03-13,0,False,100.0,16.9,383.53,13.2,6,6,None,Completed,5.7,Low
PRJ01924,Delhi Railways Infra Development Phase-16,Railways,Ministry of Railways,AAI,IRB Infrastructure,Delhi,1508.4,2716.45,80.09,True,2021-10-04,48,99,2025-09-13,2029-11-21,51,True,45.0,22.8,619.18,41.0,6,3,Change in project scope; Forest/environment clearance delay,Delayed,100.0,High
PRJ01925,Delhi Ports & Shipping Infra Development Phase-17,Ports & Shipping,"Ministry of Ports, Shipping & Waterways",AAI,KNR Constructions,Delhi,2598.64,1890.26,0.0,False,2020-10-06,60,72,2025-09-10,2026-09-05,12,True,80.0,100.0,2386.06,91.8,4,3,Rehabilitation & resettlement issues,Delayed,12.3,Low
PRJ01926,Delhi Power Infra Development Phase-18,Power,Ministry of Power,NHPC,Dilip Buildcon Ltd,Delhi,1448.73,1348.79,0.0,False,2018-03-13,60,60,2023-02-15,2023-02-15,0,False,94.0,100.0,1369.66,94.5,4,4,None,On Track,0.0,Low
PRJ01927,Delhi Renewable Energy Infra Development Phase-19,Renewable Energy,Ministry of New & Renewable Energy,Deendayal Port Trust,Larsen & Toubro Infra,Delhi,1104.58,2334.47,111.34,True,2017-02-14,48,75,2021-01-24,2023-04-14,27,True,71.7,35.8,835.52,75.6,8,6,Geological surprises,Delayed,100.0,High
PRJ01928,Tripura Fertilizers Infra Development Phase-1,Fertilizers,Ministry of Chemicals & Fertilizers,IRCON,PNC Infratech,Tripura,964.16,2053.71,113.01,True,2019-09-12,84,124,2026-08-06,2029-11-18,40,True,60.6,27.5,564.18,58.5,8,5,Forest/environment clearance delay,Delayed,100.0,High
PRJ01929,Tripura Healthcare Infrastructure Infra Development Phase-2,Healthcare Infrastructure,Ministry of Health & Family Welfare,BSNL,KNR Constructions,Tripura,1281.38,834.62,0.0,False,2017-07-07,84,92,2024-05-31,2025-01-26,8,True,94.0,53.7,448.47,35.0,4,4,Funding constraints; Contractual issues,Delayed,8.2,Low
PRJ01930,Tripura Roads & Highways Infra Development Phase-3,Roads & Highways,Ministry of Road Transport & Highways,AAI,GR Infraprojects,Tripura,2177.89,1922.53,0.0,False,2020-03-02,48,48,2024-02-10,2024-02-10,0,False,100.0,37.5,721.23,33.1,10,10,None,Completed,2.0,Low
PRJ01931,Tripura Telecommunications Infra Development Phase-4,Telecommunications,Ministry of Communications,ONGC,Gammon India,Tripura,1830.52,700.74,0.0,False,2020-07-12,36,73,2023-06-27,2026-07-11,37,True,90.1,39.9,279.64,15.3,10,9,Contractual issues; Court cases/litigation,Delayed,33.2,Medium
PRJ01932,Tripura Rural Infrastructure Infra Development Phase-5,Rural Infrastructure,Ministry of Rural Development,NTPC,Larsen & Toubro Infra,Tripura,1751.79,1351.66,0.0,False,2020-09-19,60,87,2025-08-24,2027-11-12,27,True,65.0,51.8,700.48,40.0,10,6,Contractual issues,Delayed,26.3,Medium
PRJ01933,Tripura Roads & Highways Infra Development Phase-6,Roads & Highways,Ministry of Road Transport & Highways,IWAI,IRB Infrastructure,Tripura,566.14,2598.92,359.06,True,2021-04-15,60,66,2026-03-20,2026-09-16,6,True,75.8,18.8,488.47,86.3,10,8,Rehabilitation & resettlement issues,Delayed,100.0,High
PRJ01934,Tripura Power Infra Development Phase-7,Power,Ministry of Power,PowerGrid,HCC (Hindustan Construction),Tripura,1562.42,2102.53,34.57,True,2022-03-12,36,79,2025-02-24,2028-09-06,43,True,59.2,23.6,495.86,31.7,4,2,Shortage of skilled manpower,Delayed,65.4,High
PRJ01935,Tripura Renewable Energy Infra Development Phase-8,Renewable Energy,Ministry of New & Renewable Energy,IFFCO,Larsen & Toubro Infra,Tripura,563.39,385.64,0.0,False,2018-07-31,36,36,2021-07-15,2021-07-15,0,False,90.6,100.0,455.96,80.9,6,5,None,On Track,4.2,Low
PRJ01936,Tripura Telecommunications Infra Development Phase-9,Telecommunications,Ministry of Communications,HUDCO,PNC Infratech,Tripura,1303.54,1360.5,4.37,True,2022-11-14,36,83,2025-10-29,2029-09-08,47,True,41.6,36.1,491.38,37.7,8,3,Contractual issues; Law and order problems,Delayed,51.0,High
PRJ01937,Tripura Steel Infra Development Phase-10,Steel,Ministry of Steel,AAI,GR Infraprojects,Tripura,615.68,1833.08,197.73,True,2021-10-31,60,104,2026-10-05,2030-05-17,44,True,41.6,40.3,738.73,100.0,4,2,Shortage of skilled manpower; Change in project scope,Delayed,100.0,High
PRJ01938,Tripura Education Infrastructure Infra Development Phase-11,Education Infrastructure,Ministry of Education,Deendayal Port Trust,GMR Infrastructure,Tripura,564.98,2322.04,311.0,True,2017-11-04,72,101,2023-10-04,2026-02-20,29,True,89.2,31.4,729.87,100.0,6,5,Change in project scope; Price escalation of raw materials,Delayed,100.0,High
PRJ01939,Tripura Roads & Highways Infra Development Phase-12,Roads & Highways,Ministry of Road Transport & Highways,PowerGrid,GMR Infrastructure,Tripura,322.3,192.05,0.0,False,2020-06-21,60,60,2025-05-26,2025-05-26,0,False,85.3,100.0,243.03,75.4,12,10,None,On Track,6.8,Low
PRJ01940,Tripura Ports & Shipping Infra Development Phase-13,Ports & Shipping,"Ministry of Ports, Shipping & Waterways",BSNL,Larsen & Toubro Infra,Tripura,1906.87,364.28,0.0,False,2018-01-21,60,60,2022-12-26,2022-12-26,0,False,96.4,100.0,1578.46,82.8,10,10,None,On Track,0.0,Low
PRJ01941,Tripura Mining Infra Development Phase-14,Mining,Ministry of Mines,GAIL,Simplex Infrastructures,Tripura,701.85,2070.37,194.99,True,2020-04-25,72,113,2026-03-25,2029-08-06,41,True,55.3,21.0,435.53,62.1,6,3,Delay in tendering/equipment supply,Delayed,100.0,High
PRJ01942,Tripura Healthcare Infrastructure Infra Development Phase-15,Healthcare Infrastructure,Ministry of Health & Family Welfare,AAI,Dilip Buildcon Ltd,Tripura,1006.65,1980.63,96.75,True,2020-12-18,36,79,2023-12-03,2027-06-15,43,True,68.2,68.5,1356.81,100.0,4,3,Law and order problems,Delayed,97.9,High
PRJ01943,Tripura Urban Development Infra Development Phase-16,Urban Development,Ministry of Housing & Urban Affairs,NBCC,Larsen & Toubro Infra,Tripura,2473.43,2041.34,0.0,False,2022-04-23,60,103,2027-03-28,2030-10-08,43,True,36.0,41.5,847.09,34.2,8,3,Contractual issues; Forest/environment clearance delay,Delayed,41.0,Medium
PRJ01944,Tripura Healthcare Infrastructure Infra Development Phase-17,Healthcare Infrastructure,Ministry of Health & Family Welfare,BSNL,Larsen & Toubro Infra,Tripura,838.06,579.91,0.0,False,2017-06-12,60,101,2022-05-17,2025-09-28,41,True,88.6,26.0,150.84,18.0,8,7,Price escalation of raw materials; Geological surprises,Delayed,42.0,Medium
PRJ01945,Ladakh Education Infrastructure Infra Development Phase-1,Education Infrastructure,Ministry of Education,IFFCO,Sadbhav Engineering,Ladakh,6032.4,8011.87,32.81,True,2018-06-13,48,61,2022-05-23,2023-06-17,13,True,86.4,60.7,4864.56,80.6,10,9,Utility shifting delay; Law and order problems,Delayed,34.9,Medium
PRJ01946,Ladakh Ports & Shipping Infra Development Phase-2,Ports & Shipping,"Ministry of Ports, Shipping & Waterways",IFFCO,Larsen & Toubro Infra,Ladakh,5939.65,3331.51,0.0,False,2021-08-20,48,48,2025-07-30,2025-07-30,0,False,100.0,95.4,3178.61,53.5,12,12,None,On Track,0.0,Low
PRJ01947,Ladakh Urban Development Infra Development Phase-3,Urban Development,Ministry of Housing & Urban Affairs,NBCC,Gammon India,Ladakh,4237.76,4737.09,11.78,True,2017-06-24,24,31,2019-06-14,2020-01-10,7,True,86.6,51.3,2430.97,57.4,12,10,Shortage of skilled manpower,Delayed,13.1,Low
PRJ01948,Ladakh Postal Infrastructure Infra Development Phase-4,Postal Infrastructure,Ministry of Communications,NHAI,HCC (Hindustan Construction),Ladakh,5836.15,2647.19,0.0,False,2018-09-26,48,48,2022-09-05,2022-09-05,0,False,88.7,49.8,1319.49,22.6,4,4,None,On Track,5.9,Low
PRJ01949,Ladakh Steel Infra Development Phase-5,Steel,Ministry of Steel,SAIL,Ashoka Buildcon,Ladakh,4352.28,6684.6,53.59,True,2018-10-11,60,98,2023-09-15,2026-10-29,38,True,72.7,8.0,534.35,12.3,12,9,Funding constraints; Change in project scope,Delayed,73.4,High
PRJ01950,Ladakh Water Resources Infra Development Phase-6,Water Resources,Ministry of Jal Shakti,State Irrigation Dept,Dilip Buildcon Ltd,Ladakh,10791.37,5087.42,0.0,False,2018-01-18,60,60,2022-12-23,2022-12-23,0,False,96.7,62.3,3169.32,29.4,8,8,None,On Track,0.0,Low
PRJ01951,Ladakh Urban Development Infra Development Phase-7,Urban Development,Ministry of Housing & Urban Affairs,State Irrigation Dept,Reliance Infrastructure,Ladakh,6529.27,2004.39,0.0,False,2022-03-20,72,101,2028-02-17,2030-07-06,29,True,35.3,100.0,7566.47,100.0,4,1,Law and order problems,Delayed,32.5,Medium
PRJ01952,Ladakh Inland Waterways Infra Development Phase-8,Inland Waterways,"Ministry of Ports, Shipping & Waterways",SAIL,Larsen & Toubro Infra,Ladakh,635.54,6684.43,951.77,True,2021-11-10,84,126,2028-10-04,2032-03-17,42,True,38.9,45.4,3031.68,100.0,6,2,Utility shifting delay; Forest/environment clearance delay,Delayed,100.0,High
PRJ01953,Ladakh Mining Infra Development Phase-9,Mining,Ministry of Mines,IRCTC,GR Infraprojects,Ladakh,8391.54,2794.3,0.0,False,2022-06-15,72,72,2028-05-14,2028-05-14,0,False,66.4,100.0,5547.18,66.1,6,4,None,On Track,4.2,Low
PRJ01954,Goa Housing Infra Development Phase-1,Housing,Ministry of Housing & Urban Affairs,NTPC,NCC Limited,Goa,784.49,716.14,0.0,False,2020-02-15,48,48,2024-01-25,2024-01-25,0,False,97.3,75.0,537.09,68.5,10,10,None,On Track,0.6,Low
PRJ01955,Goa Railways Infra Development Phase-2,Railways,Ministry of Railways,NHPC,Ashoka Buildcon,Goa,2301.76,884.61,0.0,False,2018-09-30,72,72,2024-08-29,2024-08-29,0,False,93.3,38.8,343.31,14.9,10,9,None,On Track,7.9,Low
PRJ01956,Goa Civil Aviation Infra Development Phase-3,Civil Aviation,Ministry of Civil Aviation,NMDC,J Kumar Infraprojects,Goa,1525.73,1036.95,0.0,False,2019-05-25,60,60,2024-04-28,2024-04-28,0,False,100.0,100.0,1088.38,71.3,8,8,None,Completed,4.1,Low
PRJ01957,Goa Healthcare Infrastructure Infra Development Phase-4,Healthcare Infrastructure,Ministry of Health & Family Welfare,IRCON,KNR Constructions,Goa,1610.24,1236.37,0.0,False,2021-04-07,48,48,2025-03-17,2025-03-17,0,False,100.0,33.6,415.93,25.8,4,4,None,Completed,11.5,Low
PRJ01958,Goa Irrigation Infra Development Phase-5,Irrigation,Ministry of Jal Shakti,State PWD,Patel Engineering,Goa,917.96,2431.79,164.91,True,2022-04-24,60,94,2027-03-29,2030-01-12,34,True,35.7,13.2,320.94,35.0,6,2,Geological surprises,Delayed,100.0,High
PRJ01959,Goa Roads & Highways Infra Development Phase-6,Roads & Highways,Ministry of Road Transport & Highways,IFFCO,Patel Engineering,Goa,312.12,1971.52,531.65,True,2021-09-29,24,49,2023-09-19,2025-10-08,25,True,94.0,38.1,751.75,100.0,8,8,Law and order problems; Forest/environment clearance delay,Delayed,100.0,High
PRJ01960,Goa Civil Aviation Infra Development Phase-7,Civil Aviation,Ministry of Civil Aviation,RVNL,Afcons Infrastructure,Goa,714.85,1103.09,54.31,True,2020-01-27,84,107,2026-12-21,2028-11-10,23,True,64.9,28.6,315.1,44.1,10,6,Rehabilitation & resettlement issues,Delayed,69.7,High
PRJ01961,Goa Urban Development Infra Development Phase-8,Urban Development,Ministry of Housing & Urban Affairs,State PWD,Megha Engineering (MEIL),Goa,474.19,2607.96,449.98,True,2022-11-20,96,108,2030-10-09,2031-10-04,12,True,27.2,53.1,1385.38,100.0,6,2,Law and order problems; Poor contractor mobilization,Delayed,100.0,High
PRJ01962,Goa Railways Infra Development Phase-9,Railways,Ministry of Railways,RVNL,GR Infraprojects,Goa,2502.87,1840.52,0.0,False,2021-10-22,96,140,2029-09-10,2033-04-22,44,True,29.1,35.4,652.05,26.1,8,2,Law and order problems; Change in project scope,Delayed,48.4,Medium
PRJ01963,Puducherry Irrigation Infra Development Phase-1,Irrigation,Ministry of Jal Shakti,State PWD,HCC (Hindustan Construction),Puducherry,2540.53,256.79,0.0,False,2022-05-27,72,72,2028-04-25,2028-04-25,0,False,61.2,100.0,374.8,14.8,10,6,None,On Track,6.0,Low
PRJ01964,Puducherry Postal Infrastructure Infra Development Phase-2,Postal Infrastructure,Ministry of Communications,ABC Infrastructure Ltd.,Larsen & Toubro Infra,Puducherry,339.04,590.12,74.06,True,2018-10-21,48,78,2022-09-30,2025-03-18,30,True,83.7,42.1,248.58,73.3,10,8,Price escalation of raw materials; Poor contractor mobilization,Delayed,84.0,High
PRJ01965,Puducherry Roads & Highways Infra Development Phase-3,Roads & Highways,Ministry of Road Transport & Highways,NHPC,Shapoorji Pallonji Infra,Puducherry,1314.34,1738.57,32.28,True,2019-03-25,24,48,2021-03-14,2023-03-04,24,True,73.8,46.3,804.91,61.2,4,3,Utility shifting delay,Delayed,49.8,Medium
PRJ01966,Puducherry Rural Infrastructure Infra Development Phase-4,Rural Infrastructure,Ministry of Rural Development,IRCTC,Afcons Infrastructure,Puducherry,751.55,1171.39,55.86,True,2017-02-28,48,83,2021-02-07,2023-12-24,35,True,70.5,36.6,428.86,57.1,6,4,Contractual issues; Shortage of skilled manpower,Delayed,75.7,High
PRJ01967,Puducherry Mining Infra Development Phase-5,Mining,Ministry of Mines,NTPC,Tata Projects,Puducherry,806.05,751.47,0.0,False,2021-07-23,60,60,2026-06-27,2026-06-27,0,False,83.9,79.7,598.71,74.3,8,7,None,On Track,3.7,Low
PRJ01968,Puducherry Telecommunications Infra Development Phase-6,Telecommunications,Ministry of Communications,NHAI,KNR Constructions,Puducherry,1080.81,2011.54,86.11,True,2022-01-20,84,105,2028-12-14,2030-09-05,21,True,43.1,36.4,731.95,67.7,6,3,Change in project scope; Land acquisition delay,Delayed,88.1,High
PRJ01969,Puducherry Renewable Energy Infra Development Phase-7,Renewable Energy,Ministry of New & Renewable Energy,ONGC,Dilip Buildcon Ltd,Puducherry,1150.23,903.1,0.0,False,2021-09-18,84,84,2028-08-12,2028-08-12,0,False,62.6,34.9,314.92,27.4,12,8,None,On Track,7.0,Low
PRJ01970,Puducherry Power Infra Development Phase-8,Power,Ministry of Power,Deendayal Port Trust,Larsen & Toubro Infra,Puducherry,258.67,2623.12,914.08,True,2021-03-27,72,92,2027-02-24,2028-10-16,20,True,57.6,24.9,654.07,100.0,6,3,Geological surprises; Change in project scope,Delayed,100.0,High
PRJ01971,Puducherry Rural Infrastructure Infra Development Phase-9,Rural Infrastructure,Ministry of Rural Development,IWAI,Dilip Buildcon Ltd,Puducherry,581.28,819.5,40.98,True,2017-02-28,36,82,2020-02-13,2023-11-24,46,True,82.9,59.9,491.15,84.5,8,7,Land acquisition delay; Contractual issues,Delayed,65.5,High
PRJ01972,Chandigarh Steel Infra Development Phase-1,Steel,Ministry of Steel,HUDCO,Afcons Infrastructure,Chandigarh,596.74,2224.93,272.85,True,2018-05-26,72,97,2024-04-24,2026-05-14,25,True,81.6,18.8,418.77,70.2,10,8,Poor contractor mobilization; Geological surprises,Delayed,100.0,High
PRJ01973,Chandigarh Irrigation Infra Development Phase-2,Irrigation,Ministry of Jal Shakti,AAI,Ashoka Buildcon,Chandigarh,1905.02,1175.86,0.0,False,2021-10-11,48,88,2025-09-20,2029-01-02,40,True,58.2,54.9,645.77,33.9,12,7,Change in project scope; COVID-19 related disruption,Delayed,40.1,Medium
PRJ01974,Chandigarh Power Infra Development Phase-3,Power,Ministry of Power,State Irrigation Dept,Larsen & Toubro Infra,Chandigarh,636.4,560.26,0.0,False,2021-10-21,96,144,2029-09-09,2033-08-19,48,True,30.5,100.0,749.37,100.0,8,2,Law and order problems,Delayed,47.2,Medium
PRJ01975,Chandigarh Postal Infrastructure Infra Development Phase-4,Postal Infrastructure,Ministry of Communications,State PWD,GMR Infrastructure,Chandigarh,762.31,780.3,2.36,True,2021-04-12,60,60,2026-03-17,2026-03-17,0,False,100.0,31.0,241.91,31.7,8,8,None,Completed,5.7,Low
PRJ01976,Dadra and Nagar Haveli Rural Infrastructure Infra Development Phase-1,Rural Infrastructure,Ministry of Rural Development,ABC Infrastructure Ltd.,PNC Infratech,Dadra and Nagar Haveli,889.84,677.37,0.0,False,2021-11-27,72,72,2027-10-27,2027-10-27,0,False,77.5,81.2,550.19,61.8,8,6,None,On Track,7.9,Low
PRJ01977,Dadra and Nagar Haveli Education Infrastructure Infra Development Phase-2,Education Infrastructure,Ministry of Education,NTPC,Afcons Infrastructure,Dadra and Nagar Haveli,716.97,233.19,0.0,False,2017-12-25,36,36,2020-12-09,2020-12-09,0,False,90.6,100.0,293.42,40.9,4,4,None,On Track,2.1,Low
PRJ01978,Dadra and Nagar Haveli Ports & Shipping Infra Development Phase-3,Ports & Shipping,"Ministry of Ports, Shipping & Waterways",NMDC,Larsen & Toubro Infra,Dadra and Nagar Haveli,993.51,2250.34,126.5,True,2017-03-09,84,109,2024-02-01,2026-02-20,25,True,94.0,22.1,497.14,50.0,12,11,Change in project scope; Shortage of skilled manpower,Delayed,100.0,High
PRJ01979,Andaman and Nicobar Education Infrastructure Infra Development Phase-1,Education Infrastructure,Ministry of Education,NHPC,Shapoorji Pallonji Infra,Andaman and Nicobar,917.28,1434.69,56.41,True,2018-02-13,24,59,2020-02-03,2022-12-19,35,True,78.5,7.6,108.42,11.8,10,8,Rehabilitation & resettlement issues,Delayed,71.2,High
PRJ01980,Andaman and Nicobar Water Supply & Sanitation Infra Development Phase-2,Water Supply & Sanitation,Ministry of Jal Shakti,ONGC,Larsen & Toubro Infra,Andaman and Nicobar,1032.96,935.99,0.0,False,2019-07-02,48,48,2023-06-11,2023-06-11,0,False,94.2,93.5,874.8,84.7,10,9,None,On Track,0.0,Low
PRJ01981,Lakshadweep Postal Infrastructure Infra Development Phase-1,Postal Infrastructure,Ministry of Communications,SAIL,Dilip Buildcon Ltd,Lakshadweep,1021.55,1284.12,25.7,True,2018-04-14,48,70,2022-03-24,2024-01-13,22,True,83.9,41.8,536.3,52.5,6,5,Change in project scope; Law and order problems,Delayed,41.6,Medium
